MasterFile,Mode,Disadvantaged_Com_ID,CollisionDate,CollisionTime,ParkingLotIndicator,IntersectionWith_Indicator_,Milepoint,NumberInjured,NumberKilled,ofUnits,ofMotorVeh,Hit_RunIndicator,OneWayIndicator,InCityLimitsIndicator,Latitude,Longitude,MannerofCollisionCode,TotalLanes,RoadwayCharacterCode,RoadwaySurfaceCode,RoadwayConditionCode,WeatherCode,LightConditionCode,FirstAidSceneIndicator,TimeNotified,TimeArrived,MedianCros,YR,KABCO,Motorcyclist,Commercial Vehicle,Young Driver,Mature Driver,Pedestrian,Bicyclist,Distracted,Aggressive,Impaired,Unrestrained,Roadway Departure,Median Cross-over
72355727,Motor Vehicle,DAC,20190520,1249,N,Y,4.297,0,0,2,2,N,N,Y,37.62964,-84.77481,1,2,6,1,1,2,2,N,1249,1253,N,2019,O,0,0,0,1,0,0,0,0,0,0,0,0
72356176,Motorcyclist,Non DAC,20190522,1420,N,Y,1.224,0,0,2,2,N,N,Y,37.6212,-84.79411,8,6,4,1,1,2,2,N,1420,1430,N,2019,O,1,0,0,1,0,0,1,1,0,0,0,0
72356179,Motor Vehicle,Non DAC,20190513,2319,N,N,0.079,0,0,2,2,N,N,Y,37.66918,-84.77641,5,2,4,1,1,3,5,N,2321,2332,N,2019,O,0,0,1,0,0,0,1,0,0,0,0,0
72356338,Motor Vehicle,DAC,20190522,1637,N,Y,0.011,0,0,2,2,N,N,Y,37.61767,-84.77426,8,7,6,1,1,2,2,N,1639,1648,N,2019,O,0,1,0,0,0,0,1,1,0,0,0,0
72356433,Motor Vehicle,DAC,20190523,445,N,N,4.66,0,0,1,1,N,N,Y,37.6349,-84.77505,9,2,4,1,1,2,5,N,445,448,N,2019,O,0,0,0,0,0,0,0,0,0,0,0,0
72357075,Motor Vehicle,Non DAC,20190524,1042,N,Y,3.746,1,0,2,2,N,N,Y,37.65551,-84.79927,1,5,6,1,1,2,2,Y,1042,1043,N,2019,C,0,0,1,1,0,0,1,1,0,0,0,0
72359661,Motor Vehicle,DAC,20190529,1437,N,N,4.723,0,0,2,2,N,Y,Y,37.63586,-84.775,5,2,4,1,5,6,2,N,1438,1441,N,2019,O,0,0,1,0,0,0,0,0,0,0,0,0
72360004,Motor Vehicle,DAC,20190530,1555,N,N,3.405,0,0,2,2,N,N,Y,37.61688,-84.77444,5,2,6,1,5,6,2,N,1555,1600,N,2019,O,0,0,0,0,0,0,1,0,0,0,0,0
72360263,Motor Vehicle,DAC,20190531,1100,N,Y,0.219,0,0,2,2,N,N,Y,37.64893,-84.77216,5,2,6,1,1,2,2,N,1100,1106,N,2019,O,0,0,1,0,0,0,1,0,0,0,0,0
72360500,Motor Vehicle,DAC,20190531,558,N,N,0.04,1,0,1,1,N,N,Y,37.62738,-84.76331,9,1,4,1,1,2,1,Y,558,604,N,2019,C,0,0,0,0,0,0,0,0,0,0,1,0
72360695,Motor Vehicle,DAC,20190531,726,N,Y,3.375,0,0,2,2,N,N,Y,37.61644,-84.77442,8,2,6,1,1,2,2,N,726,733,N,2019,O,0,0,0,0,0,0,1,1,0,0,0,0
72361222,Motor Vehicle,DAC,20190528,1629,N,Y,6.778,2,0,8,8,N,N,Y,37.65795,-84.78355,1,2,6,1,1,2,2,Y,1629,1632,N,2019,B,0,0,0,0,0,0,0,0,0,1,0,0
72361341,Motor Vehicle,Non DAC,20190603,920,N,Y,13.274,0,0,2,2,N,N,Y,37.64573,-84.78651,6,2,2,1,1,2,2,N,922,925,N,2019,O,0,0,0,0,0,0,1,0,0,0,0,0
72361644,Motor Vehicle,DAC,20190603,1714,N,Y,5.248,0,0,2,2,N,N,Y,37.64377,-84.77427,1,2,6,1,1,2,2,N,1714,1715,N,2019,O,0,0,0,0,0,0,1,0,0,0,0,0
72362155,Motor Vehicle,DAC,20190604,1724,N,Y,0.785,0,0,2,2,N,N,Y,37.62092,-84.75309,5,2,6,1,1,2,2,N,1729,1735,N,2019,O,0,0,0,0,0,0,1,0,0,0,0,0
72362528,Motor Vehicle,DAC,20190605,1712,N,N,13.648,0,0,2,2,N,N,Y,37.64574,-84.76657,2,2,4,1,1,3,2,N,1712,1713,N,2019,O,0,0,0,0,0,0,1,0,0,0,0,0
72363189,Motor Vehicle,Non DAC,20190607,500,N,Y,2.648,0,0,1,1,N,N,Y,37.64066,-84.80265,9,4,4,1,5,6,6,N,503,509,N,2019,O,0,0,0,0,0,0,0,0,0,0,0,0
72363284,Motor Vehicle,DAC,20190607,917,N,N,3.254,0,0,2,2,N,N,Y,37.61467,-84.77447,8,2,6,1,5,6,2,N,918,924,N,2019,O,0,0,0,1,0,0,1,1,0,0,1,0
72363434,Motor Vehicle,Non DAC,20190607,1135,N,Y,1.241,0,0,3,3,N,N,Y,37.6212,-84.79427,5,4,6,1,5,6,2,N,1126,1135,N,2019,O,0,0,0,0,0,0,0,0,0,0,0,0
72363697,Motor Vehicle,DAC,20190607,2032,N,N,0.035,0,0,2,2,N,N,Y,37.61757,-84.7751,5,6,6,1,5,3,3,N,2032,2041,N,2019,O,0,0,0,0,0,0,1,1,0,0,0,0
72363954,Motor Vehicle,DAC,20190607,1230,N,Y,3.397,0,0,2,2,N,N,Y,37.61676,-84.77443,5,2,6,1,5,6,2,N,1230,1239,N,2019,O,0,0,0,0,0,0,1,0,0,0,0,0
72364186,Motor Vehicle,DAC,20190608,2330,N,N,0.33,0,0,2,2,N,N,Y,37.62355,-84.76284,2,1,6,1,5,2,6,N,2345,2353,N,2019,O,0,0,0,0,0,0,1,0,0,0,0,0
72364342,Motor Vehicle,DAC,20190605,1351,N,Y,5.211,0,0,2,2,Y,Y,Y,37.64286,-84.77275,1,2,6,1,1,2,2,N,1354,1359,N,2019,O,0,0,0,1,0,0,1,0,0,0,0,0
72364362,Motor Vehicle,Non DAC,20190605,2226,N,Y,3.442,0,0,1,1,N,N,Y,37.65209,-84.80267,9,2,6,1,5,3,6,N,2226,2228,N,2019,O,0,0,0,0,0,0,0,0,0,0,0,0
72364728,Motor Vehicle,Non DAC,20190607,1638,N,N,12.193,0,0,1,1,N,N,Y,37.64851,-84.80544,9,2,6,1,5,6,2,N,1638,1641,N,2019,O,0,0,0,0,0,0,1,1,0,0,1,0
72364836,Motor Vehicle,DAC,20190609,1756,N,Y,5.522,0,0,2,2,N,N,Y,37.64593,-84.77401,1,4,6,1,1,2,2,N,1756,1800,N,2019,O,0,0,1,1,0,0,1,1,0,0,0,0
72365020,Motor Vehicle,DAC,20190610,1808,N,Y,5.242,0,0,2,2,N,N,Y,37.64433,-84.77259,5,2,3,1,1,2,2,N,1809,1815,N,2019,O,0,0,0,0,0,0,1,1,0,0,0,0
72365276,Motor Vehicle,Non DAC,20190611,1211,N,Y,0,0,0,2,2,N,N,Y,37.66891,-84.77472,1,2,4,1,1,2,2,N,1211,1233,N,2019,O,0,0,1,0,0,0,1,0,0,0,0,0
72365671,Motor Vehicle,DAC,20190606,1345,N,Y,5.124,0,0,2,2,N,Y,Y,37.64196,-84.77444,1,2,4,1,1,3,2,N,1350,1406,N,2019,O,0,0,0,0,0,0,1,1,0,0,0,0
72365676,Motor Vehicle,DAC,20190611,1540,N,Y,0.622,2,0,2,2,N,N,Y,37.61992,-84.76335,4,4,6,1,1,2,2,N,1540,1545,N,2019,B,0,0,0,0,0,0,1,1,0,0,0,0
72365730,Motor Vehicle,DAC,20190612,1120,N,Y,13.599,0,0,2,2,N,N,Y,37.64571,-84.77084,1,4,6,1,1,2,2,N,1120,1122,N,2019,O,0,0,0,0,0,0,1,1,0,0,0,0
72365776,Motor Vehicle,DAC,20190612,1339,N,Y,5.062,0,0,2,2,N,Y,Y,37.64187,-84.77434,8,2,6,1,1,3,2,N,1340,1346,N,2019,O,0,0,0,1,0,0,1,0,0,0,0,0
72365788,Motor Vehicle,Non DAC,20190612,1253,N,Y,1.497,0,0,2,2,N,N,Y,37.6667,-84.76789,5,2,6,1,1,2,2,N,1216,1221,N,2019,O,0,0,1,0,0,0,1,1,0,0,0,0
72366493,Motor Vehicle,Non DAC,20190613,2354,N,Y,2.55,1,0,1,1,N,N,Y,37.63921,-84.80211,9,4,4,1,1,2,6,Y,2354,5,N,2019,C,0,0,0,1,0,0,0,0,0,0,0,0
72366796,Motor Vehicle,DAC,20190614,1710,N,Y,5.196,0,0,2,2,N,Y,Y,37.6429,-84.77432,8,2,6,1,1,2,2,N,1710,1714,N,2019,O,0,0,0,0,0,0,1,1,0,0,0,0
72366931,Motor Vehicle,Non DAC,20190614,2109,N,N,8.217,0,0,2,2,N,N,Y,37.67726,-84.7911,5,2,6,1,1,2,3,N,2113,2117,N,2019,O,0,0,0,0,0,0,1,0,1,0,0,0
72366938,Motor Vehicle,DAC,20190614,630,N,Y,3.909,0,0,1,1,N,N,Y,37.62439,-84.77467,9,2,6,2,1,2,2,N,630,635,N,2019,O,0,0,0,0,0,0,0,0,1,0,0,0
72367216,Motor Vehicle,DAC,20190615,1531,N,Y,0.068,0,0,2,2,N,N,Y,37.61713,-84.77494,5,1,3,1,1,2,2,N,1531,1538,N,2019,O,0,0,0,0,0,0,1,1,0,0,0,0
72367513,Motor Vehicle,DAC,20190615,1621,N,N,0.587,0,0,2,2,N,N,Y,37.61659,-84.78658,1,4,6,1,1,2,2,N,1621,1630,N,2019,O,0,0,0,0,0,0,0,0,0,0,0,0
72367633,Motor Vehicle,Non DAC,20190616,2311,N,N,7.353,1,0,1,1,N,N,N,37.6662,-84.78467,9,2,1,1,5,3,6,Y,2311,2315,N,2019,C,0,0,0,0,0,0,0,0,1,1,1,0
72367786,Motor Vehicle,DAC,20190616,1116,N,Y,5.249,0,0,2,2,N,Y,Y,37.64376,-84.77424,1,2,4,1,1,3,2,Y,1117,1119,N,2019,O,0,1,0,0,0,0,1,0,0,0,0,0
72367992,Motor Vehicle,DAC,20190617,1626,N,Y,4.577,0,0,1,1,N,N,Y,37.63369,-84.77508,9,2,6,1,1,2,2,N,1626,1632,N,2019,O,0,0,0,0,0,0,0,0,0,0,0,0
72368179,Motor Vehicle,DAC,20190618,811,N,N,0.141,0,0,1,1,Y,N,Y,37.64143,-84.77704,9,2,6,1,0,0,9,N,811,813,N,2019,O,0,0,0,0,0,0,1,0,0,0,1,0
72368407,Motor Vehicle,DAC,20190618,1603,N,Y,3.516,0,0,2,2,N,N,Y,37.61849,-84.77456,1,6,6,1,1,3,2,N,1603,1613,N,2019,O,0,0,0,1,0,0,1,1,0,0,0,0
72368678,Motor Vehicle,DAC,20190614,0,N,N,4.374,0,0,2,2,N,N,Y,37.63079,-84.77481,5,2,6,1,1,2,2,N,1300,1304,N,2019,O,0,0,0,0,0,0,1,0,0,0,0,0
72368679,Motor Vehicle,DAC,20190617,1600,N,Y,4.942,2,0,2,2,N,N,Y,37.6387,-84.77315,1,2,6,1,1,3,2,Y,1600,1603,N,2019,C,0,0,1,0,0,0,1,1,0,0,0,0
72369372,Motor Vehicle,DAC,20190620,1645,N,N,0.571,0,0,1,1,N,N,Y,37.64928,-84.77637,9,2,4,1,1,2,2,Y,1645,1700,N,2019,O,0,0,0,0,0,0,0,0,0,1,1,0
72369636,Motor Vehicle,DAC,20190620,1358,N,Y,0.076,3,0,2,2,N,N,Y,37.64187,-84.78242,3,2,6,1,1,3,2,Y,1357,1400,N,2019,A,0,0,0,0,0,0,1,0,1,0,0,0
72369637,Motor Vehicle,Non DAC,20190620,1159,N,N,0.285,0,0,2,2,Y,N,Y,37.66097,-84.79558,1,0,6,1,1,2,2,N,1139,1142,N,2019,O,0,0,0,1,0,0,1,0,0,0,0,0
72369707,Motor Vehicle,DAC,20190619,1153,N,Y,3.264,0,0,2,2,N,N,Y,37.61478,-84.77456,5,4,6,1,1,3,2,N,1153,1158,N,2019,O,0,0,1,0,0,0,1,0,0,0,0,0
72369708,Motor Vehicle,DAC,20190620,1029,N,Y,0.662,0,0,2,2,N,N,Y,37.63613,-84.77163,5,2,6,2,5,6,2,N,1029,1031,N,2019,O,0,0,0,0,0,0,1,0,0,0,0,0
72369709,Motor Vehicle,DAC,20190621,710,N,Y,0.002,0,0,2,2,N,N,Y,37.64591,-84.77407,1,4,6,1,1,2,2,N,711,712,N,2019,O,0,0,0,1,0,0,1,1,0,0,0,0
72369882,Motor Vehicle,Non DAC,20190620,1721,N,N,0.059,0,0,2,2,Y,N,Y,37.65283,-84.77814,8,0,0,1,1,2,2,N,1721,1725,N,2019,O,0,0,0,0,0,0,0,0,0,0,1,0
72370057,Motor Vehicle,Non DAC,20190619,1513,N,N,13.355,0,0,2,2,N,N,Y,37.64274,-84.78956,5,2,1,1,1,2,2,N,1513,1520,N,2019,O,0,0,0,1,0,0,1,0,0,0,0,0
72370174,Motor Vehicle,Non DAC,20190622,913,N,N,0.048,0,0,1,1,N,N,Y,37.65101,-84.77685,9,2,4,1,5,6,2,N,913,916,N,2019,O,0,0,0,0,0,0,0,0,0,0,1,0
72370385,Motor Vehicle,Non DAC,20190620,2309,N,Y,3.194,1,0,2,2,N,N,Y,37.64854,-84.80316,1,4,6,2,1,2,5,Y,2309,2311,N,2019,A,0,0,0,1,0,0,1,1,0,0,0,0
72371402,Motor Vehicle,DAC,20190621,1857,N,Y,0.403,0,0,2,2,N,N,Y,37.61696,-84.78171,1,2,6,1,1,2,2,N,1857,1903,N,2019,O,0,0,0,0,0,0,1,0,0,0,0,0
72371430,Motor Vehicle,DAC,20190625,1857,N,Y,0,0,0,2,2,N,N,Y,37.61643,-84.77442,5,2,6,1,1,2,2,N,1556,1603,N,2019,O,0,0,0,0,0,0,1,1,0,0,0,0
72372070,Motor Vehicle,Non DAC,20190627,902,N,Y,12.267,0,0,2,2,N,N,Y,37.62902,-84.79768,1,2,6,1,1,2,2,N,902,910,N,2019,O,0,0,0,0,0,0,1,1,0,0,0,0
72372382,Motor Vehicle,DAC,20190627,1539,N,Y,0.001,0,0,2,2,N,N,Y,37.63223,-84.75159,1,4,6,1,1,2,2,Y,1539,1544,N,2019,O,0,0,0,0,0,0,1,1,0,0,0,0
72372620,Motor Vehicle,DAC,20190628,1229,N,Y,4.159,0,0,2,2,N,N,Y,37.62765,-84.77475,3,2,6,1,1,2,2,N,1229,1233,N,2019,O,0,0,0,1,0,0,1,1,0,0,0,0
72372621,Motor Vehicle,Non DAC,20190628,844,N,N,13.198,0,0,2,2,N,N,Y,37.6407,-84.79107,8,2,2,1,1,2,2,N,844,848,N,2019,O,0,0,0,1,0,0,1,0,0,0,1,0
72372775,Motor Vehicle,DAC,20190628,1510,N,N,0.081,0,0,2,2,N,N,Y,37.61696,-84.7748,5,1,3,1,1,2,2,N,1515,1515,N,2019,O,0,0,0,0,0,0,1,0,0,0,0,0
72372895,Motor Vehicle,DAC,20190628,1916,N,Y,0.617,3,0,2,2,N,N,Y,37.61659,-84.78567,1,2,6,1,1,2,2,Y,1916,1921,N,2019,C,0,0,0,0,0,0,1,0,0,0,0,0
72373102,Motor Vehicle,DAC,20190628,1505,N,Y,4.333,0,0,2,2,N,N,Y,37.63016,-84.77481,5,2,6,1,1,2,2,N,1505,1505,N,2019,O,0,0,0,0,0,0,1,0,0,0,0,0
72373325,Motor Vehicle,DAC,20190629,2349,N,N,0.108,0,0,2,2,Y,N,Y,37.64869,-84.77878,2,2,3,1,1,2,7,N,2354,1,N,2019,O,0,0,1,0,0,0,1,0,0,0,0,0
72373513,Motor Vehicle,DAC,20190630,1622,N,N,4.2,0,0,2,2,N,N,Y,37.62823,-84.77474,5,2,6,1,1,2,2,N,1622,1622,N,2019,O,0,0,1,0,0,0,0,0,0,0,0,0
72374529,Motor Vehicle,DAC,20190701,1409,N,N,5.117,1,0,2,2,N,Y,Y,37.64181,-84.77444,8,2,4,1,1,2,2,Y,1409,1415,N,2019,C,0,0,0,0,0,0,1,1,0,0,1,0
72374569,Motor Vehicle,DAC,20190702,2013,N,Y,3.516,0,0,1,1,N,N,Y,37.6185,-84.77458,9,4,6,1,1,2,2,N,2013,2015,N,2019,O,0,0,0,0,0,0,0,0,0,0,0,0
72375087,Motor Vehicle,Non DAC,20190703,1626,N,N,0,0,0,2,2,N,N,Y,37.66425,-84.74361,5,3,6,1,5,3,2,N,1627,1632,N,2019,O,0,0,0,1,0,0,1,0,0,0,0,0
72375661,Motor Vehicle,Non DAC,20190704,2242,N,N,0.025,0,0,2,2,N,N,Y,37.65834,-84.76906,7,2,4,1,1,3,6,N,2244,2255,N,2019,O,0,0,0,0,0,0,1,0,0,0,0,0
72375675,Motor Vehicle,DAC,20190705,1351,N,N,4.361,0,0,2,2,N,N,Y,37.63114,-84.77489,1,2,4,1,1,2,2,N,1352,1352,N,2019,O,0,0,0,0,0,0,1,0,0,0,0,0
72375710,Motor Vehicle,DAC,20190705,1445,N,Y,4.209,0,0,2,2,N,N,Y,37.62836,-84.77477,8,3,6,1,1,2,2,N,1446,1452,N,2019,O,0,0,0,1,0,0,1,1,0,0,0,0
72375748,Motor Vehicle,DAC,20190704,1648,N,Y,0.008,0,0,2,2,N,N,Y,37.61747,-84.77753,5,2,6,1,1,2,2,N,1648,1654,N,2019,O,0,0,0,1,0,0,1,0,0,0,0,0
72375749,Motor Vehicle,DAC,20190705,1544,N,Y,0.078,0,0,2,2,N,N,Y,37.64509,-84.77883,1,2,6,1,1,2,2,N,1544,1546,N,2019,O,0,0,0,1,0,0,1,1,0,0,0,0
72375996,Motor Vehicle,DAC,20190706,907,N,N,0.361,0,0,2,2,N,N,Y,37.61856,-84.76813,8,2,6,1,1,2,2,N,908,919,N,2019,O,0,0,0,1,0,0,0,0,0,0,1,0
72376819,Motor Vehicle,Non DAC,20190708,1305,N,Y,3.744,0,0,2,2,N,N,Y,37.65552,-84.79927,1,5,6,2,1,2,2,N,1305,1307,N,2019,O,0,0,1,0,0,0,1,1,0,1,0,0
72376857,Motor Vehicle,Non DAC,20190707,1605,N,Y,1.801,0,0,2,2,N,N,Y,37.62899,-84.7976,1,4,6,1,1,2,2,N,1605,1610,N,2019,O,0,0,1,0,0,0,0,1,0,0,0,0
72376900,Motor Vehicle,DAC,20190708,1656,N,Y,3.445,0,0,2,2,N,N,Y,37.61745,-84.77438,1,2,6,1,1,2,2,N,1658,1658,N,2019,O,0,0,0,1,0,0,1,1,0,0,0,0
72376957,Motor Vehicle,Non DAC,20190708,1911,N,Y,2.298,0,0,2,2,N,N,Y,37.67735,-84.76406,8,1,6,1,1,2,2,N,1911,1920,N,2019,O,0,0,1,0,0,0,1,1,0,0,0,0
72377163,Motor Vehicle,DAC,20190709,1202,N,N,3.607,0,0,2,2,N,N,Y,37.61975,-84.77455,1,2,4,1,1,2,2,N,1203,1209,N,2019,O,0,0,0,1,0,0,1,1,0,0,0,0
72377242,Motor Vehicle,DAC,20190709,1052,N,Y,5.22,0,0,2,2,N,N,Y,37.64323,-84.7744,1,2,4,1,1,2,2,N,1052,1105,N,2019,O,0,0,0,1,0,0,1,1,0,0,0,0
72377680,Motor Vehicle,DAC,20190710,1210,N,N,5.285,0,0,2,2,N,Y,Y,37.64416,-84.77419,1,2,6,1,1,2,2,N,1210,1213,N,2019,O,0,0,0,0,0,0,1,1,0,0,0,0
72378022,Motor Vehicle,DAC,20190709,1047,N,Y,0.057,0,0,2,2,N,Y,Y,37.64668,-84.77237,8,2,6,1,1,2,2,N,1047,1053,N,2019,O,0,0,0,0,0,0,1,1,0,0,0,0
72378502,Motor Vehicle,DAC,20190711,2000,N,N,5.558,0,0,2,2,Y,N,Y,37.64597,-84.77465,7,2,6,1,1,2,9,N,950,950,N,2019,O,0,0,1,0,0,0,1,0,0,0,1,0
72378650,Motor Vehicle,DAC,20190703,1035,N,N,0.003,0,0,2,2,N,N,Y,37.62223,-84.77468,1,2,4,1,1,2,2,N,1035,1035,N,2019,O,0,0,0,0,0,0,0,1,0,1,0,0
72378660,Motor Vehicle,Non DAC,20190712,1545,N,N,12.49,1,0,1,1,N,N,Y,37.63074,-84.79453,9,2,3,1,1,2,2,Y,1548,1552,N,2019,B,0,0,0,0,0,0,0,0,0,0,0,0
72379352,Motor Vehicle,DAC,20190713,1707,N,Y,5.392,0,0,2,2,N,N,Y,37.64593,-84.77404,1,4,6,1,1,2,2,N,1704,1707,N,2019,O,0,0,0,0,0,0,1,1,0,0,0,0
72379461,Motor Vehicle,DAC,20190714,1749,N,Y,5.514,0,0,2,2,N,N,Y,37.64594,-84.7739,5,2,6,1,1,2,2,N,1749,1750,N,2019,O,0,0,0,1,0,0,1,0,0,0,0,0
72379662,Motor Vehicle,Non DAC,20190509,848,N,Y,15.529,0,0,2,2,N,N,Y,37.66437,-84.74297,5,2,6,1,1,2,2,N,853,906,N,2019,O,0,0,0,0,0,0,0,0,0,0,0,0
72379706,Motor Vehicle,DAC,20190714,1051,N,Y,5.523,0,0,2,2,N,N,Y,37.64593,-84.77403,1,6,6,1,1,2,2,N,1053,1054,N,2019,O,0,0,0,1,0,0,1,1,0,0,0,0
72380067,Motor Vehicle,DAC,20190714,854,N,Y,0.011,1,0,2,2,N,N,Y,37.61744,-84.77462,1,4,6,1,1,2,2,N,854,858,N,2019,C,0,0,0,0,0,0,0,1,0,0,0,0
72380209,Motor Vehicle,DAC,20190711,1159,N,Y,0.001,0,0,2,2,Y,N,Y,37.6197,-84.76323,1,0,6,1,1,2,2,N,1200,1207,N,2019,O,0,0,0,0,0,0,1,1,0,0,0,0
72381254,Motor Vehicle,DAC,20190717,1828,N,N,3.623,0,0,2,2,N,N,Y,37.61997,-84.7745,5,5,6,1,1,2,2,N,1829,1832,N,2019,O,0,0,0,0,0,0,1,1,0,0,0,0
72382086,Motor Vehicle,DAC,20190716,1122,N,Y,3.464,0,0,2,2,N,N,Y,37.61771,-84.77465,5,5,6,1,1,2,2,N,1122,1130,N,2019,O,0,0,0,1,0,0,1,0,0,0,0,0
72382348,Motor Vehicle,DAC,20190720,1458,N,N,5.164,0,0,1,1,N,Y,Y,37.64257,-84.77434,9,2,6,1,1,2,2,N,1458,1458,N,2019,O,0,0,1,0,0,0,0,0,0,0,1,0
72382554,Motor Vehicle,DAC,20190721,2224,N,Y,6.452,0,0,1,1,N,N,Y,37.65323,-84.78306,9,2,6,1,1,2,5,N,2240,2245,N,2019,O,0,1,0,1,0,0,0,0,0,0,0,0
72382716,Motor Vehicle,DAC,20190717,1200,N,Y,0.075,1,0,2,2,N,N,Y,37.64497,-84.77603,1,3,6,1,5,3,2,N,1202,1203,N,2019,B,0,0,1,1,0,0,1,1,0,0,0,0
72383226,Motor Vehicle,Non DAC,20190722,1137,N,Y,0.029,0,0,2,2,N,N,Y,37.66103,-84.79807,2,1,5,1,1,2,2,N,1137,1144,N,2019,O,0,0,0,1,0,0,1,0,0,0,0,0
72383640,Motor Vehicle,DAC,20190723,847,N,Y,15.1,6,0,2,2,N,N,Y,37.63223,-84.75161,3,4,6,1,1,2,2,Y,848,851,N,2019,A,0,0,0,1,0,0,1,1,0,0,0,0
72383641,Motor Vehicle,DAC,20190723,949,N,Y,0.085,0,0,2,2,N,N,Y,37.64061,-84.77297,5,2,4,1,1,2,2,N,951,956,N,2019,O,0,0,0,0,0,0,1,1,0,0,0,0
72383696,Motorcyclist,DAC,20190724,1026,N,N,13.617,0,0,2,2,Y,N,Y,37.64571,-84.77051,2,2,6,1,1,2,2,N,1026,1030,N,2019,O,1,0,0,0,0,0,1,0,0,0,0,0
72383722,Motor Vehicle,Non DAC,20190723,1522,N,Y,13.272,0,0,2,2,N,N,Y,37.64573,-84.78654,8,2,1,1,1,2,2,N,1522,1526,N,2019,O,0,0,0,0,0,0,0,1,0,0,0,0
72383812,Motor Vehicle,DAC,20190722,1509,N,Y,0.007,0,0,2,2,N,N,Y,37.64593,-84.7724,8,2,6,1,1,2,2,N,1511,1526,N,2019,O,0,0,0,0,0,0,1,0,0,0,0,0
72383913,Motor Vehicle,DAC,20190724,1635,N,Y,5.327,0,0,2,2,N,N,Y,37.64488,-84.77418,1,2,6,1,1,2,2,N,1635,1639,N,2019,O,0,0,1,1,0,0,1,1,0,0,0,0
72384079,Motor Vehicle,DAC,20190725,930,N,Y,5.52,0,0,2,2,N,N,Y,37.64593,-84.77398,8,2,6,1,1,2,2,N,930,935,N,2019,O,0,0,0,0,0,0,0,0,0,0,0,0
72384347,Motor Vehicle,DAC,20190725,1908,N,Y,5.398,0,0,2,2,N,N,Y,37.64589,-84.77242,1,4,6,1,1,2,2,N,1908,1911,N,2019,O,0,0,1,0,0,0,1,1,0,0,0,0
72384489,Motor Vehicle,Non DAC,20190726,700,N,Y,15.859,0,0,1,1,N,N,Y,37.66606,-84.73737,9,2,3,1,1,2,2,N,700,705,Y,2019,O,0,0,0,0,0,0,0,0,0,0,0,0
72384997,Motor Vehicle,DAC,20190725,1110,N,N,4.01,0,0,2,2,N,N,Y,37.62551,-84.77471,8,2,6,1,1,2,2,N,1110,1112,N,2019,O,0,0,1,0,0,0,0,1,0,0,1,0
72387333,Motor Vehicle,DAC,20190801,1230,N,N,13.565,0,0,2,2,N,N,Y,37.64577,-84.77143,5,4,6,1,1,2,2,N,1230,1235,N,2019,O,0,0,0,1,0,0,1,0,0,0,0,0
72387430,Motor Vehicle,DAC,20190801,1439,N,Y,5.196,0,0,2,2,N,Y,Y,37.64289,-84.77432,1,2,6,1,1,2,2,N,1439,1439,N,2019,O,0,0,0,0,0,0,0,0,0,0,0,0
72387588,Motor Vehicle,DAC,20190801,2135,N,N,0.105,0,0,2,2,N,N,Y,37.64868,-84.77874,2,2,1,1,1,2,7,N,2137,2140,N,2019,O,0,0,1,0,0,0,1,0,0,1,0,0
72387642,Motor Vehicle,Non DAC,20190801,2332,N,N,1.795,0,0,1,1,N,N,Y,37.67058,-84.76613,9,2,3,1,1,2,6,N,2334,2339,N,2019,O,0,0,0,0,0,0,0,0,0,0,1,0
72387881,Motor Vehicle,Non DAC,20190802,1444,N,N,0.283,0,0,2,2,N,N,Y,37.65021,-84.77666,6,2,6,1,1,2,2,N,1444,1456,N,2019,O,0,0,0,0,0,0,1,0,0,0,0,0
72388166,Motor Vehicle,DAC,20190802,1105,N,Y,0.149,0,0,2,2,N,N,Y,37.64355,-84.77104,1,2,6,1,1,2,2,N,1105,1108,N,2019,O,0,0,0,0,0,0,0,0,0,0,0,0
72388562,Motor Vehicle,DAC,20190801,1212,N,Y,3.459,0,0,2,2,N,N,Y,37.61765,-84.77464,5,4,6,1,1,2,2,N,1212,1213,N,2019,O,0,0,0,0,0,0,1,1,0,0,0,0
72388589,Motor Vehicle,DAC,20190803,1155,N,N,0.022,0,0,2,2,N,N,Y,37.61642,-84.77401,8,2,1,1,1,2,2,N,1155,1205,N,2019,O,0,0,0,1,0,0,1,1,0,0,1,0
72388909,Motor Vehicle,Non DAC,20190729,1137,N,N,0.062,0,0,2,2,Y,N,Y,37.64215,-84.76306,8,0,6,1,1,2,2,N,1152,1154,N,2019,O,0,0,0,0,0,0,1,0,0,0,0,0
72389223,Motor Vehicle,DAC,20190723,1050,N,Y,3.442,0,0,2,2,N,N,Y,37.61745,-84.77445,5,2,6,1,1,2,2,N,1049,1050,N,2019,O,0,0,1,0,0,0,1,0,0,0,0,0