MasterFile,Mode,Disadvantaged_Com_ID,CollisionDate,CollisionTime,ParkingLotIndicator,IntersectionWith_Indicator_,Milepoint,NumberInjured,NumberKilled,ofUnits,ofMotorVeh,Hit_RunIndicator,OneWayIndicator,InCityLimitsIndicator,Latitude,Longitude,MannerofCollisionCode,TotalLanes,RoadwayCharacterCode,RoadwaySurfaceCode,RoadwayConditionCode,WeatherCode,LightConditionCode,FirstAidSceneIndicator,TimeNotified,TimeArrived,MedianCros,YR,KABCO,Motorcyclist,Commercial Vehicle,Young Driver,Mature Driver,Pedestrian,Bicyclist,Distracted,Aggressive,Impaired,Unrestrained,Roadway Departure,Median Cross-over
72389514,Motor Vehicle,Non DAC,20190806,1311,N,Y,3.196,0,0,1,1,N,N,Y,37.64856,-84.80318,9,8,6,1,1,2,2,N,1311,1313,N,2019,O,0,0,0,0,0,0,0,0,0,0,0,0
72389768,Motor Vehicle,DAC,20190806,1659,N,N,0.017,0,0,2,2,Y,N,Y,37.61722,-84.78177,1,2,6,1,1,2,2,N,1659,1700,N,2019,O,0,0,0,0,0,0,1,1,0,0,0,0
72389769,Motor Vehicle,DAC,20190806,1707,N,N,3.374,0,0,2,2,N,N,Y,37.61644,-84.77457,5,5,6,1,1,2,2,N,1707,1707,N,2019,O,0,0,0,1,0,0,1,1,0,0,0,0
72389845,Motor Vehicle,DAC,20190806,625,N,Y,13.599,0,0,2,2,N,N,Y,37.64571,-84.77083,1,4,6,1,1,2,1,N,625,625,N,2019,O,0,0,0,0,0,0,1,0,0,0,0,0
72390005,Motor Vehicle,Non DAC,20190529,1302,N,N,10.583,0,0,1,1,N,N,N,37.61946,-84.82534,9,2,1,1,5,6,2,N,1305,1316,N,2019,O,0,0,0,0,0,0,0,0,0,0,1,0
72390049,Motor Vehicle,DAC,20190805,1521,N,N,3.437,0,0,2,2,N,N,Y,37.61753,-84.77449,8,6,6,1,1,2,2,N,1521,1525,N,2019,O,0,0,0,1,0,0,1,1,0,0,1,0
72390050,Motor Vehicle,DAC,20190806,1548,N,N,4.209,0,0,2,2,N,N,Y,37.62848,-84.77475,1,5,6,1,1,2,2,N,1551,1554,N,2019,O,0,0,0,0,0,0,1,1,0,0,0,0
72390862,Motor Vehicle,Non DAC,20190808,1549,N,Y,3.199,0,0,2,2,N,N,Y,37.6486,-84.8032,5,3,6,1,1,2,2,N,1555,1555,N,2019,O,0,0,1,0,0,0,1,0,0,0,0,0
72390892,Motor Vehicle,DAC,20190807,1241,N,N,5.579,0,0,2,2,N,N,Y,37.64603,-84.77504,2,2,6,1,1,2,2,N,1213,1214,N,2019,O,0,0,0,0,0,0,1,0,0,0,0,0
72391166,Motor Vehicle,DAC,20190809,1635,N,Y,0.077,1,0,2,2,N,N,Y,37.64886,-84.77052,1,2,6,1,1,2,2,Y,1635,1638,N,2019,B,0,0,0,0,0,0,0,0,0,0,0,0
72391446,Motor Vehicle,DAC,20190810,1340,N,N,0.118,0,0,2,2,N,N,Y,37.62736,-84.76488,2,2,4,1,1,2,2,N,1340,1346,N,2019,O,0,0,0,0,0,0,1,0,0,0,0,0
72392296,Motor Vehicle,DAC,20190812,553,N,N,13.294,0,0,2,2,N,N,Y,37.64578,-84.78614,3,2,6,1,1,2,1,N,555,555,N,2019,O,0,0,1,0,0,0,1,0,0,0,1,0
72392700,Motor Vehicle,Non DAC,20190813,1354,N,Y,0.312,0,0,1,1,N,N,Y,37.65214,-84.77761,9,2,5,1,1,3,2,N,1355,1357,N,2019,O,0,1,0,0,0,0,0,0,0,0,0,0
72392829,Motor Vehicle,DAC,20190813,1623,N,Y,0.672,0,0,2,2,N,N,Y,37.6173,-84.78956,5,2,1,1,1,2,2,N,1625,1628,N,2019,O,0,0,0,0,0,0,1,1,0,0,0,0
72393546,Motor Vehicle,DAC,20190815,1205,N,Y,0.022,0,0,2,2,N,N,Y,37.62004,-84.77463,1,5,4,1,1,2,2,N,1205,1210,N,2019,O,0,0,0,0,0,0,1,0,0,0,0,0
72393557,Motor Vehicle,DAC,20190815,1320,N,Y,4.942,0,0,2,2,N,N,Y,37.63872,-84.77314,1,2,6,1,1,2,2,N,1320,1325,N,2019,O,0,0,0,0,0,0,1,1,0,0,0,0
72393895,Motor Vehicle,DAC,20190816,550,N,N,3.462,0,0,2,2,N,N,Y,37.61768,-84.77465,5,6,6,1,1,2,5,N,550,555,N,2019,O,0,0,1,0,0,0,1,0,0,0,0,0
72393915,Motor Vehicle,Non DAC,20190814,1516,N,Y,3.744,1,0,2,2,N,N,Y,37.65549,-84.7993,1,2,6,1,1,2,2,Y,1516,1519,N,2019,B,0,0,0,1,0,0,1,0,0,0,0,0
72394269,Motor Vehicle,Non DAC,20190816,2000,N,N,15.843,2,0,2,2,N,N,Y,37.66598,-84.73764,3,2,1,1,1,2,2,Y,1938,1939,N,2019,C,0,0,0,0,0,0,1,0,0,0,1,0
72394305,Motor Vehicle,Non DAC,20190815,2318,N,Y,2.261,0,0,2,2,N,N,Y,37.67749,-84.76426,5,2,6,1,1,2,5,N,2319,2327,N,2019,O,0,0,0,0,0,0,1,1,0,0,0,0
72394595,Motor Vehicle,DAC,20190816,1536,N,Y,0.001,0,0,2,2,N,N,Y,37.64563,-84.76985,1,2,6,1,1,2,2,N,1539,1540,N,2019,O,0,0,0,1,0,0,0,1,0,0,0,0
72394950,Motor Vehicle,DAC,20190815,738,N,Y,13.909,0,0,2,2,N,N,Y,37.64432,-84.76654,5,2,6,1,1,2,2,N,721,726,N,2019,O,0,0,0,0,0,0,1,1,0,0,0,0
72395414,Motor Vehicle,Non DAC,20190819,1730,N,Y,12.206,0,0,2,2,N,N,Y,37.64848,-84.80518,4,2,6,1,1,2,2,N,1732,1735,N,2019,O,0,0,1,1,0,0,0,1,0,0,0,0
72395873,Pedestrian,DAC,20190820,1752,N,Y,5.523,0,0,2,1,N,N,Y,37.64594,-84.77403,9,2,6,1,1,3,3,Y,1752,1752,N,2019,O,0,0,0,0,1,0,0,0,0,0,0,0
72397557,Motor Vehicle,DAC,20190823,1056,N,Y,5.194,0,0,2,2,N,Y,Y,37.64289,-84.77439,8,2,6,1,1,2,2,N,1056,1108,N,2019,O,0,0,1,1,0,0,1,0,0,0,0,0
72397567,Motor Vehicle,DAC,20190824,1030,N,Y,0.027,0,0,2,2,N,N,Y,37.6174,-84.77502,5,3,6,1,1,2,2,N,1035,1040,N,2019,O,0,0,0,0,0,0,1,1,0,0,0,0
72397590,Motor Vehicle,Non DAC,20190823,1805,N,N,0.05,0,0,2,2,N,N,Y,37.65158,-84.76505,1,2,6,1,1,2,2,N,1805,1811,N,2019,O,0,0,0,0,0,0,1,0,0,0,0,0
72397596,Motor Vehicle,Non DAC,20190823,1531,N,Y,2.18,1,0,2,2,N,N,Y,37.67579,-84.76448,5,2,6,1,1,3,2,Y,1531,1534,N,2019,B,0,0,0,0,0,0,1,0,0,0,0,0
72397625,Motor Vehicle,Non DAC,20190822,816,N,Y,15.531,0,0,2,2,N,N,Y,37.6644,-84.74297,5,2,3,1,1,3,2,N,822,825,N,2019,O,0,0,1,0,0,0,0,0,0,0,0,0
72397745,Motor Vehicle,DAC,20190823,1643,N,Y,3.517,0,0,2,2,N,N,Y,37.61848,-84.77459,3,2,6,1,1,2,2,N,1643,1651,N,2019,O,0,0,0,1,0,0,0,1,0,0,0,0
72397911,Motor Vehicle,DAC,20190825,1135,N,Y,0.001,0,0,2,2,N,N,Y,37.62327,-84.77464,5,5,6,1,1,2,2,N,1135,1135,N,2019,O,0,0,0,0,0,0,1,0,0,0,0,0
72397925,Motor Vehicle,DAC,20190825,1000,N,Y,5.33,0,0,2,2,N,N,Y,37.64483,-84.77415,8,2,6,1,1,2,2,N,1000,1005,N,2019,O,0,0,0,0,0,0,1,0,0,0,0,0
72398389,Motor Vehicle,DAC,20190826,1108,N,Y,0.128,0,0,2,2,N,N,Y,37.6488,-84.76942,8,2,6,1,5,6,2,N,1108,1108,N,2019,O,0,0,0,0,0,0,1,0,0,0,0,0
72398399,Pedestrian,DAC,20190826,1132,N,Y,5.406,0,0,2,1,N,N,Y,37.64582,-84.77249,9,2,6,1,5,6,2,N,1133,1135,N,2019,O,0,0,0,0,1,0,1,1,0,0,0,0
72398542,Motor Vehicle,DAC,20190826,1558,N,N,0.034,0,0,2,2,N,N,Y,37.62813,-84.76731,6,2,6,1,5,6,2,N,1558,1609,N,2019,O,0,0,1,0,0,0,0,0,0,0,0,0
72398552,Motor Vehicle,Non DAC,20190826,1442,N,Y,1.69,0,0,2,2,N,N,Y,37.62749,-84.7969,5,4,6,1,5,6,2,N,1443,1444,N,2019,O,0,0,1,0,0,0,1,0,0,0,0,0
72398946,Motor Vehicle,DAC,20190826,1055,N,Y,4.672,0,0,2,2,N,N,Y,37.63508,-84.77502,8,2,4,1,5,6,2,N,1055,1059,N,2019,O,0,0,0,0,0,0,1,1,0,0,0,0
72399169,Motor Vehicle,DAC,20190826,1340,N,Y,0.048,0,0,2,2,N,N,Y,37.61805,-84.77761,1,2,6,1,5,6,2,N,1340,1348,N,2019,O,0,0,0,1,0,0,1,1,0,0,0,0
72399531,Motor Vehicle,DAC,20190828,1008,N,Y,5.166,0,0,2,2,N,Y,Y,37.64252,-84.77435,8,2,6,1,1,2,2,N,1009,1010,N,2019,O,0,0,0,1,0,0,1,1,0,0,0,0
72399590,Motor Vehicle,Non DAC,20190827,1307,N,Y,3.746,4,0,2,2,N,N,Y,37.6555,-84.79927,1,4,6,1,1,2,2,Y,1307,1312,N,2019,A,0,0,0,0,0,0,0,1,0,0,0,0
72400073,Motor Vehicle,DAC,20190829,1301,N,Y,4.227,0,0,2,2,N,N,Y,37.62863,-84.77482,5,2,6,1,1,2,2,N,1302,1307,N,2019,O,0,0,0,0,0,0,1,1,0,0,0,0
72400731,Motor Vehicle,DAC,20190830,1713,N,N,3.516,7,0,2,2,N,N,Y,37.6185,-84.77459,1,5,6,1,1,2,2,Y,1713,1716,N,2019,C,0,0,0,0,0,0,1,1,0,0,0,0
72400908,Motor Vehicle,DAC,20190830,1632,N,Y,5.78,2,0,3,3,N,N,Y,37.64623,-84.77871,5,2,6,1,1,2,2,Y,1636,1636,N,2019,B,0,0,0,0,0,0,1,0,0,0,0,0
72401280,Motor Vehicle,DAC,20190831,1753,N,N,0.13,0,0,2,2,N,N,Y,37.64146,-84.77684,2,2,6,1,1,2,2,N,1753,1757,N,2019,O,0,0,0,0,0,0,1,0,0,0,0,0
72401281,Motor Vehicle,DAC,20190831,1222,N,Y,5.978,0,0,2,2,N,N,Y,37.64636,-84.78232,4,2,6,1,1,2,2,N,1222,1226,N,2019,O,0,0,0,0,0,0,1,1,0,0,0,0
72401629,Motor Vehicle,Non DAC,20190902,1202,N,Y,12.267,0,0,2,2,N,N,Y,37.62903,-84.79761,1,6,6,1,1,2,2,N,1203,1206,N,2019,O,0,0,0,0,0,0,1,1,0,0,0,0
72401871,Motor Vehicle,DAC,20190902,1217,N,Y,3.653,2,0,2,2,N,N,Y,37.6204,-84.77458,5,2,6,1,1,2,2,Y,1217,1223,N,2019,C,0,0,1,0,0,0,0,0,0,0,0,0
72402257,Motor Vehicle,DAC,20190903,1703,N,N,5.834,0,0,2,2,N,N,Y,37.64629,-84.77969,5,2,6,1,1,2,2,N,1703,1707,N,2019,O,0,0,0,1,0,0,1,1,0,0,0,0
72403043,Motor Vehicle,DAC,20190905,1542,N,Y,0.091,0,0,2,2,N,N,Y,37.64697,-84.76812,8,2,6,1,1,2,2,N,1542,1547,N,2019,O,0,0,0,1,0,0,1,1,0,0,0,0
72403195,Motor Vehicle,DAC,20190903,1356,N,Y,5.194,0,0,2,2,N,Y,Y,37.64293,-84.77435,1,2,6,1,1,2,2,N,1356,1359,N,2019,O,0,0,0,0,0,0,1,1,0,0,0,0
72403220,Motor Vehicle,DAC,20190905,1858,N,Y,5.403,0,0,2,2,N,N,Y,37.64582,-84.77245,1,2,6,1,1,2,2,N,1858,1859,N,2019,O,0,0,0,0,0,0,0,1,0,0,0,0
72404572,Motor Vehicle,DAC,20190908,2123,N,N,5.303,0,0,1,1,N,Y,Y,37.6444,-84.77418,9,2,6,1,1,2,5,N,2123,2125,N,2019,O,0,0,0,0,0,0,1,0,1,0,1,0
72404842,Motor Vehicle,DAC,20190909,2211,N,Y,0.156,0,0,2,2,N,N,Y,37.61731,-84.77781,8,5,6,1,1,2,4,N,2211,2218,N,2019,O,0,0,0,0,0,0,0,0,0,0,0,0
72405051,Motor Vehicle,DAC,20190910,1308,N,Y,3.254,0,0,2,2,N,N,Y,37.61468,-84.77449,5,2,6,1,1,2,2,N,1304,1308,N,2019,O,0,0,0,0,0,0,1,0,0,0,0,0
72405437,Motor Vehicle,DAC,20190906,2147,N,N,0.527,0,0,2,2,Y,N,Y,37.63897,-84.76157,3,1,2,1,1,3,5,N,2151,2153,N,2019,O,0,0,0,1,0,0,1,0,0,0,1,0
72405438,Motor Vehicle,DAC,20190907,1314,N,N,5.053,0,0,2,2,N,Y,Y,37.64041,-84.77302,1,2,6,1,1,2,2,N,1315,1321,N,2019,O,0,0,0,0,0,0,1,1,0,0,0,0
72405585,Motor Vehicle,Non DAC,20190910,1004,N,Y,0.094,1,0,2,2,N,N,Y,37.65458,-84.80271,1,2,6,1,1,2,2,Y,1004,1006,N,2019,B,0,0,0,0,0,0,1,1,0,0,0,0
72406198,Motor Vehicle,DAC,20190912,657,N,Y,4.212,1,0,2,2,N,N,Y,37.62841,-84.77478,1,7,6,1,1,2,1,Y,658,701,N,2019,B,0,0,0,1,0,0,1,1,0,0,0,0
72406212,Motor Vehicle,DAC,20190912,1444,N,N,6.158,0,0,2,2,N,N,Y,37.64895,-84.78263,1,2,6,1,1,2,2,N,1446,1450,N,2019,O,0,0,0,1,0,0,1,0,0,0,0,0
72407586,Motor Vehicle,Non DAC,20190915,13,N,N,3.121,0,1,1,1,N,N,Y,37.64747,-84.80311,9,4,4,1,1,2,6,Y,14,15,Y,2019,K,0,0,0,0,0,0,0,1,1,1,1,0
72407715,Motor Vehicle,Non DAC,20190916,800,N,Y,1.8,0,0,2,2,N,N,Y,37.62891,-84.79783,5,4,6,1,1,2,2,N,800,801,N,2019,O,0,0,1,0,0,0,1,1,0,0,0,0
72408641,Motor Vehicle,DAC,20190918,130,N,Y,0.161,0,0,1,1,Y,N,Y,37.6219,-84.76388,9,1,6,1,1,2,6,N,832,841,N,2019,O,0,0,0,0,0,0,0,0,0,0,0,0
72408683,Motor Vehicle,DAC,20190918,1157,N,Y,5.125,0,0,2,2,N,N,Y,37.64191,-84.77439,1,2,4,1,1,2,2,N,1157,1159,N,2019,O,0,0,0,0,0,0,1,1,0,0,0,0
72409386,Motor Vehicle,DAC,20190919,1742,N,N,5.657,0,0,2,2,N,N,Y,37.64608,-84.77647,5,2,6,1,1,2,2,N,1742,1742,N,2019,O,0,0,0,1,0,0,1,0,0,0,0,0
72409812,Motor Vehicle,Non DAC,20190919,1747,N,Y,16.001,0,0,2,2,N,N,Y,37.66628,-84.73481,6,2,3,1,1,2,2,N,1747,1752,N,2019,O,0,0,1,0,0,0,1,0,0,0,0,0
72410176,Motor Vehicle,DAC,20190921,1159,N,Y,0.016,0,0,2,2,N,N,Y,37.61723,-84.78178,1,3,6,1,1,2,2,N,1201,1203,N,2019,O,0,0,1,1,0,0,1,0,0,0,0,0
72410177,Motor Vehicle,Non DAC,20190921,1519,N,N,0.088,0,0,2,2,N,N,Y,37.66377,-84.76929,2,1,6,1,1,2,2,N,1521,1527,N,2019,O,0,0,0,1,0,0,1,0,0,0,0,0
72410705,Motor Vehicle,DAC,20190922,1730,N,Y,0.005,0,0,2,2,N,N,Y,37.61766,-84.77438,5,4,6,1,1,2,2,N,1730,1735,N,2019,O,0,0,1,0,0,0,1,0,0,0,0,0
72410706,Motor Vehicle,DAC,20190922,1859,N,Y,0.401,0,0,2,2,N,N,Y,37.61697,-84.78174,5,4,6,1,1,2,2,N,1859,1906,N,2019,O,0,0,0,1,0,0,1,0,0,0,0,0
72411000,Motor Vehicle,DAC,20190923,1400,N,Y,0.004,0,0,2,2,N,N,Y,37.61468,-84.7744,5,3,4,1,1,2,2,N,1600,1618,N,2019,O,0,0,0,0,0,0,1,0,0,0,0,0
72411182,Motor Vehicle,DAC,20190923,2142,N,Y,0,0,0,1,1,Y,N,Y,37.64895,-84.77216,9,2,6,1,1,2,5,N,2142,2144,N,2019,O,0,0,0,0,0,0,0,1,0,0,0,0
72411686,Motor Vehicle,DAC,20190925,731,N,Y,0.002,0,0,2,2,N,N,Y,37.61768,-84.77444,5,4,6,1,1,2,2,N,733,739,N,2019,O,0,0,0,0,0,0,1,0,0,0,0,0
72412283,Motor Vehicle,DAC,20190925,1612,N,Y,3.464,0,0,2,2,N,N,Y,37.61772,-84.77463,5,2,6,1,1,2,2,N,1613,1615,N,2019,O,0,0,0,0,0,0,1,0,0,0,0,0
72412484,Motor Vehicle,DAC,20190925,1816,N,Y,0.024,0,0,2,2,N,N,Y,37.64135,-84.7749,2,2,6,1,1,2,2,N,1816,1824,N,2019,O,0,0,0,1,0,0,1,0,0,0,0,0
72412874,Motor Vehicle,Non DAC,20190926,921,N,Y,1.208,1,0,2,2,N,N,Y,37.62168,-84.79406,5,2,6,1,1,2,2,Y,921,930,N,2019,B,0,0,0,1,0,0,1,0,0,0,0,0
72413297,Motor Vehicle,DAC,20190927,1705,N,Y,3.465,1,0,2,2,N,N,Y,37.61751,-84.77455,1,2,6,1,1,2,2,Y,1705,1711,N,2019,C,0,0,0,0,0,0,1,1,0,0,0,0
72413380,Motor Vehicle,DAC,20190918,1839,N,N,5.657,0,0,2,2,N,N,Y,37.6461,-84.77646,4,2,6,1,1,2,2,N,1839,1842,N,2019,O,0,0,1,0,0,0,0,1,0,0,0,0
72413644,Motor Vehicle,DAC,20190929,1509,N,Y,0.021,0,0,2,2,N,N,Y,37.61761,-84.77483,8,4,6,1,1,3,2,N,1511,1514,N,2019,O,0,0,0,0,0,0,1,0,0,0,0,0
72413766,Motor Vehicle,Non DAC,20190929,1407,N,Y,0.112,0,0,2,2,N,N,Y,37.6477,-84.7485,1,2,6,1,1,2,2,N,1407,1415,N,2019,O,0,0,0,1,0,0,1,0,0,0,0,0
72414334,Motor Vehicle,DAC,20190930,1451,N,N,0.077,0,0,2,2,N,N,Y,37.64456,-84.77094,8,2,6,1,1,2,2,N,1451,1451,N,2019,O,0,0,0,0,0,0,1,1,0,0,1,0
72414576,Motor Vehicle,DAC,20191001,1412,N,Y,3.439,0,0,2,2,N,N,Y,37.61747,-84.7744,1,7,6,1,1,2,2,N,1413,1414,N,2019,O,0,0,0,1,0,0,1,1,0,0,0,0
72414577,Motor Vehicle,DAC,20191001,1338,N,Y,4.664,0,0,2,2,Y,N,Y,37.63496,-84.77506,1,2,4,1,1,2,2,N,1341,1341,N,2019,O,0,0,0,0,0,0,1,1,0,0,0,0
72414678,Motor Vehicle,Non DAC,20191001,1646,N,Y,3.567,0,0,2,2,N,N,Y,37.65377,-84.80161,1,4,6,1,1,2,2,N,1646,1652,N,2019,O,0,0,0,1,0,0,1,1,0,0,0,0
72415191,Motor Vehicle,DAC,20191002,1027,N,N,0.087,0,0,2,2,Y,N,Y,37.61643,-84.77284,1,2,5,1,1,2,2,N,1801,1901,N,2019,O,0,0,0,0,0,0,0,1,0,0,1,0
72415660,Motor Vehicle,DAC,20191003,1751,N,Y,3.515,0,0,2,2,N,N,Y,37.61845,-84.77462,2,2,6,1,1,2,2,N,1751,1756,N,2019,O,0,0,0,0,0,0,1,0,0,0,0,0
72415676,Motor Vehicle,DAC,20191003,1908,N,N,4.014,1,0,2,2,N,N,Y,37.62557,-84.77471,1,2,6,1,1,2,2,Y,1908,1909,N,2019,B,0,0,1,0,0,0,1,1,0,0,0,0
72415695,Motor Vehicle,DAC,20191003,1526,N,Y,0.101,0,0,2,2,N,N,Y,37.61524,-84.77159,2,2,6,1,1,2,2,N,1526,1536,N,2019,O,0,0,0,0,0,0,1,0,0,0,0,0
72416258,Motor Vehicle,DAC,20191003,2216,N,Y,3.457,0,0,2,2,N,N,Y,37.61762,-84.77445,4,2,6,1,1,2,5,N,2216,2217,N,2019,O,0,0,0,0,0,0,1,1,0,0,0,0
72416400,Motor Vehicle,DAC,20191004,1800,N,N,3.621,0,0,2,2,N,N,Y,37.61995,-84.77459,1,4,6,1,1,2,2,N,1803,1810,N,2019,O,0,0,0,0,0,0,1,1,0,0,0,0
72416885,Motor Vehicle,DAC,20191006,1251,N,Y,0.204,0,0,2,2,N,N,Y,37.61675,-84.77077,1,1,5,1,5,6,2,N,1252,1257,N,2019,O,0,0,1,1,0,0,1,1,0,0,0,0
72416901,Motorcyclist,Non DAC,20191006,1522,N,Y,1.446,1,0,1,1,N,N,Y,37.67721,-84.76452,9,2,3,1,5,6,2,Y,1523,1526,N,2019,B,1,0,0,0,0,0,0,0,0,0,0,0
72417299,Motor Vehicle,Non DAC,20191007,955,N,Y,3.188,0,0,2,2,N,N,Y,37.6485,-84.80283,5,6,6,1,5,6,2,N,955,1000,N,2019,O,0,1,0,0,0,0,1,0,0,0,0,0
72417485,Motor Vehicle,Non DAC,20191007,714,N,Y,8.212,0,0,2,2,N,N,Y,37.67723,-84.79109,5,5,6,1,5,6,1,N,716,722,N,2019,O,0,0,0,0,0,0,1,1,0,0,0,0
72417486,Motor Vehicle,DAC,20191006,1302,N,N,0.089,0,0,2,2,N,N,Y,37.61748,-84.77608,5,4,6,1,5,6,2,N,1310,1310,N,2019,O,0,0,0,1,0,0,1,1,0,0,0,0
72417618,Motor Vehicle,DAC,20191007,2010,N,N,0.091,0,0,2,2,N,N,Y,37.64885,-84.77023,8,2,6,1,1,3,5,N,2010,2010,N,2019,O,0,0,0,0,0,0,1,0,0,0,1,0
72417700,Motor Vehicle,Non DAC,20191008,208,N,N,0.917,0,0,1,1,N,N,Y,37.65906,-84.76995,9,2,1,1,1,2,6,N,208,220,N,2019,O,0,0,0,0,0,0,0,0,0,0,0,0
72417721,Motor Vehicle,DAC,20191007,2315,N,Y,0.018,0,0,2,2,Y,N,Y,37.61771,-84.77452,1,5,6,1,1,2,5,N,2116,2319,N,2019,O,0,0,1,0,0,0,1,1,0,0,0,0
72417769,Motor Vehicle,Non DAC,20191008,800,N,Y,4.165,0,0,2,2,N,N,Y,37.65954,-84.79361,1,4,3,1,1,4,2,N,805,810,N,2019,O,0,0,0,1,0,0,0,1,0,0,0,0
72417921,Motor Vehicle,Non DAC,20191008,1101,N,N,0.189,0,0,1,1,N,N,Y,37.65487,-84.77329,9,2,6,1,1,2,2,N,1101,1106,N,2019,O,0,0,0,1,0,0,0,0,0,0,0,0
72418439,Motor Vehicle,Non DAC,20191009,1532,N,N,1.355,0,0,2,2,N,N,Y,37.66473,-84.76788,5,2,1,1,1,3,2,N,1528,1535,N,2019,O,0,0,0,0,0,0,1,1,0,0,0,0
72418796,Motor Vehicle,Non DAC,20191010,1303,N,N,0.189,0,0,2,2,N,N,Y,37.65359,-84.7648,2,2,6,1,1,2,2,N,1315,1332,N,2019,O,0,0,0,0,0,0,1,0,0,0,0,0
72418852,Motor Vehicle,DAC,20191010,756,N,Y,14.718,0,0,2,2,N,N,Y,37.63599,-84.75644,1,2,5,1,1,2,2,N,758,806,N,2019,O,0,0,1,0,0,0,1,1,0,0,0,0
72419143,Motor Vehicle,DAC,20191010,803,N,N,5.577,0,0,2,2,Y,N,Y,37.64598,-84.77499,5,3,5,1,1,2,2,N,803,806,N,2019,O,0,0,0,0,0,0,0,0,0,0,0,0
72419249,Motor Vehicle,DAC,20191009,1118,N,N,6.36,1,0,1,1,N,N,Y,37.65189,-84.78292,9,2,6,1,1,2,2,Y,1118,1120,N,2019,B,0,0,0,0,0,0,0,0,1,0,1,0
72419631,Motor Vehicle,Non DAC,20191011,645,N,N,1.345,0,0,2,2,N,N,Y,37.62282,-84.79483,1,5,6,1,1,2,6,N,646,649,N,2019,O,0,0,0,0,0,0,1,1,0,0,0,0
72420088,Motor Vehicle,DAC,20191012,1307,N,Y,3.441,0,0,2,2,N,N,Y,37.61744,-84.77446,5,4,6,1,1,2,2,N,1308,1315,N,2019,O,0,0,1,0,0,0,1,1,0,0,0,0
72420191,Motor Vehicle,Non DAC,20191012,2039,N,N,15.491,0,0,1,1,N,N,Y,37.62855,-84.7461,9,2,3,1,1,2,6,N,2039,2044,N,2019,O,0,0,1,0,0,0,1,0,0,0,1,0
72420509,Motor Vehicle,DAC,20191012,1910,N,N,0.164,0,0,1,1,N,N,Y,37.62259,-84.77069,9,2,6,1,1,2,3,N,1912,1929,N,2019,O,0,0,1,0,0,0,1,0,0,0,1,0
72421427,Motor Vehicle,Non DAC,20191015,801,N,Y,7.242,0,0,2,2,N,N,Y,37.66467,-84.78427,8,2,6,1,1,2,1,N,804,808,N,2019,O,0,0,1,0,0,0,1,1,0,0,0,0
72421482,Motor Vehicle,DAC,20191015,1225,N,N,5.586,0,0,2,2,N,N,Y,37.646,-84.77516,5,2,6,1,1,2,2,N,1225,1227,N,2019,O,0,0,0,0,0,0,1,0,0,0,0,0
72421749,Motor Vehicle,Non DAC,20191016,1503,N,N,1.401,0,0,2,2,N,N,Y,37.62356,-84.79539,5,2,6,1,1,3,2,N,1504,1512,N,2019,O,0,0,0,0,0,0,1,1,0,0,0,0
72422037,Motor Vehicle,Non DAC,20191014,1526,N,Y,1.064,0,0,2,2,N,N,Y,37.66075,-84.76851,5,2,6,1,1,2,2,N,1525,1534,N,2019,O,0,0,0,0,0,0,1,0,0,0,0,0
72422179,Motor Vehicle,DAC,20191017,1250,N,N,3.471,0,0,2,2,N,N,Y,37.61782,-84.77465,8,6,6,1,1,2,2,N,1250,1258,N,2019,O,0,0,0,1,0,0,1,1,0,0,1,0
72422225,Motor Vehicle,Non DAC,20191017,1700,N,Y,8.213,0,0,2,2,N,N,Y,37.67724,-84.79087,1,2,6,1,1,2,2,N,1700,1701,N,2019,O,0,0,0,0,0,0,1,0,0,0,0,0
72422675,Motor Vehicle,DAC,20191017,1501,N,Y,0.027,0,0,2,2,N,N,Y,37.63186,-84.75182,3,2,1,1,1,2,2,N,1501,1508,N,2019,O,0,0,0,0,0,0,0,0,0,0,0,0
72422858,Motor Vehicle,Non DAC,20191018,1724,N,N,0.41,0,0,2,2,N,N,Y,37.65181,-84.77191,5,2,6,1,1,2,2,N,1724,1727,N,2019,O,0,0,0,0,0,0,1,0,0,0,0,0
72423042,Motor Vehicle,DAC,20191018,1350,N,Y,4.913,0,0,2,2,N,Y,Y,37.63882,-84.77469,8,2,4,1,1,2,2,N,1350,1352,N,2019,O,0,0,0,1,0,0,1,1,0,0,0,0
72423084,Motor Vehicle,DAC,20191019,1224,N,Y,0.174,1,0,1,1,N,N,Y,37.63902,-84.77782,9,2,5,1,1,2,2,Y,1225,1232,N,2019,A,0,0,0,1,0,0,0,0,0,1,0,0
72423119,Motor Vehicle,DAC,20191019,732,N,Y,5.402,0,0,2,2,N,N,Y,37.64582,-84.77244,1,3,6,1,1,2,1,N,733,745,N,2019,O,0,0,0,1,0,0,1,1,0,0,0,0