MasterFile,Mode,Disadvantaged_Com_ID,CollisionDate,CollisionTime,ParkingLotIndicator,IntersectionWith_Indicator_,Milepoint,NumberInjured,NumberKilled,ofUnits,ofMotorVeh,Hit_RunIndicator,OneWayIndicator,InCityLimitsIndicator,Latitude,Longitude,MannerofCollisionCode,TotalLanes,RoadwayCharacterCode,RoadwaySurfaceCode,RoadwayConditionCode,WeatherCode,LightConditionCode,FirstAidSceneIndicator,TimeNotified,TimeArrived,MedianCros,YR,KABCO,Motorcyclist,Commercial Vehicle,Young Driver,Mature Driver,Pedestrian,Bicyclist,Distracted,Aggressive,Impaired,Unrestrained,Roadway Departure,Median Cross-over
72491650,Motor Vehicle,Non DAC,20200331,1231,N,Y,0.516,0,0,2,2,N,N,Y,37.64496,-84.75721,5,2,4,1,5,6,2,N,1231,1237,N,2020,O,0,1,0,1,0,0,1,1,0,0,0,0
72491667,Motor Vehicle,DAC,20200327,1449,N,N,13.808,0,0,1,1,N,N,Y,37.64549,-84.76716,9,2,6,1,1,2,2,N,1449,1449,N,2020,O,0,0,0,0,0,0,1,0,1,0,1,0
72491834,Motor Vehicle,DAC,20200331,1442,N,Y,5.198,0,0,2,2,N,Y,Y,37.6429,-84.77433,8,2,6,1,5,6,2,N,1442,1448,N,2020,O,0,0,0,0,0,0,0,0,0,0,0,0
72492081,Motor Vehicle,DAC,20200402,1607,N,Y,0.011,0,0,2,2,N,N,Y,37.61468,-84.77467,5,2,5,1,1,2,2,N,1607,1612,N,2020,O,0,0,0,0,0,0,1,0,0,0,0,0
72492216,Motor Vehicle,DAC,20200403,922,N,Y,4.411,0,0,2,2,N,N,Y,37.63141,-84.77485,1,2,6,1,1,2,2,N,924,927,N,2020,O,0,0,0,1,0,0,1,1,0,0,0,0
72492324,Motor Vehicle,Non DAC,20200403,2025,N,Y,16.01,2,0,1,1,N,N,Y,37.66639,-84.73471,9,2,3,1,1,2,7,Y,2026,2029,N,2020,A,0,0,0,1,0,0,0,0,0,0,0,0
72492514,Motor Vehicle,Non DAC,20200405,258,N,N,1.752,0,0,1,1,N,N,Y,37.62831,-84.79731,9,2,4,1,1,2,7,N,256,303,N,2020,O,0,0,0,0,0,0,0,0,0,0,0,0
72492766,Motor Vehicle,DAC,20200406,731,N,Y,14.18,0,0,2,2,N,N,Y,37.64124,-84.76316,1,2,6,1,1,2,2,N,733,739,N,2020,O,0,0,1,1,0,0,1,1,0,0,0,0
72493041,Motor Vehicle,Non DAC,20200407,1453,N,Y,1.232,1,0,2,2,N,N,Y,37.62131,-84.79415,5,5,6,1,1,2,2,Y,1450,1453,N,2020,C,0,0,0,0,0,0,1,0,1,0,0,0
72493140,Motor Vehicle,DAC,20200408,1126,N,Y,5.977,0,0,2,2,N,N,Y,37.64636,-84.7823,1,3,6,1,1,3,2,N,1127,1128,N,2020,O,0,0,0,0,0,0,0,1,0,0,0,0
72493449,Motor Vehicle,Non DAC,20200409,30,N,N,0.746,0,0,2,2,Y,N,Y,37.64459,-84.75322,1,2,3,1,5,6,7,N,533,543,N,2020,O,0,0,0,0,0,0,1,0,0,0,0,0
72493453,Motor Vehicle,Non DAC,20200408,609,N,Y,1.435,0,0,1,1,N,N,Y,37.67723,-84.76459,9,2,3,1,1,2,5,N,609,616,N,2020,O,0,0,0,0,0,0,0,0,0,0,0,0
72494224,Motor Vehicle,Non DAC,20200409,1712,N,Y,3.196,0,0,2,2,N,N,Y,37.64856,-84.80296,1,5,6,1,1,2,2,N,1712,1714,N,2020,O,0,0,1,0,0,0,1,1,0,0,0,0
72494318,Motor Vehicle,DAC,20200413,1712,N,N,4.469,0,0,2,2,N,N,Y,37.63213,-84.77495,1,2,6,1,1,2,2,N,1712,1726,N,2020,O,0,0,0,1,0,0,1,0,0,0,0,0
72494334,Motor Vehicle,DAC,20200414,1827,N,N,0.157,0,0,2,2,N,N,Y,37.64811,-84.77227,5,2,6,1,1,2,2,N,1827,1829,N,2020,O,0,0,0,0,0,0,1,1,0,0,0,0
72494437,Motor Vehicle,Non DAC,20200415,1000,N,Y,11.878,0,0,2,2,N,N,Y,37.64836,-84.81128,5,2,6,1,1,2,2,N,1003,1013,N,2020,O,0,0,0,1,0,0,1,0,0,0,0,0
72494456,Motor Vehicle,DAC,20200415,846,N,N,0.439,0,0,2,2,N,N,Y,37.62592,-84.75238,1,2,4,1,1,2,2,N,846,850,N,2020,O,0,0,1,1,0,0,0,0,0,0,0,0
72494651,Motor Vehicle,DAC,20200416,848,N,N,0.113,0,0,2,2,N,N,Y,37.61658,-84.77237,3,2,6,1,1,2,2,N,849,856,N,2020,O,0,0,0,1,0,0,1,0,0,0,1,0
72495140,Motor Vehicle,DAC,20200418,1534,N,N,3.392,0,0,2,2,N,N,Y,37.61667,-84.77465,5,2,3,1,1,2,2,N,1534,1543,N,2020,O,0,0,0,0,0,0,0,0,0,0,0,0
72495315,Motor Vehicle,DAC,20200419,635,N,Y,13.723,4,0,2,2,N,N,Y,37.64682,-84.76644,1,2,2,1,1,2,5,Y,635,639,N,2020,C,0,0,0,0,0,0,0,1,0,1,0,0
72495467,Motor Vehicle,Non DAC,20200420,1110,N,Y,3.197,0,0,2,2,N,N,Y,37.64855,-84.80296,5,4,6,1,1,2,2,N,1110,1117,N,2020,O,0,0,0,1,0,0,1,0,0,0,0,0
72495877,Motor Vehicle,Non DAC,20200422,955,N,Y,0.851,0,0,1,1,N,N,Y,37.65837,-84.77072,9,2,4,1,1,2,2,N,949,1000,N,2020,O,0,0,0,0,0,0,0,0,0,0,0,0
72495889,Motor Vehicle,DAC,20200422,1227,N,N,5.78,0,0,2,2,N,N,Y,37.64622,-84.77871,5,2,4,1,1,2,2,N,1228,1228,N,2020,O,0,0,0,0,0,0,1,1,0,0,1,0
72495911,Motor Vehicle,DAC,20200422,1233,N,Y,0,0,0,2,2,N,N,Y,37.61745,-84.77445,5,4,6,1,1,2,2,N,1445,1453,N,2020,O,0,0,0,1,0,0,1,0,0,0,0,0
72495974,Motor Vehicle,DAC,20200422,2030,N,Y,5.327,0,0,2,2,N,N,Y,37.64486,-84.77408,1,2,6,1,1,2,2,N,2030,2032,N,2020,O,0,0,1,0,0,0,1,1,0,0,0,0
72496417,Motor Vehicle,DAC,20200424,1900,N,N,14.484,0,0,1,1,N,N,Y,37.63789,-84.7598,9,2,3,1,1,2,2,N,1900,1905,N,2020,O,0,0,0,0,0,0,0,0,0,0,1,0
72496612,Motor Vehicle,DAC,20200424,2154,N,N,0.137,0,0,2,2,N,N,Y,37.61902,-84.78018,2,1,6,1,1,2,7,N,2154,2154,N,2020,O,0,0,0,0,0,0,0,0,0,0,0,0
72496813,Motor Vehicle,DAC,20200426,1326,N,Y,5.2,0,0,2,2,N,Y,Y,37.64294,-84.77432,8,2,6,1,5,6,2,N,1326,1331,N,2020,O,0,0,0,0,0,0,0,0,0,0,0,0
72497023,Motor Vehicle,DAC,20200427,1200,N,N,0.334,0,0,1,1,N,N,Y,37.61308,-84.76855,9,2,6,1,1,2,2,N,1215,1220,N,2020,O,0,0,0,0,0,0,1,0,0,0,1,0
72497291,Motor Vehicle,Non DAC,20200428,910,N,Y,0.049,0,0,1,1,Y,N,Y,37.66848,-84.76646,9,0,3,1,1,3,2,N,902,915,N,2020,O,0,0,0,0,0,0,0,0,1,0,0,0
72497498,Motor Vehicle,DAC,20200429,1354,N,Y,0.216,0,0,2,2,N,N,Y,37.64926,-84.77674,1,2,5,1,5,6,2,N,1353,1355,N,2020,O,0,0,0,0,0,0,1,1,0,0,0,0
72497528,Motor Vehicle,DAC,20200429,1125,N,Y,5.331,2,0,2,2,N,N,Y,37.64481,-84.77414,1,2,6,1,5,6,2,N,1125,1127,N,2020,B,0,0,1,0,0,0,1,1,0,0,0,0
72497533,Motor Vehicle,DAC,20200429,1339,N,N,0.107,0,0,2,2,Y,N,Y,37.61726,-84.77659,8,4,6,1,5,6,2,N,1340,1348,N,2020,O,0,0,0,0,0,0,0,0,0,0,1,0
72497538,Motor Vehicle,DAC,20200428,1409,N,Y,4.908,0,0,2,2,N,N,Y,37.63886,-84.77473,1,2,6,1,5,6,2,N,1409,1410,N,2020,O,0,0,0,0,0,0,1,1,0,0,0,0
72497763,Motor Vehicle,DAC,20200430,1229,N,Y,4.057,0,0,2,2,N,N,Y,37.62619,-84.77471,1,3,6,1,5,6,2,N,1229,1233,N,2020,O,0,0,0,0,0,0,1,1,0,0,0,0
72497793,Motor Vehicle,DAC,20200430,1239,N,N,0.321,0,0,2,2,N,N,Y,37.61716,-84.78328,1,2,4,1,5,6,2,N,1239,1247,N,2020,O,0,0,1,1,0,0,1,1,0,0,0,0
72497873,Motor Vehicle,Non DAC,20200430,1934,N,Y,1.444,0,0,2,2,Y,N,Y,37.67743,-84.7644,1,2,3,1,5,6,3,N,1934,1944,N,2020,O,0,0,0,0,0,0,0,1,0,0,0,0
72498128,Motor Vehicle,DAC,20200501,1416,N,Y,0.178,0,0,2,2,N,N,Y,37.61782,-84.77134,1,4,6,1,1,2,2,N,1416,1420,N,2020,O,0,1,0,0,0,0,0,0,0,0,0,0
72498261,Motor Vehicle,DAC,20200502,1506,N,N,0.155,1,0,2,2,N,N,Y,37.61738,-84.77727,5,5,6,1,1,2,2,Y,1507,1511,N,2020,C,0,0,0,0,0,0,1,0,0,0,0,0
72498314,Motor Vehicle,Non DAC,20200424,1825,N,Y,0.249,0,0,2,2,Y,N,Y,37.64485,-84.76296,2,0,6,1,1,2,2,N,1835,1845,N,2020,O,0,0,0,0,0,0,0,1,0,0,0,0
72498559,Motor Vehicle,Non DAC,20200503,1918,N,Y,13.913,0,0,2,2,N,N,Y,37.6486,-84.76385,5,2,3,1,5,6,3,N,1918,1926,N,2020,O,0,0,1,0,0,0,0,0,0,0,0,0
72498642,Motor Vehicle,Non DAC,20200503,2246,N,Y,0.135,0,0,1,1,N,N,Y,37.65419,-84.77285,9,2,3,1,5,6,5,Y,2242,2256,N,2020,O,0,0,0,1,0,0,1,0,0,0,0,0
72499285,Motor Vehicle,DAC,20200505,2002,N,N,0.028,0,0,1,1,Y,N,Y,37.63181,-84.77195,9,2,5,1,5,3,2,N,2002,2003,N,2020,O,0,0,0,0,0,0,0,0,1,0,1,0
72499286,Motor Vehicle,DAC,20200506,1200,N,N,0.058,0,0,2,2,Y,N,Y,37.6467,-84.77237,1,2,6,1,5,6,2,N,1203,1207,N,2020,O,0,0,0,0,0,0,0,0,0,0,0,0
72499506,Motor Vehicle,DAC,20200507,1237,N,N,3.463,0,0,2,2,N,N,Y,37.6177,-84.77464,5,6,6,1,1,2,2,N,1239,1244,N,2020,O,0,0,0,0,0,0,1,1,0,0,0,0
72499607,Motor Vehicle,DAC,20200507,1215,N,Y,0.28,1,0,2,2,N,N,Y,37.62356,-84.76432,1,2,4,1,1,2,2,Y,1215,1223,N,2020,C,0,0,0,1,0,0,1,1,0,0,0,0
72499824,Motor Vehicle,DAC,20200508,1406,N,Y,0.942,0,0,2,2,N,N,Y,37.6323,-84.77294,5,2,6,1,5,6,2,N,1416,1421,N,2020,O,0,0,0,1,0,0,1,0,0,0,0,0
72499868,Motor Vehicle,DAC,20200505,2003,N,Y,4.673,0,0,2,2,N,N,Y,37.63509,-84.77502,1,2,6,1,1,2,2,N,1456,1501,N,2020,O,0,0,0,0,0,0,1,0,0,0,0,0
72500064,Motor Vehicle,DAC,20200509,1211,N,Y,0.168,0,0,2,2,N,N,Y,37.61717,-84.77752,1,6,6,1,1,2,2,N,1211,1211,N,2020,O,0,0,1,0,0,0,0,1,0,0,0,0
72500194,Motor Vehicle,DAC,20200509,1624,N,N,0.181,0,0,1,1,N,N,Y,37.64976,-84.78401,9,1,6,1,1,2,2,N,1628,1637,N,2020,O,0,0,0,0,0,0,1,0,0,0,1,0
72500253,Motor Vehicle,DAC,20200506,1637,N,N,4.24,2,0,3,3,N,N,Y,37.62881,-84.77479,5,4,6,1,1,2,2,Y,1637,1637,N,2020,C,0,0,0,1,0,0,1,1,0,0,0,0
72500593,Motor Vehicle,Non DAC,20200511,1545,N,Y,14.534,0,0,2,2,N,N,Y,37.65411,-84.7549,5,2,6,1,1,2,2,N,1545,1545,N,2020,O,0,0,0,0,0,0,1,0,0,0,0,0
72500679,Motor Vehicle,Non DAC,20200511,1558,N,Y,16.073,0,0,1,1,N,N,Y,37.66639,-84.73361,9,2,6,1,1,2,2,N,1558,1558,N,2020,O,0,0,0,0,0,0,0,0,0,0,0,0
72500751,Motor Vehicle,DAC,20200509,1219,N,Y,0.154,0,0,2,2,N,N,Y,37.61717,-84.77783,8,4,6,1,1,2,2,N,1219,1219,N,2020,O,0,0,0,0,0,0,1,1,0,0,0,0
72500812,Motor Vehicle,DAC,20200512,1335,N,Y,5.331,0,0,2,2,N,Y,Y,37.64478,-84.77414,1,2,6,1,1,2,2,N,1335,1341,N,2020,O,0,0,0,1,0,0,1,0,0,0,0,0
72501392,Motor Vehicle,DAC,20200512,1531,N,Y,3.249,0,0,2,2,N,N,Y,37.61476,-84.77442,5,3,6,1,1,2,2,N,1531,1531,N,2020,O,0,0,1,1,0,0,1,0,0,0,0,0
72501509,Motor Vehicle,Non DAC,20200512,2228,N,Y,15.49,0,0,2,2,Y,N,Y,37.66382,-84.74288,8,2,3,1,1,2,3,N,2230,2238,N,2020,O,0,0,0,1,0,0,0,0,0,0,0,0
72501510,Motor Vehicle,Non DAC,20200515,537,N,N,12.363,0,0,1,1,Y,N,Y,37.62955,-84.79627,9,2,6,1,1,3,5,N,537,537,N,2020,O,0,0,0,0,0,0,0,0,0,0,1,0
72502772,Motor Vehicle,Non DAC,20200519,1332,N,N,3.745,0,0,2,2,N,N,Y,37.65539,-84.79913,1,2,6,1,1,2,2,N,1332,1338,N,2020,O,0,0,0,0,0,0,1,1,0,0,0,0
72503103,Motor Vehicle,DAC,20200520,1336,N,Y,0.001,0,0,2,2,N,N,Y,37.62039,-84.7746,7,5,4,1,1,3,2,N,1336,1342,N,2020,O,0,0,1,0,0,0,0,0,0,0,0,0
72503253,Motor Vehicle,Non DAC,20200521,58,N,N,1.123,0,0,1,1,N,N,Y,37.66152,-84.76815,9,2,5,1,1,2,5,N,57,100,N,2020,O,0,0,1,0,0,0,0,0,0,0,1,0
72503372,Motor Vehicle,Non DAC,20200521,1111,N,N,0.009,0,0,1,1,N,N,Y,37.65207,-84.75196,9,1,2,1,1,2,2,N,1111,1116,N,2020,O,0,0,0,0,0,0,1,0,1,0,1,0
72503508,Motor Vehicle,DAC,20200521,1617,N,N,5.349,0,0,2,2,N,N,Y,37.64512,-84.77417,1,2,6,1,1,2,2,N,1617,1620,N,2020,O,0,0,0,1,0,0,1,1,0,0,0,0
72504321,Motor Vehicle,Non DAC,20200523,2144,N,Y,3.195,0,0,2,2,N,N,Y,37.64857,-84.80319,1,15,6,1,1,2,5,N,2146,2157,N,2020,O,0,0,0,0,0,0,1,1,1,0,0,0
72504361,Motor Vehicle,Non DAC,20200523,1605,N,N,0.08,0,0,1,1,N,N,Y,37.65119,-84.75079,9,2,6,1,1,2,2,N,1610,1617,N,2020,O,0,0,0,0,0,0,1,0,0,0,1,0
72504792,Motor Vehicle,DAC,20200526,1329,N,Y,15.099,0,0,1,1,N,N,Y,37.63224,-84.7516,9,2,6,1,1,3,2,N,1330,1335,N,2020,O,0,1,0,0,0,0,0,0,0,0,0,0
72505204,Motor Vehicle,DAC,20200526,1552,N,N,0.051,0,0,2,2,N,N,Y,37.64637,-84.76973,8,2,6,1,1,2,2,N,1552,1558,N,2020,O,0,0,0,0,0,0,1,0,0,0,0,0
72505317,Motor Vehicle,Non DAC,20200526,1306,N,Y,1.232,0,0,2,2,N,N,Y,37.6213,-84.79415,5,4,1,1,1,2,2,N,1306,1313,N,2020,O,0,0,0,0,0,0,0,1,0,0,0,0
72505520,Motor Vehicle,DAC,20200528,1908,N,Y,0.22,0,0,3,3,N,N,Y,37.64895,-84.77216,1,2,6,1,1,2,2,N,1908,1914,N,2020,O,0,0,1,0,0,0,1,1,0,0,0,0
72505683,Motor Vehicle,DAC,20200528,1239,N,Y,3.653,0,0,2,2,N,N,Y,37.6204,-84.77458,1,4,6,1,1,2,2,N,1239,1245,N,2020,O,0,0,1,1,0,0,0,1,0,0,0,0
72505695,Motor Vehicle,Non DAC,20200529,1222,N,Y,13.396,1,0,1,1,N,N,Y,37.64331,-84.78929,9,1,6,3,1,2,2,Y,1223,1227,N,2020,A,0,0,0,0,0,0,0,0,0,0,0,0
72505744,Motor Vehicle,DAC,20200529,740,N,Y,0.169,0,0,2,2,Y,N,Y,37.61717,-84.77751,1,4,6,1,1,2,2,N,740,748,N,2020,O,0,0,0,0,0,0,0,0,0,0,0,0
72505966,Motor Vehicle,Non DAC,20200530,1032,N,Y,1.8,0,0,2,2,N,N,Y,37.62894,-84.79761,5,2,6,1,1,2,2,N,1034,1040,N,2020,O,0,0,0,0,0,0,1,0,0,0,0,0
72506367,Motor Vehicle,DAC,20200531,1653,N,N,4.19,0,0,2,2,N,N,Y,37.62809,-84.77478,5,2,6,1,1,2,2,N,1654,1659,N,2020,O,0,0,0,1,0,0,1,0,1,0,0,0
72506434,Motor Vehicle,DAC,20200531,821,N,N,7.033,0,0,1,1,N,N,Y,37.66164,-84.78395,9,2,6,1,1,2,2,N,821,824,N,2020,O,0,0,0,0,0,0,0,0,0,0,1,0
72506536,Motor Vehicle,DAC,20200601,1311,N,Y,0.786,0,0,2,2,N,N,Y,37.62094,-84.75304,5,2,6,1,1,2,2,N,1313,1318,N,2020,O,0,0,1,0,0,0,1,0,0,0,0,0
72506649,Motor Vehicle,DAC,20200601,1654,N,N,0.003,0,0,2,2,N,N,Y,37.61613,-84.77615,7,1,3,1,1,2,2,N,1655,1708,N,2020,O,0,1,0,0,0,0,0,0,0,0,1,0
72506778,Motor Vehicle,DAC,20200529,1032,N,N,5.035,0,0,2,2,N,N,Y,37.64097,-84.77453,8,2,5,1,1,2,2,N,1031,1035,N,2020,O,0,0,0,0,0,0,1,0,0,0,1,0
72507120,Motor Vehicle,Non DAC,20200603,845,N,Y,0.001,0,0,2,2,N,N,Y,37.64852,-84.80512,5,2,6,1,1,2,2,N,843,848,N,2020,O,0,0,0,0,0,0,1,0,0,0,0,0
72507451,Motor Vehicle,DAC,20200604,911,N,Y,3.469,0,0,2,2,N,N,Y,37.61739,-84.77449,5,4,5,1,1,2,2,N,911,917,N,2020,O,0,0,0,0,0,0,1,1,0,0,0,0
72507455,Motor Vehicle,DAC,20200603,1300,N,Y,4.114,0,0,2,2,N,N,Y,37.6279,-84.77466,1,4,6,1,1,2,2,N,1301,1303,N,2020,O,0,0,0,1,0,0,1,1,0,0,0,0
72507629,Motor Vehicle,DAC,20200604,1820,N,N,0.023,0,0,2,2,N,N,Y,37.61768,-84.77756,5,2,6,1,1,2,2,N,1822,1822,N,2020,O,0,0,0,0,0,0,1,1,0,0,0,0
72507650,Motor Vehicle,DAC,20200528,1552,N,Y,4.313,1,0,1,1,N,N,Y,37.62986,-84.7748,9,2,6,1,1,2,2,N,1552,1553,N,2020,B,0,0,0,0,0,0,1,0,0,0,0,0
72507801,Motor Vehicle,DAC,20200604,820,N,Y,0.001,0,0,2,2,N,N,Y,37.61764,-84.77444,5,4,6,1,1,2,2,N,820,823,N,2020,O,0,0,0,0,0,0,1,0,0,0,0,0
72507912,Motor Vehicle,DAC,20200605,1102,N,Y,4.21,0,0,2,2,N,N,Y,37.6284,-84.77484,5,2,6,1,1,2,2,N,1103,1107,N,2020,O,0,0,0,0,0,0,0,1,0,0,0,0
72508053,Motor Vehicle,DAC,20200605,1612,N,Y,0.166,1,0,2,2,N,N,Y,37.6172,-84.77747,1,5,5,1,1,2,2,Y,1612,1617,N,2020,C,0,0,0,0,0,0,1,1,0,0,0,0
72508457,Motor Vehicle,Non DAC,20200607,10,N,Y,0.413,2,0,2,2,N,N,Y,37.65186,-84.77188,1,2,4,1,1,2,5,Y,11,13,N,2020,B,0,0,0,0,0,0,0,1,1,0,0,0
72508841,Motor Vehicle,Non DAC,20200608,1150,N,Y,1.456,0,0,2,2,N,N,Y,37.67732,-84.76401,1,1,3,1,1,2,2,N,1154,1201,N,2020,O,0,0,0,0,0,0,0,1,0,0,0,0
72509098,Motor Vehicle,DAC,20200608,2307,N,Y,0.005,0,0,2,2,N,N,Y,37.61743,-84.77444,5,4,6,1,1,2,5,N,2307,2308,N,2020,O,0,0,0,1,0,0,0,0,0,0,0,0
72509509,Motor Vehicle,DAC,20200608,2158,N,Y,0.113,0,0,2,2,N,N,Y,37.64878,-84.77884,2,2,3,1,1,2,5,N,2158,2200,N,2020,O,0,0,0,0,0,0,1,0,0,0,0,0
72509612,Motor Vehicle,DAC,20200610,1349,N,Y,0.091,0,0,2,2,N,N,Y,37.64774,-84.77386,5,1,6,1,1,2,2,N,1352,1353,N,2020,O,0,0,0,1,0,0,1,1,0,0,0,0
72509816,Motor Vehicle,Non DAC,20200610,1651,N,N,14.229,1,0,1,1,N,N,Y,37.65173,-84.75958,9,2,6,1,1,3,2,N,1651,1655,Y,2020,B,0,0,0,0,0,0,0,0,0,0,1,0
72510224,Motor Vehicle,DAC,20200611,1000,N,N,0.177,2,0,2,2,N,N,Y,37.61799,-84.77141,1,4,6,1,1,2,2,Y,1006,1006,N,2020,C,0,0,0,0,0,0,1,1,0,0,1,0
72510394,Motor Vehicle,DAC,20200611,1110,N,N,0.195,0,0,2,2,Y,N,Y,37.6474,-84.77314,8,1,6,1,1,2,2,N,1110,1114,N,2020,O,0,0,0,0,0,0,1,0,0,0,0,0
72512191,Motor Vehicle,DAC,20200618,1123,N,N,4.712,0,0,2,2,N,Y,Y,37.6361,-84.77499,8,2,6,1,1,3,2,N,1124,1136,N,2020,O,0,0,0,0,0,0,1,1,0,0,1,0
72512378,Motor Vehicle,DAC,20200618,1913,N,Y,0.111,0,0,1,1,N,N,Y,37.61681,-84.7685,9,1,4,1,5,6,2,N,1915,1920,N,2020,O,0,0,0,0,0,0,0,0,0,0,0,0
72512515,Motor Vehicle,Non DAC,20200619,720,N,N,2.156,0,0,1,1,N,N,Y,37.67541,-84.76449,9,2,4,1,6,3,1,N,715,720,N,2020,O,0,0,0,0,0,0,0,0,0,0,1,0
72512755,Motor Vehicle,DAC,20200619,1930,N,N,0.342,0,0,1,1,N,N,Y,37.62732,-84.75228,9,2,6,1,1,2,2,N,1931,1936,N,2020,O,0,0,0,0,0,0,1,0,0,0,1,0
72513108,Motor Vehicle,DAC,20200620,1714,N,Y,0.005,0,0,2,2,N,N,Y,37.61765,-84.77436,5,2,6,1,1,2,2,N,1714,1714,N,2020,O,0,0,0,1,0,0,1,0,0,0,0,0
72513386,Motor Vehicle,DAC,20200621,1900,N,Y,0,0,0,2,2,N,Y,Y,37.64592,-84.77402,8,2,6,1,5,6,2,N,1902,1905,N,2020,O,0,0,0,0,0,0,1,0,0,0,0,0
72514011,Motor Vehicle,Non DAC,20200622,0,N,N,1.807,0,0,2,2,Y,N,Y,37.62895,-84.79786,5,4,6,1,1,2,2,N,1521,1527,N,2020,O,0,0,0,0,0,0,0,0,1,0,0,0
72514635,Motor Vehicle,DAC,20200624,1528,N,N,13.893,0,0,2,2,N,N,Y,37.64848,-84.7643,5,2,6,1,1,2,2,N,1525,1533,N,2020,O,0,0,0,0,0,0,1,1,0,0,0,0
72514644,Motor Vehicle,DAC,20200625,1032,N,N,0.06,0,0,2,2,N,N,Y,37.63298,-84.77053,2,1,4,1,1,2,2,N,1026,1032,N,2020,O,0,0,0,0,0,0,1,0,0,0,0,0
72514966,Motor Vehicle,Non DAC,20200626,1214,N,N,2.8,0,0,2,2,N,N,Y,37.64281,-84.80287,5,2,6,1,1,2,2,N,1216,1216,N,2020,O,0,0,0,1,0,0,1,0,0,0,0,0
72514982,Motor Vehicle,DAC,20200621,1635,N,Y,13.779,0,0,2,2,N,N,Y,37.64738,-84.76571,2,2,6,1,1,2,2,N,1635,1638,N,2020,O,0,0,1,0,0,0,1,1,0,0,0,0
72515108,Motor Vehicle,DAC,20200626,1659,N,Y,3.681,1,0,2,2,N,N,Y,37.62081,-84.77466,1,2,6,1,1,2,2,Y,1659,1700,N,2020,B,0,0,0,1,0,0,1,1,0,0,0,0
72515292,Motor Vehicle,Non DAC,20200627,1231,N,Y,1.795,0,0,2,2,N,N,Y,37.62888,-84.79758,5,2,6,1,5,6,2,N,1233,1241,N,2020,O,0,0,0,0,0,0,1,1,0,0,0,0
72515409,Motor Vehicle,DAC,20200626,1737,N,Y,0.168,0,0,2,2,N,N,Y,37.61716,-84.7775,1,2,6,1,1,2,2,N,1737,1745,N,2020,O,0,0,0,0,0,0,1,1,0,0,0,0
72515967,Motor Vehicle,DAC,20200629,1122,N,Y,0.599,0,0,2,2,N,N,Y,37.64452,-84.77097,5,2,6,1,5,6,2,N,1122,1125,N,2020,O,0,0,0,0,0,0,1,0,0,0,0,0
72516356,Motor Vehicle,DAC,20200630,1312,N,N,4.202,0,0,2,2,N,N,Y,37.62827,-84.77477,5,2,6,1,1,3,2,N,1312,1314,N,2020,O,0,0,0,1,0,0,1,1,0,0,0,0
72516364,Motor Vehicle,Non DAC,20200630,953,N,N,1.353,0,0,1,1,N,N,Y,37.66469,-84.76789,9,2,6,1,1,3,2,Y,955,1020,N,2020,O,0,0,0,1,0,0,1,0,0,0,1,0
72516406,Motor Vehicle,Non DAC,20200630,926,N,Y,3.744,0,0,2,2,N,N,Y,37.65552,-84.79925,1,4,6,1,1,3,2,N,926,930,N,2020,O,0,0,0,0,0,0,0,1,0,0,0,0
72516427,Motor Vehicle,DAC,20200630,1249,N,N,3.85,2,0,4,4,N,N,Y,37.62333,-84.77466,5,5,6,1,1,2,2,Y,1251,1253,N,2020,B,0,0,0,1,0,0,1,0,0,0,0,0
72516654,Motor Vehicle,Non DAC,20200625,926,N,N,0.053,0,0,2,2,Y,N,Y,37.64934,-84.76582,5,1,6,1,1,2,2,N,924,931,N,2020,O,0,0,1,0,0,0,1,0,0,0,0,0
72516733,Motor Vehicle,Non DAC,20200701,1558,N,Y,13.458,1,0,2,2,N,N,Y,37.64424,-84.78912,5,2,6,1,5,3,2,Y,1558,1600,N,2020,C,0,0,1,0,0,0,1,1,0,0,0,0
72517293,Motor Vehicle,DAC,20200702,1233,N,N,13.595,0,0,2,2,N,N,Y,37.64573,-84.7709,5,2,6,1,1,2,2,N,1233,1236,N,2020,O,0,0,0,1,0,0,1,0,0,0,0,0
72517298,Motorcyclist,DAC,20200702,1618,N,N,5.481,1,0,5,5,N,N,Y,37.64598,-84.77346,5,2,6,1,1,2,2,Y,1619,1621,N,2020,C,1,0,0,0,0,0,1,0,1,0,0,0
72517329,Motor Vehicle,DAC,20200703,1120,N,Y,5.659,0,0,2,2,N,N,Y,37.64612,-84.77649,5,2,6,1,1,2,2,N,1120,1125,N,2020,O,0,0,0,0,0,0,1,0,0,0,0,0
72517471,Motor Vehicle,Non DAC,20200703,1807,N,N,0.213,0,0,1,1,N,N,Y,37.65458,-84.77647,9,2,4,1,1,2,2,N,1807,1811,N,2020,O,0,0,0,0,0,0,1,0,1,0,1,0