MasterFile,Mode,Disadvantaged_Com_ID,CollisionDate,CollisionTime,ParkingLotIndicator,IntersectionWith_Indicator_,Milepoint,NumberInjured,NumberKilled,ofUnits,ofMotorVeh,Hit_RunIndicator,OneWayIndicator,InCityLimitsIndicator,Latitude,Longitude,MannerofCollisionCode,TotalLanes,RoadwayCharacterCode,RoadwaySurfaceCode,RoadwayConditionCode,WeatherCode,LightConditionCode,FirstAidSceneIndicator,TimeNotified,TimeArrived,MedianCros,YR,KABCO,Motorcyclist,Commercial Vehicle,Young Driver,Mature Driver,Pedestrian,Bicyclist,Distracted,Aggressive,Impaired,Unrestrained,Roadway Departure,Median Cross-over
72517555,Motor Vehicle,DAC,20200704,446,N,N,0.357,0,0,1,1,N,N,Y,37.64055,-84.77132,9,2,4,1,1,2,5,N,446,447,N,2020,O,0,0,0,0,0,0,1,0,0,0,1,0
72517734,Motor Vehicle,DAC,20200704,1709,N,Y,0.169,0,0,2,2,N,N,Y,37.61717,-84.77751,5,4,6,1,1,2,2,N,1709,1721,N,2020,O,0,0,0,0,0,0,1,0,0,0,0,0
72518484,Motor Vehicle,DAC,20200707,857,N,Y,5.328,0,0,2,2,N,N,Y,37.64483,-84.77421,1,2,6,1,1,2,2,N,859,900,N,2020,O,0,0,0,0,0,0,1,0,0,0,0,0
72518975,Motor Vehicle,DAC,20200708,1545,N,N,5.372,0,0,2,2,N,Y,Y,37.64554,-84.77404,5,2,6,1,1,2,2,N,1546,1548,N,2020,O,0,0,1,0,0,0,1,0,0,0,0,0
72519282,Motor Vehicle,DAC,20200707,1027,N,Y,0.178,0,0,2,2,N,N,Y,37.61783,-84.77136,1,5,6,1,1,2,2,N,1027,1030,N,2020,O,0,0,0,0,0,0,1,0,0,0,0,0
72520340,Motor Vehicle,Non DAC,20200712,1929,N,Y,12.324,0,0,2,2,N,N,Y,37.64856,-84.80288,5,2,6,1,5,6,2,N,1929,1936,N,2020,O,0,0,0,0,0,0,1,0,0,0,0,0
72520634,Motor Vehicle,DAC,20200713,1056,N,Y,0.03,0,0,2,2,N,N,Y,37.63865,-84.77302,1,3,6,1,1,2,2,N,1056,1059,N,2020,O,0,0,0,1,0,0,0,1,0,0,0,0
72520642,Motor Vehicle,DAC,20200713,753,N,Y,0.175,0,0,2,2,N,N,Y,37.64479,-84.77415,1,2,6,1,1,2,2,N,754,754,N,2020,O,0,0,1,0,0,0,1,1,0,0,0,0
72521316,Motor Vehicle,DAC,20200715,1507,N,Y,0.254,0,0,2,2,N,N,Y,37.6497,-84.78267,4,2,6,1,1,2,2,N,1507,1512,N,2020,O,0,0,0,0,0,0,1,0,0,0,0,0
72521355,Motor Vehicle,DAC,20200715,1224,N,Y,0.844,1,0,2,2,N,N,Y,37.61712,-84.78972,1,4,4,1,1,2,2,Y,1229,1232,N,2020,B,0,0,0,1,0,0,0,1,0,0,0,0
72521404,Motor Vehicle,DAC,20200715,1913,N,Y,6.029,0,0,2,2,N,N,Y,37.64709,-84.78238,5,2,6,1,1,2,2,N,1914,1916,N,2020,O,0,0,1,0,0,0,0,0,0,0,0,0
72521538,Motor Vehicle,Non DAC,20200715,1141,N,Y,8.213,0,0,2,2,N,N,Y,37.67724,-84.79088,4,5,6,1,1,2,2,N,1141,1144,N,2020,O,0,1,0,0,0,0,1,1,0,0,0,0
72521574,Motor Vehicle,DAC,20200716,1029,N,Y,0.002,0,0,2,2,N,N,Y,37.64889,-84.77047,8,2,5,1,1,2,2,N,1032,1037,N,2020,O,0,0,0,0,0,0,1,0,0,0,0,0
72521575,Motor Vehicle,DAC,20200716,1008,N,Y,6.026,0,0,2,2,N,N,Y,37.64713,-84.78241,5,2,6,1,1,2,2,N,1008,1012,N,2020,O,0,0,0,1,0,0,1,1,0,0,0,0
72521967,Motor Vehicle,DAC,20200717,1257,N,Y,4.907,0,0,2,2,N,N,Y,37.63874,-84.77466,4,2,6,1,1,2,2,N,1257,1257,N,2020,O,0,0,0,0,0,0,1,0,0,0,0,0
72522002,Motor Vehicle,DAC,20200717,1544,N,N,0.857,0,0,2,2,N,N,Y,37.63332,-84.77206,5,2,6,1,5,6,2,N,1544,1548,N,2020,O,0,0,0,0,0,0,1,1,0,0,0,0
72522004,Motor Vehicle,DAC,20200717,1512,N,Y,5.25,0,0,2,2,N,Y,Y,37.64373,-84.77425,1,2,6,1,5,6,2,N,1511,1512,N,2020,O,0,0,0,0,0,0,1,0,0,0,0,0
72522016,Motor Vehicle,DAC,20200717,1558,N,Y,0.199,0,0,1,1,N,N,Y,37.6487,-84.76792,9,2,6,1,5,6,2,N,1558,1558,N,2020,O,0,0,0,0,0,0,0,0,0,0,0,0
72522068,Motor Vehicle,DAC,20200717,1726,N,Y,4.911,1,0,2,2,N,N,Y,37.63883,-84.77471,1,2,6,1,1,3,2,Y,1726,1729,N,2020,C,0,0,0,0,0,0,1,1,0,0,0,0
72522416,Motor Vehicle,Non DAC,20200717,1737,N,Y,13.979,0,0,2,2,N,N,Y,37.64927,-84.76293,5,2,6,1,5,6,2,N,1737,1743,N,2020,O,0,0,0,0,0,0,1,0,0,0,0,0
72522417,Motor Vehicle,DAC,20200717,1804,N,Y,0.078,0,0,2,2,N,N,Y,37.64887,-84.77052,1,2,6,1,5,6,2,N,1804,1810,N,2020,O,0,0,1,0,0,0,1,0,0,0,0,0
72522418,Motor Vehicle,DAC,20200718,2107,N,Y,0.177,0,0,2,2,N,N,Y,37.61782,-84.77135,1,6,6,1,1,2,5,N,2107,2110,N,2020,O,0,0,0,0,0,0,1,1,0,0,0,0
72522792,Motor Vehicle,Non DAC,20200717,1610,N,N,0.039,0,0,2,2,N,N,Y,37.63261,-84.7511,5,2,1,1,5,6,2,N,1623,1624,N,2020,O,0,0,1,0,0,0,0,1,0,0,0,0
72522838,Motor Vehicle,DAC,20200720,821,N,N,0.167,1,0,2,2,N,N,Y,37.61739,-84.77753,5,3,6,1,1,2,2,Y,822,822,N,2020,A,0,0,0,0,0,0,1,1,0,1,0,0
72523272,Motor Vehicle,Non DAC,20200721,1610,N,Y,0.038,0,0,2,2,N,N,Y,37.64798,-84.80508,1,1,6,1,1,2,2,N,1610,1617,N,2020,O,0,0,1,0,0,0,1,1,0,0,0,0
72523887,Motor Vehicle,DAC,20200723,1154,N,Y,0.236,0,0,2,2,N,N,Y,37.61723,-84.78174,1,2,6,1,1,2,2,N,1154,1210,N,2020,O,0,0,0,1,0,0,0,1,0,0,0,0
72524415,Motor Vehicle,DAC,20200724,1345,N,N,0.628,0,0,1,1,N,N,Y,37.6166,-84.78587,9,6,6,1,1,2,2,N,1348,1356,Y,2020,O,0,1,0,0,0,0,0,0,0,0,1,0
72524727,Motor Vehicle,DAC,20200725,1820,N,N,0.16,0,0,2,2,N,N,Y,37.61737,-84.77736,5,3,6,1,1,2,2,N,1820,1820,N,2020,O,0,0,0,0,0,0,1,1,0,0,0,0
72524734,Motor Vehicle,DAC,20200725,1752,N,Y,0.168,2,0,2,2,N,N,Y,37.61717,-84.77752,1,3,6,1,1,2,2,Y,1754,1757,N,2020,B,0,0,0,0,0,0,1,0,0,0,0,0
72525142,Motor Vehicle,Non DAC,20200725,1156,N,Y,1.801,0,0,2,2,N,N,Y,37.62898,-84.79765,5,2,6,1,1,2,2,N,1156,1200,N,2020,O,0,0,0,0,0,0,1,0,0,0,0,0
72525458,Motor Vehicle,DAC,20200728,834,N,N,5.319,0,0,1,1,N,Y,Y,37.64462,-84.77416,9,2,6,1,1,3,2,N,835,839,N,2020,O,0,0,0,0,0,0,0,0,0,0,1,0
72526268,Motor Vehicle,DAC,20200730,1338,N,Y,5.188,0,0,2,2,N,Y,Y,37.64315,-84.7744,8,2,6,1,1,3,2,N,1338,1341,N,2020,O,0,0,0,1,0,0,0,0,0,0,0,0
72526619,Motor Vehicle,Non DAC,20200731,1145,N,N,0.132,1,0,2,2,N,N,Y,37.65046,-84.76567,1,2,6,1,1,3,2,N,1150,1152,N,2020,C,0,0,1,1,0,0,0,1,0,0,0,0
72526768,Motor Vehicle,Non DAC,20200731,1836,N,Y,1.45,0,0,2,2,N,N,Y,37.67729,-84.76478,5,2,6,1,5,6,2,N,1836,1845,N,2020,O,0,0,0,0,0,0,1,0,0,0,0,0
72526984,Motor Vehicle,DAC,20200801,1030,N,Y,0.556,0,0,2,2,N,N,Y,37.64457,-84.77066,1,2,6,1,1,2,2,N,1244,1245,N,2020,O,0,0,0,1,0,0,1,0,0,0,0,0
72527722,Motor Vehicle,DAC,20200803,1318,N,Y,0.204,0,0,2,2,N,N,Y,37.61675,-84.77077,1,2,5,1,1,2,2,N,1318,1332,N,2020,O,0,0,1,0,0,0,1,1,0,0,0,0
72527884,Motor Vehicle,DAC,20200803,1316,N,Y,0.832,0,0,2,2,N,N,Y,37.64896,-84.77217,5,2,4,1,1,2,2,N,1316,1322,N,2020,O,0,0,0,0,0,0,1,0,0,0,0,0
72527920,Motor Vehicle,DAC,20200804,950,N,Y,13.598,0,0,2,2,N,N,Y,37.6457,-84.77084,1,4,6,1,1,3,2,N,951,953,N,2020,O,0,0,1,0,0,0,1,1,0,0,0,0
72529023,Motor Vehicle,Non DAC,20200807,1246,N,N,2.355,0,0,1,1,N,N,Y,37.63652,-84.80104,9,4,6,1,1,2,2,N,1249,1252,N,2020,O,0,0,0,0,0,0,0,0,0,0,1,0
72529222,Motor Vehicle,DAC,20200806,1707,N,N,0.188,0,0,2,2,N,N,Y,37.64705,-84.78579,2,1,6,1,1,2,2,N,1705,1713,N,2020,O,0,0,0,0,0,0,1,0,0,0,0,0
72529623,Motor Vehicle,DAC,20200808,1149,N,N,4.717,0,0,2,2,N,N,Y,37.63591,-84.77493,1,2,6,1,1,2,2,N,1150,1153,N,2020,O,0,0,0,1,0,0,1,0,0,0,0,0
72530002,Motor Vehicle,DAC,20200810,1208,N,N,0.112,0,0,2,2,N,N,Y,37.64472,-84.77298,5,2,6,1,1,3,2,N,1208,1214,N,2020,O,0,0,0,0,0,0,1,0,0,0,0,0
72530499,Motor Vehicle,DAC,20200811,1815,N,Y,3.958,0,0,2,2,N,N,Y,37.62481,-84.7747,5,2,6,1,1,2,2,N,1815,1817,N,2020,O,0,0,0,0,0,0,1,0,0,0,0,0
72530642,Motor Vehicle,DAC,20200811,1634,N,Y,4.942,0,0,2,2,N,Y,Y,37.63871,-84.77316,1,2,6,1,1,2,2,Y,1634,1635,N,2020,O,0,0,1,0,0,0,1,1,0,0,0,0
72530888,Motor Vehicle,DAC,20200811,1557,N,N,0.023,0,0,2,2,N,N,Y,37.63191,-84.75176,1,2,4,1,1,2,2,N,1557,1642,N,2020,O,0,0,1,0,0,0,0,1,0,0,0,0
72531015,Motor Vehicle,DAC,20200813,1209,N,Y,3.433,0,0,2,2,N,N,Y,37.61732,-84.77442,8,4,6,1,1,3,2,N,1211,1220,N,2020,O,0,0,0,0,0,0,1,1,0,0,0,0
72531138,Motor Vehicle,DAC,20200813,1700,N,Y,0.804,0,0,2,2,N,N,Y,37.63409,-84.77182,1,2,3,1,1,3,2,N,1700,1706,N,2020,O,0,0,0,0,0,0,1,0,0,0,0,0
72531357,Motor Vehicle,Non DAC,20200814,843,N,Y,1.461,0,0,1,1,N,N,Y,37.67737,-84.76411,9,1,6,1,1,3,2,N,844,849,N,2020,O,0,0,0,0,0,0,0,0,0,0,0,0
72531466,Motor Vehicle,Non DAC,20200814,1315,N,N,3.722,0,0,2,2,N,N,Y,37.65509,-84.79937,8,6,3,1,5,6,2,N,1319,1331,N,2020,O,0,1,0,0,0,0,0,1,0,0,1,0
72532563,Motor Vehicle,DAC,20200817,1707,N,Y,0.32,0,0,3,3,N,N,Y,37.64858,-84.76594,1,2,6,1,1,2,2,Y,1707,1707,N,2020,O,0,0,0,1,0,0,0,1,1,0,0,0
72532564,Motor Vehicle,DAC,20200817,1940,N,Y,0.004,0,0,2,2,N,N,Y,37.64548,-84.76668,1,2,6,1,1,2,2,N,1940,1945,N,2020,O,0,0,1,0,0,0,1,1,0,0,0,0
72532707,Motor Vehicle,DAC,20200817,1622,N,N,5.266,0,0,2,2,N,Y,Y,37.64371,-84.77265,8,2,4,1,1,2,2,N,1622,1626,N,2020,O,0,0,0,0,0,0,0,1,0,0,1,0
72532780,Motor Vehicle,DAC,20200818,1201,N,N,0.162,0,0,2,2,Y,N,Y,37.64652,-84.77075,2,2,4,1,1,2,2,N,1203,1210,N,2020,O,0,0,0,0,0,0,1,0,0,0,0,0
72532905,Motor Vehicle,DAC,20200818,1745,N,N,0.053,0,0,2,2,N,N,Y,37.64669,-84.77397,5,3,6,1,5,6,2,N,1747,1750,N,2020,O,0,0,0,0,0,0,1,1,0,0,0,0
72533063,Motor Vehicle,DAC,20200817,2252,N,Y,4.737,0,0,1,1,N,N,Y,37.63598,-84.77458,9,2,1,1,1,2,3,N,2252,2256,N,2020,O,0,0,1,0,0,0,1,0,0,0,0,0
72533412,Motor Vehicle,DAC,20200817,2101,N,N,3.391,0,0,2,2,N,N,Y,37.61665,-84.77464,1,23,5,1,1,2,6,N,2101,2104,N,2020,O,0,0,0,0,0,0,1,1,0,0,0,0
72534141,Motor Vehicle,DAC,20200821,621,N,Y,5.403,0,0,2,2,N,N,Y,37.6458,-84.77242,1,2,6,1,1,3,5,N,622,625,N,2020,O,0,0,0,0,0,0,1,1,0,0,0,0
72534617,Motor Vehicle,Non DAC,20200822,2132,N,Y,3.082,0,0,2,2,N,N,Y,37.66441,-84.74296,1,2,6,1,5,3,5,N,2120,2137,N,2020,O,0,0,1,0,0,0,0,0,0,0,0,0
72534706,Motor Vehicle,DAC,20200823,1436,N,Y,0.114,0,0,2,2,N,N,Y,37.61659,-84.77239,1,2,5,1,5,3,2,N,1436,1441,N,2020,O,0,0,0,0,0,0,0,0,0,0,0,0
72535054,Motor Vehicle,DAC,20200824,1804,N,N,3.606,0,0,3,3,N,N,Y,37.61972,-84.77459,1,2,4,1,1,2,2,N,1804,1810,N,2020,O,0,0,0,0,0,0,1,1,0,0,0,0
72535618,Motor Vehicle,DAC,20200826,1215,N,Y,0.006,0,0,2,2,N,N,Y,37.61742,-84.77462,1,6,6,1,1,2,2,N,1217,1220,N,2020,O,0,0,0,1,0,0,0,0,0,0,0,0
72535974,Motor Vehicle,DAC,20200826,1523,N,N,0.344,0,0,1,1,N,N,Y,37.62266,-84.76741,9,2,4,1,1,2,2,N,1523,1523,N,2020,O,0,0,0,0,0,0,1,0,0,0,1,0
72536615,Motor Vehicle,DAC,20200829,58,N,Y,4.62,5,0,4,4,N,N,Y,37.63433,-84.77508,1,5,1,1,5,6,5,Y,2359,2,Y,2020,C,0,0,1,0,0,0,0,1,1,0,0,1
72537469,Motor Vehicle,DAC,20200831,1658,N,Y,3.443,0,0,2,2,N,N,Y,37.61744,-84.77446,8,2,6,1,1,2,2,N,1658,1706,N,2020,O,0,0,1,0,0,0,0,0,0,0,0,0
72537628,Motor Vehicle,Non DAC,20200831,1218,N,Y,1.18,0,0,2,2,N,N,Y,37.62061,-84.79383,8,2,1,1,1,3,2,N,1218,1226,N,2020,O,0,0,0,1,0,0,0,0,0,0,0,0
72537731,Motor Vehicle,Non DAC,20200901,1153,N,Y,12.335,0,0,2,2,N,N,Y,37.64855,-84.8028,5,2,6,1,1,2,2,N,1153,1203,N,2020,O,0,0,0,0,0,0,0,0,0,0,0,0
72537801,Motor Vehicle,DAC,20200901,1811,N,Y,0.238,0,0,2,2,N,N,Y,37.61721,-84.78177,1,2,6,1,1,3,2,N,1811,1817,N,2020,O,0,0,0,0,0,0,1,0,0,0,0,0
72538005,Motor Vehicle,DAC,20200902,716,N,Y,0.025,0,0,2,2,N,N,Y,37.61738,-84.77497,5,3,6,1,5,6,1,N,720,729,N,2020,O,0,0,0,0,0,0,1,0,0,0,0,0
72538061,Motor Vehicle,DAC,20200902,813,N,Y,5.334,0,0,2,2,N,N,Y,37.64483,-84.77414,8,2,6,1,5,6,2,N,813,818,N,2020,O,0,0,0,0,0,0,0,0,0,0,0,0
72538278,Motor Vehicle,Non DAC,20200903,30,N,Y,2.278,0,0,1,1,N,N,Y,37.67717,-84.76446,9,2,3,1,5,3,5,N,52,52,N,2020,O,0,0,1,0,0,0,0,0,0,0,0,0
72538708,Motor Vehicle,DAC,20200903,1517,N,Y,0.104,0,0,2,2,N,Y,Y,37.6185,-84.77282,5,1,6,2,1,2,2,N,1517,1522,N,2020,O,0,0,0,0,0,0,0,1,0,0,0,0
72539033,Motor Vehicle,Non DAC,20200904,1700,N,Y,12.323,0,0,2,2,N,N,Y,37.64857,-84.80278,5,3,6,1,1,2,2,N,1700,1705,N,2020,O,0,0,1,0,0,0,1,0,0,0,0,0
72539092,Motor Vehicle,DAC,20200904,1811,N,Y,3.487,2,0,2,2,N,N,Y,37.61803,-84.77464,5,2,6,1,1,2,2,Y,1813,1817,N,2020,C,0,0,0,0,0,0,0,1,0,0,0,0
72539326,Motor Vehicle,DAC,20200903,1324,N,N,0.001,0,0,2,2,N,N,Y,37.61643,-84.7744,5,2,4,1,5,6,2,N,1325,1333,N,2020,O,0,0,0,0,0,0,1,1,0,0,0,0
72539517,Motor Vehicle,DAC,20200906,921,N,Y,1.197,0,0,2,2,N,N,Y,37.62092,-84.75305,5,3,6,1,1,2,2,N,925,944,N,2020,O,0,0,0,0,0,0,1,0,0,0,0,0
72539861,Motor Vehicle,DAC,20200903,1615,N,Y,5.328,0,0,2,2,N,Y,Y,37.64468,-84.77256,5,2,4,1,1,2,2,N,1615,1621,N,2020,O,0,0,0,1,0,0,0,0,0,0,0,0
72540205,Motor Vehicle,Non DAC,20200908,853,N,Y,1.473,0,0,1,1,N,N,Y,37.67715,-84.76396,9,2,1,1,1,2,2,N,853,902,N,2020,O,0,0,0,0,0,0,0,0,0,0,0,0
72540503,Motor Vehicle,DAC,20200908,1705,N,N,0.021,0,0,1,1,N,N,Y,37.62386,-84.76438,9,2,4,1,1,3,2,N,1713,1727,N,2020,O,0,0,1,0,0,0,0,0,0,0,1,0
72540941,Motor Vehicle,DAC,20200910,1001,N,N,13.602,0,0,2,2,N,N,Y,37.64571,-84.77077,5,4,4,1,1,2,2,N,1003,1007,N,2020,O,0,0,1,0,0,0,1,0,0,0,0,0
72541164,Motor Vehicle,DAC,20200911,343,N,N,13.89,0,0,1,1,N,N,Y,37.64846,-84.76427,9,2,3,1,1,2,5,N,346,350,N,2020,O,0,0,0,0,0,0,1,1,0,0,1,0
72541269,Motor Vehicle,Non DAC,20200910,1104,N,N,1.122,0,0,1,1,N,N,Y,37.66151,-84.76815,9,2,1,1,1,2,2,N,1104,1109,N,2020,O,0,0,0,1,0,0,0,0,0,0,1,0
72541438,Motor Vehicle,DAC,20200909,2110,N,Y,0.176,2,0,2,2,N,N,Y,37.618,-84.77141,1,6,6,1,1,2,5,Y,2110,2113,N,2020,B,0,0,0,0,0,0,1,1,0,0,0,0
72541483,Motor Vehicle,DAC,20200912,100,N,N,0.947,0,0,1,1,N,N,Y,37.62029,-84.75762,9,4,6,1,1,2,6,N,101,103,N,2020,O,0,0,0,0,0,0,0,0,0,0,0,0
72541547,Motor Vehicle,DAC,20200911,1141,N,Y,4.195,0,0,2,2,N,N,Y,37.62816,-84.77476,5,2,6,1,1,2,2,N,1144,1144,N,2020,O,0,0,0,0,0,0,1,1,0,0,0,0
72541829,Motor Vehicle,DAC,20200913,1236,N,Y,0.001,0,0,2,2,N,N,Y,37.63222,-84.7516,5,2,4,1,5,3,2,N,1241,1246,N,2020,O,0,0,0,1,0,0,1,1,0,0,0,0
72542301,Motor Vehicle,Non DAC,20200914,1543,N,Y,2.929,0,0,2,2,N,N,Y,37.64474,-84.8028,1,2,6,2,1,2,2,N,1543,1549,N,2020,O,0,0,0,0,0,0,0,1,0,0,0,0
72542475,Motor Vehicle,DAC,20200915,1155,N,N,0.022,1,0,2,2,N,N,Y,37.61741,-84.77492,5,4,6,1,1,2,2,Y,1155,1200,N,2020,C,0,0,0,1,0,0,0,1,0,0,0,0
72542499,Motor Vehicle,DAC,20200915,1346,N,N,3.526,0,0,2,2,N,N,Y,37.61858,-84.77459,1,2,6,1,1,2,2,N,1346,1356,N,2020,O,0,0,1,1,0,0,1,1,0,0,0,0
72542581,Motor Vehicle,DAC,20200913,1502,N,N,3.724,0,0,2,2,N,N,Y,37.62142,-84.7746,1,2,6,1,1,2,2,N,1502,1505,N,2020,O,0,0,0,0,0,0,1,0,0,0,0,0
72542836,Motor Vehicle,DAC,20200916,1412,N,N,5.894,0,0,2,2,N,N,Y,37.64635,-84.78079,5,2,6,1,1,2,2,N,1417,1419,N,2020,O,0,0,0,0,0,0,1,0,0,0,0,0
72542871,Motor Vehicle,DAC,20200916,1355,N,Y,5.127,1,0,2,2,N,Y,Y,37.64192,-84.77442,1,2,4,1,1,2,2,Y,1359,1402,N,2020,B,0,0,0,1,0,0,0,1,0,0,0,0
72543124,Motor Vehicle,DAC,20200917,1053,N,N,0.469,0,0,1,1,N,N,Y,37.63892,-84.77144,9,1,6,1,1,2,2,N,1055,1103,N,2020,O,0,0,0,0,0,0,0,0,0,0,1,0
72543200,Motor Vehicle,Non DAC,20200916,1615,N,N,1.363,0,0,2,2,N,N,Y,37.6231,-84.79486,5,2,6,1,1,2,2,N,1617,1624,N,2020,O,0,0,0,0,0,0,1,0,0,0,0,0
72543531,Motor Vehicle,Non DAC,20200918,1435,N,N,0.216,0,0,2,2,N,N,Y,37.65696,-84.77962,2,2,6,1,1,2,2,N,1439,1443,N,2020,O,0,0,0,1,0,0,1,0,0,1,0,0
72543822,Motor Vehicle,DAC,20200919,1349,N,N,5.369,0,0,2,2,N,N,Y,37.64548,-84.77409,8,2,6,1,1,2,2,N,1349,1349,N,2020,O,0,0,0,0,0,0,1,0,0,0,1,0
72544067,Motor Vehicle,DAC,20200918,1141,N,Y,5.986,0,0,2,2,N,N,Y,37.64647,-84.78232,5,2,6,1,1,2,2,N,1139,1145,N,2020,O,0,0,0,0,0,0,1,0,0,0,0,0
72544103,Motor Vehicle,DAC,20200919,1328,N,Y,0.051,0,0,2,2,N,N,Y,37.61645,-84.77351,1,2,6,1,1,2,2,N,1328,1332,N,2020,O,0,0,0,0,0,0,1,1,0,0,0,0
72544119,Motor Vehicle,DAC,20200920,1251,N,N,0.013,0,0,2,2,Y,N,Y,37.64868,-84.77055,5,1,5,1,1,2,2,N,1252,1255,N,2020,O,0,0,0,0,0,0,1,0,0,0,0,0
72544235,Motor Vehicle,DAC,20200920,2058,N,Y,0.443,0,0,1,1,N,N,Y,37.61693,-84.78606,9,2,1,1,1,2,6,N,2058,2102,N,2020,O,0,0,0,1,0,0,0,0,0,0,0,0
72544307,Motor Vehicle,DAC,20200911,2133,N,Y,0.491,1,0,2,2,N,N,Y,37.61929,-84.7659,1,4,6,1,1,2,4,Y,2134,2141,N,2020,A,0,0,0,0,0,0,0,0,0,0,0,0
72544487,Motor Vehicle,DAC,20200921,1128,N,N,0.175,0,0,1,1,N,N,Y,37.62163,-84.77203,9,1,6,1,1,2,2,N,1150,1201,N,2020,O,0,0,0,0,0,0,0,0,0,0,0,0
72544582,Motor Vehicle,Non DAC,20200921,1635,N,Y,1.856,0,0,2,2,N,N,Y,37.62963,-84.79816,5,2,6,1,1,2,2,N,1635,1648,N,2020,O,0,0,0,1,0,0,1,1,0,0,0,0
72544584,Motor Vehicle,DAC,20200921,2016,N,Y,0,0,0,2,2,N,N,Y,37.64582,-84.77243,1,2,6,1,1,2,5,N,2018,2024,N,2020,O,0,0,0,0,0,0,1,0,0,0,0,0
72544663,Motor Vehicle,DAC,20200921,614,N,Y,5.332,0,0,2,2,N,N,Y,37.6448,-84.77414,1,2,6,1,1,2,5,N,614,617,N,2020,O,0,0,1,0,0,0,1,1,0,0,0,0
72544817,Motor Vehicle,DAC,20200922,1115,N,Y,5.33,0,0,2,2,N,N,Y,37.64483,-84.77414,1,2,6,1,1,2,2,N,1122,1123,N,2020,O,0,0,0,0,0,0,1,1,0,0,0,0
72545063,Motor Vehicle,Non DAC,20200922,2105,N,Y,1.551,0,0,1,1,N,N,Y,37.67707,-84.76254,9,2,6,1,1,2,5,N,2105,2121,N,2020,O,0,0,0,0,0,0,0,0,0,0,0,0
72545285,Motor Vehicle,DAC,20200921,1635,N,Y,0.003,0,0,2,2,N,N,Y,37.61746,-84.7744,5,2,6,1,1,2,2,N,1635,1648,N,2020,O,0,0,0,0,0,0,1,1,0,0,0,0
72545813,Motor Vehicle,DAC,20200916,1720,N,N,3.531,0,0,2,2,N,N,Y,37.61865,-84.77453,5,5,6,1,1,2,2,N,1720,1725,N,2020,O,0,0,0,0,0,0,1,0,0,0,0,0
72546123,Motor Vehicle,DAC,20200926,1420,N,Y,4.296,0,0,2,2,N,N,Y,37.62965,-84.77482,5,5,6,1,1,2,2,N,1423,1427,N,2020,O,0,0,0,0,0,0,1,1,0,0,0,0
72546950,Motor Vehicle,DAC,20200928,1526,N,Y,3.485,0,0,2,2,N,Y,Y,37.61802,-84.77445,1,2,3,1,5,6,2,N,1526,1531,N,2020,O,0,0,0,1,0,0,0,1,0,0,0,0
72547022,Motor Vehicle,Non DAC,20200928,1434,N,N,0.294,0,0,2,2,N,N,Y,37.65205,-84.75195,3,2,2,1,5,6,2,N,1434,1442,N,2020,O,0,0,1,0,0,0,0,1,0,0,1,0
72547029,Motor Vehicle,Non DAC,20200929,26,N,Y,1.23,0,0,1,1,N,N,Y,37.62122,-84.79436,9,4,1,1,5,4,6,N,26,32,N,2020,O,0,0,1,0,0,0,0,0,0,0,0,0
72547399,Motor Vehicle,DAC,20200929,2305,N,N,13.883,0,0,1,1,N,N,Y,37.64475,-84.76666,9,2,3,1,5,3,5,N,2305,2309,N,2020,O,0,0,1,0,0,0,1,0,0,0,1,0
72547567,Motor Vehicle,Non DAC,20200930,1140,N,Y,0.001,0,0,2,2,N,N,Y,37.6542,-84.77285,3,2,4,1,1,2,2,N,1145,1152,N,2020,O,0,0,0,0,0,0,1,0,0,0,0,0
72547568,Motor Vehicle,Non DAC,20200930,1405,N,Y,13.628,0,0,2,2,N,N,Y,37.64565,-84.78705,5,2,2,1,1,2,2,N,1405,1413,N,2020,O,0,0,0,0,0,0,1,1,0,0,0,0
72547634,Motor Vehicle,DAC,20200930,1558,N,Y,5.197,0,0,2,2,N,N,Y,37.64289,-84.77433,1,2,6,1,1,2,2,N,1557,1558,N,2020,O,0,0,0,0,0,0,1,0,0,0,0,0
72548067,Motor Vehicle,DAC,20201001,1435,N,Y,5.042,0,0,2,2,N,Y,Y,37.64071,-84.77452,1,2,6,1,1,2,2,N,1435,1444,N,2020,O,0,0,0,0,0,0,1,1,0,0,0,0
72548178,Motor Vehicle,DAC,20200924,1919,N,Y,5.331,0,0,2,2,N,Y,Y,37.64481,-84.77413,1,2,6,1,1,2,5,N,1919,1922,N,2020,O,0,0,0,0,0,0,1,1,0,0,0,0
72548202,Motor Vehicle,DAC,20201001,1643,N,Y,3.516,0,0,2,2,N,N,Y,37.61849,-84.77461,1,2,6,1,1,2,2,N,1643,1649,N,2020,O,0,0,0,0,0,0,1,1,0,0,0,0
72548285,Motor Vehicle,DAC,20201001,1251,N,Y,3.465,0,0,2,2,N,N,Y,37.61767,-84.7746,5,2,6,1,1,2,2,N,1054,1056,N,2020,O,0,0,0,0,0,0,1,1,0,0,0,0