MasterFile,Mode,Disadvantaged_Com_ID,CollisionDate,CollisionTime,ParkingLotIndicator,IntersectionWith_Indicator_,Milepoint,NumberInjured,NumberKilled,ofUnits,ofMotorVeh,Hit_RunIndicator,OneWayIndicator,InCityLimitsIndicator,Latitude,Longitude,MannerofCollisionCode,TotalLanes,RoadwayCharacterCode,RoadwaySurfaceCode,RoadwayConditionCode,WeatherCode,LightConditionCode,FirstAidSceneIndicator,TimeNotified,TimeArrived,MedianCros,YR,KABCO,Motorcyclist,Commercial Vehicle,Young Driver,Mature Driver,Pedestrian,Bicyclist,Distracted,Aggressive,Impaired,Unrestrained,Roadway Departure,Median Cross-over
72548462,Motor Vehicle,DAC,20200929,1025,N,N,5.115,0,0,2,2,N,Y,Y,37.64215,-84.77445,1,2,6,1,1,2,2,N,1031,1040,N,2020,O,0,0,0,0,0,0,1,1,0,0,1,0
72548705,Motor Vehicle,DAC,20201002,1447,N,N,4.789,0,0,2,2,N,Y,Y,37.63655,-84.77392,8,2,3,1,1,2,2,N,1451,1459,N,2020,O,0,0,0,0,0,0,1,0,0,0,1,0
72549134,Motor Vehicle,Non DAC,20201004,1834,N,Y,15.817,0,0,1,1,N,N,Y,37.66592,-84.7381,9,2,3,1,5,3,2,N,1834,1839,N,2020,O,0,0,0,0,0,0,1,1,0,0,0,0
72549228,Motor Vehicle,DAC,20201005,207,N,N,13.671,0,0,1,1,N,N,Y,37.64606,-84.76652,9,2,2,1,1,2,7,N,209,211,N,2020,O,0,0,0,0,0,0,0,0,0,0,1,0
72549360,Motor Vehicle,DAC,20201004,1722,N,N,0.62,3,0,2,2,N,N,Y,37.61661,-84.78572,1,5,6,1,1,3,2,Y,1722,1727,N,2020,C,0,0,0,0,0,0,1,1,0,0,0,0
72549548,Motor Vehicle,Non DAC,20201005,1717,N,Y,4.615,0,0,2,2,N,N,Y,37.66583,-84.79195,8,4,6,2,1,2,2,N,1717,1721,N,2020,O,0,0,0,1,0,0,1,1,0,0,0,0
72549766,Motor Vehicle,DAC,20201005,1629,N,N,0.781,1,0,1,1,N,N,Y,37.64905,-84.7731,9,2,6,1,1,2,2,Y,1629,1634,N,2020,C,0,0,0,0,0,0,0,0,0,0,1,0
72550074,Motor Vehicle,DAC,20201006,1552,N,N,4.046,1,0,2,2,N,N,Y,37.62603,-84.77474,1,5,6,1,1,2,2,Y,1549,1552,N,2020,C,0,0,0,1,0,0,1,1,0,0,0,0
72550169,Motor Vehicle,DAC,20201007,1609,N,Y,5.197,0,0,2,2,N,Y,Y,37.64289,-84.77433,1,2,6,1,1,2,2,N,1609,1611,N,2020,O,0,0,0,0,0,0,1,0,0,0,0,0
72550436,Motor Vehicle,DAC,20201005,657,N,Y,1.073,0,0,2,2,N,N,Y,37.63135,-84.77488,1,2,6,1,1,2,5,N,659,706,N,2020,O,0,0,0,0,0,0,1,1,0,0,0,0
72550552,Motor Vehicle,DAC,20201008,2004,N,Y,0.001,0,0,2,2,Y,N,Y,37.61738,-84.77754,7,0,6,1,1,2,5,N,2004,2010,N,2020,O,0,0,0,0,0,0,1,0,0,0,0,0
72550810,Motor Vehicle,Non DAC,20201009,1530,N,Y,3.197,0,0,2,2,N,N,Y,37.64857,-84.8032,5,4,6,1,1,3,2,N,1535,1545,N,2020,O,0,0,0,1,0,0,1,1,0,0,0,0
72550913,Motor Vehicle,DAC,20201007,1518,N,Y,4.208,1,0,2,2,N,N,Y,37.62836,-84.77485,1,2,6,1,1,2,2,Y,1518,1518,N,2020,B,0,0,0,1,0,0,0,1,0,0,0,0
72550914,Motor Vehicle,Non DAC,20201009,1358,N,Y,15.914,2,0,2,2,N,N,Y,37.66622,-84.73671,5,2,6,1,1,2,2,Y,1358,1402,N,2020,B,0,0,0,0,0,0,1,1,0,0,0,0
72551056,Motor Vehicle,DAC,20201010,1030,N,N,13.818,0,0,2,2,N,N,Y,37.64549,-84.767,2,2,6,1,5,6,2,N,1030,1035,N,2020,O,0,0,0,0,0,0,1,0,0,0,1,0
72551149,Motor Vehicle,DAC,20201010,1232,N,N,3.401,0,0,2,2,N,N,Y,37.61681,-84.77463,5,2,6,1,5,6,2,N,1232,1242,N,2020,O,0,0,0,0,0,0,0,0,0,0,0,0
72551282,Motor Vehicle,DAC,20201011,1,N,Y,14.646,0,0,1,1,N,N,Y,37.63653,-84.75751,9,2,5,1,5,2,5,N,1,5,N,2020,O,0,0,0,0,0,0,0,0,0,0,0,0
72551303,Motor Vehicle,DAC,20201011,45,N,Y,5.405,0,0,2,2,N,N,Y,37.64582,-84.77247,3,2,6,1,5,6,5,N,45,46,N,2020,O,0,0,0,0,0,0,0,0,0,0,0,0
72551442,Motor Vehicle,DAC,20201006,1604,N,Y,0.208,1,0,2,2,N,N,Y,37.62257,-84.76407,1,2,4,1,1,2,2,Y,1604,1604,N,2020,B,0,0,1,0,0,0,1,1,0,0,0,0
72552056,Motor Vehicle,Non DAC,20201011,648,N,Y,1.455,0,0,1,1,N,N,Y,37.67736,-84.76405,9,2,3,1,5,6,5,N,648,653,N,2020,O,0,0,0,0,0,0,0,1,0,0,0,0
72552100,Motor Vehicle,DAC,20201008,1236,N,Y,0.628,0,0,2,2,N,N,Y,37.61966,-84.76341,5,1,6,1,1,2,2,N,1244,1248,N,2020,O,0,0,0,0,0,0,1,1,0,0,0,0
72552249,Motor Vehicle,DAC,20201013,1134,N,N,5.389,1,0,1,1,N,Y,Y,37.64586,-84.77402,9,2,6,1,1,2,2,Y,1132,1138,N,2020,B,0,0,0,1,0,0,0,0,0,0,1,0
72553695,Motor Vehicle,DAC,20201017,729,N,Y,5.328,0,0,2,2,N,N,Y,37.64483,-84.77409,1,2,6,1,1,2,1,N,729,729,N,2020,O,0,0,1,1,0,0,1,1,0,0,0,0
72553811,Motor Vehicle,DAC,20201016,1420,N,Y,0.078,0,0,2,2,N,N,Y,37.61345,-84.7732,2,2,6,1,1,2,2,N,1420,1422,N,2020,O,0,0,1,1,0,0,1,1,0,0,0,0
72553834,Motor Vehicle,DAC,20201014,0,N,Y,5.246,0,0,2,2,Y,N,Y,37.64383,-84.77425,1,2,4,1,1,2,2,N,1450,1501,N,2020,O,0,0,1,0,0,0,0,1,0,0,0,0
72553874,Motor Vehicle,Non DAC,20201016,1703,N,N,12.546,0,0,2,2,N,N,Y,37.63161,-84.79423,1,2,6,1,1,2,2,N,1703,1705,N,2020,O,0,0,0,0,0,0,1,1,0,0,0,0
72554105,Motor Vehicle,DAC,20201017,1720,N,N,0.135,0,0,2,2,N,N,Y,37.61733,-84.78008,1,2,6,1,1,2,2,N,1720,1721,N,2020,O,0,0,0,0,0,0,1,1,0,0,0,0
72554470,Motor Vehicle,DAC,20201019,1211,N,Y,5.888,0,0,2,2,N,N,Y,37.64635,-84.78069,5,2,4,1,5,6,2,N,1211,1215,N,2020,O,0,0,1,0,0,0,1,0,0,0,0,0
72554500,Motor Vehicle,DAC,20201019,1303,N,Y,5.127,0,0,2,2,N,N,Y,37.64192,-84.77442,1,2,6,1,5,6,2,N,1303,1305,N,2020,O,0,0,0,1,0,0,0,1,0,0,0,0
72554730,Motor Vehicle,Non DAC,20201019,1623,N,Y,1.8,0,0,3,3,N,N,Y,37.62894,-84.79761,8,5,6,1,5,6,2,N,1623,1627,N,2020,O,0,0,0,0,0,0,0,0,0,0,0,0
72555087,Motor Vehicle,Non DAC,20201020,1634,N,Y,2.668,0,0,2,2,N,N,Y,37.64087,-84.80269,1,4,6,1,1,2,2,N,1634,1636,N,2020,O,0,0,0,0,0,0,1,0,0,0,0,0
72555324,Motor Vehicle,DAC,20201021,713,N,Y,2.33,0,0,1,1,N,N,N,37.60136,-84.77371,9,4,6,1,1,2,5,N,713,723,N,2020,O,0,1,0,1,0,0,0,0,1,0,0,0
72555431,Motor Vehicle,Non DAC,20201021,1652,N,Y,8.213,0,0,2,2,N,N,Y,37.67723,-84.79087,5,2,6,1,1,2,2,N,1646,1650,N,2020,O,0,0,0,1,0,0,1,0,0,0,0,0
72556016,Motor Vehicle,DAC,20201023,1024,N,N,0,0,0,2,2,N,N,Y,37.61643,-84.77442,5,2,6,1,1,2,2,N,1036,1037,N,2020,O,0,0,0,0,0,0,1,1,0,0,0,0
72556038,Motor Vehicle,DAC,20201023,1153,N,Y,4.68,0,0,2,2,N,N,Y,37.6352,-84.77504,5,2,6,1,1,2,2,N,1157,1200,N,2020,O,0,0,0,1,0,0,1,1,0,0,0,0
72556150,Motor Vehicle,DAC,20201022,2000,N,Y,4.209,0,0,2,2,N,N,Y,37.62844,-84.77471,5,2,6,1,1,2,2,N,1900,1900,N,2020,O,0,0,0,0,0,0,0,0,0,0,0,0
72556699,Motor Vehicle,DAC,20201025,706,N,Y,3.392,0,0,2,2,N,N,Y,37.61657,-84.77463,8,2,6,1,5,3,5,N,709,710,N,2020,O,0,0,0,1,0,0,1,0,0,0,0,0
72556850,Motor Vehicle,DAC,20201025,1854,N,Y,5.974,2,0,2,2,N,N,Y,37.64635,-84.78239,5,3,6,1,1,2,3,Y,1854,1855,N,2020,C,0,0,0,0,0,0,1,0,0,0,0,0
72557262,Motor Vehicle,DAC,20201026,1929,N,Y,0.001,0,0,2,2,N,N,Y,37.62843,-84.77478,5,2,6,1,1,2,5,N,1930,1938,N,2020,O,0,0,0,0,0,0,0,1,0,0,0,0
72557282,Motor Vehicle,DAC,20201026,2039,N,Y,13.507,0,0,2,2,N,N,Y,37.64635,-84.78233,8,3,6,1,1,2,5,N,2039,2045,N,2020,O,0,0,1,1,0,0,1,1,0,0,0,0
72557309,Pedestrian,DAC,20201026,2045,N,Y,13.508,0,0,2,1,Y,N,Y,37.64635,-84.78232,9,4,6,1,1,2,5,N,2350,2355,N,2020,O,0,0,0,0,1,0,1,1,0,0,0,0
72557961,Motor Vehicle,Non DAC,20201006,1555,N,N,4.703,1,0,2,2,N,N,Y,37.66707,-84.7918,1,4,6,1,1,2,2,Y,1557,1603,N,2020,A,0,0,0,1,0,0,0,1,0,0,0,0
72558876,Motor Vehicle,DAC,20201030,1031,N,Y,0.017,0,0,2,2,N,N,Y,37.61722,-84.78178,1,1,6,1,5,3,2,N,1020,1027,N,2020,O,0,0,0,0,0,0,0,1,0,0,0,0
72558963,Motorcyclist,DAC,20201029,1602,N,Y,4.942,0,0,2,2,N,Y,Y,37.6387,-84.77315,1,2,6,1,5,6,2,N,1602,1609,N,2020,O,1,0,0,0,0,0,0,0,0,0,0,0
72559288,Motor Vehicle,Non DAC,20201031,1046,N,N,1.26,0,0,2,2,N,N,Y,37.62169,-84.79427,5,2,6,1,1,2,2,N,1049,1102,N,2020,O,0,0,0,1,0,0,1,0,0,0,0,0
72559990,Motor Vehicle,DAC,20201028,1903,N,Y,4.138,1,0,2,2,N,N,Y,37.62734,-84.77476,1,2,6,1,5,6,7,Y,1903,1907,N,2020,B,0,0,0,0,0,0,1,0,0,0,0,0
72559998,Motor Vehicle,DAC,20201102,1402,N,Y,4.853,0,0,2,2,N,Y,Y,37.63802,-84.77476,1,2,6,1,1,2,2,N,1402,1439,N,2020,O,0,0,0,1,0,0,1,0,0,0,0,0
72560125,Motor Vehicle,DAC,20201102,1600,N,N,3.588,0,0,2,2,N,N,Y,37.61947,-84.7746,7,5,6,1,1,2,2,N,1600,1608,N,2020,O,0,0,0,0,0,0,1,1,0,0,1,0
72560322,Motor Vehicle,Non DAC,20201102,705,N,Y,1.794,0,0,2,2,N,N,Y,37.62887,-84.79758,5,2,6,1,1,2,2,N,705,718,N,2020,O,0,0,0,0,0,0,1,0,0,0,0,0
72560472,Motor Vehicle,Non DAC,20201102,1812,N,Y,12.352,0,0,2,2,N,N,Y,37.64856,-84.80248,5,2,6,1,1,2,5,N,1812,1821,N,2020,O,0,0,0,1,0,0,1,0,0,0,0,0
72560660,Motor Vehicle,Non DAC,20201103,1250,N,Y,1.233,1,0,3,3,N,N,Y,37.6213,-84.79414,5,2,1,1,1,2,2,Y,1250,1254,N,2020,B,0,1,0,1,0,0,1,0,0,0,0,0
72560913,Motor Vehicle,Non DAC,20201104,1504,N,N,1.345,0,0,2,2,N,N,Y,37.66458,-84.76786,5,2,6,1,1,2,2,N,1504,1510,N,2020,O,0,0,0,0,0,0,1,0,0,0,0,0
72561172,Motor Vehicle,Non DAC,20201105,821,N,Y,0.026,0,0,2,2,N,N,Y,37.65087,-84.76512,1,1,6,1,1,2,2,N,821,826,N,2020,O,0,0,0,0,0,0,0,0,0,0,0,0
72561426,Motor Vehicle,DAC,20201105,1157,N,N,0.132,0,0,2,2,N,N,Y,37.64696,-84.77072,8,2,4,1,1,2,2,N,1157,1201,N,2020,O,0,0,0,1,0,0,1,0,0,0,0,0
72561531,Motor Vehicle,Non DAC,20201106,1056,N,Y,4.614,0,0,1,1,N,N,Y,37.66583,-84.79216,9,2,4,1,1,2,2,N,1056,1103,N,2020,O,0,0,0,0,0,0,0,0,0,0,0,0
72561606,Motor Vehicle,DAC,20201106,1756,N,N,5.327,0,0,2,2,N,N,Y,37.64487,-84.77416,5,2,6,1,1,2,3,N,1759,1801,N,2020,O,0,0,1,0,0,0,1,1,0,0,0,0
72561678,Motor Vehicle,Non DAC,20201106,143,N,N,1.73,0,0,1,1,N,N,Y,37.62803,-84.79714,9,4,6,1,1,2,6,N,143,148,N,2020,O,0,0,0,0,0,0,0,0,0,0,0,0
72562616,Motor Vehicle,DAC,20201107,1705,N,Y,3.691,0,0,2,2,N,N,Y,37.62094,-84.77452,1,2,6,1,1,2,2,N,1705,1710,N,2020,O,0,0,0,0,0,0,0,1,0,0,0,0
72562618,Motor Vehicle,DAC,20201109,1215,N,N,13.665,0,0,3,3,N,N,Y,37.64599,-84.76653,8,2,4,1,1,2,2,N,1219,1222,N,2020,O,0,0,0,1,0,0,0,0,0,0,0,0
72562733,Motor Vehicle,DAC,20201109,1415,N,Y,3.808,0,0,2,2,N,N,Y,37.62263,-84.77462,1,2,6,1,1,2,2,N,1415,1420,N,2020,O,0,0,0,0,0,0,1,1,0,0,0,0
72563047,Motor Vehicle,DAC,20201110,1114,N,Y,13.52,0,0,2,2,N,N,Y,37.64587,-84.77223,5,4,6,1,1,2,2,N,1114,1120,N,2020,O,0,0,0,0,0,0,1,1,0,0,0,0
72563048,Motor Vehicle,Non DAC,20201110,1422,N,Y,13.612,0,0,2,2,N,N,Y,37.64562,-84.78735,5,2,2,1,1,2,2,N,1422,1422,N,2020,O,0,0,0,0,0,0,1,1,0,0,0,0
72563129,Motor Vehicle,DAC,20201108,1958,N,Y,3.364,0,0,2,2,N,N,Y,37.61655,-84.77464,8,2,3,1,1,2,5,N,2000,2001,N,2020,O,0,0,1,0,0,0,1,0,0,0,0,0
72563130,Motor Vehicle,DAC,20201110,1711,N,Y,3.517,1,0,2,2,N,N,Y,37.61848,-84.77459,1,2,6,1,1,2,2,Y,1710,1711,N,2020,C,0,0,0,0,0,0,1,1,0,0,0,0
72563817,Motor Vehicle,DAC,20201112,816,N,Y,5.33,0,0,2,2,N,Y,Y,37.64482,-84.77415,1,2,6,1,1,2,2,N,816,819,N,2020,O,0,0,0,0,0,0,1,1,0,0,0,0
72564003,Motor Vehicle,DAC,20201112,1930,N,Y,0.103,0,0,2,2,Y,N,Y,37.63072,-84.77205,7,0,5,1,1,2,4,N,1930,1934,N,2020,O,0,0,0,0,0,0,1,0,0,0,0,0
72564221,Motor Vehicle,DAC,20201112,1233,N,N,5.497,0,0,2,2,N,N,Y,37.64589,-84.77368,5,2,6,1,1,2,2,N,1236,1240,N,2020,O,0,0,0,1,0,0,1,0,0,0,0,0
72564304,Motor Vehicle,DAC,20201113,1006,N,Y,4.912,0,0,2,2,N,Y,Y,37.63882,-84.7747,1,2,6,1,1,2,2,N,1008,1011,N,2020,O,0,0,0,0,0,0,1,0,0,0,0,0
72564348,Motor Vehicle,Non DAC,20201113,1200,N,Y,0.001,0,0,2,2,N,N,Y,37.67724,-84.79086,5,2,6,1,1,2,2,N,1207,1217,N,2020,O,0,0,0,1,0,0,1,0,0,0,0,0
72564372,Motor Vehicle,DAC,20201113,1240,N,Y,3.517,0,0,3,3,N,N,Y,37.61846,-84.7746,1,3,6,1,1,2,2,N,1241,1245,N,2020,O,0,0,0,0,0,0,1,1,0,0,0,0
72564687,Motor Vehicle,DAC,20201113,1904,N,Y,0,0,0,2,2,N,N,Y,37.64546,-84.76661,4,3,6,1,1,2,5,N,1905,1906,N,2020,O,0,0,0,0,0,0,1,0,0,0,0,0
72564820,Motor Vehicle,Non DAC,20201114,1603,N,N,0.958,0,0,2,2,N,N,Y,37.64367,-84.79148,8,2,6,1,1,2,2,N,1605,1610,N,2020,O,0,0,1,0,0,0,1,1,0,0,1,0
72565175,Motor Vehicle,DAC,20201115,1750,N,N,0.998,0,0,1,1,N,N,Y,37.62061,-84.75671,9,2,6,1,1,2,3,N,1750,1752,N,2020,O,0,0,1,0,0,0,0,0,0,0,0,0
72565368,Motor Vehicle,DAC,20201113,1154,N,N,4.059,0,0,2,2,N,N,Y,37.62621,-84.77472,1,2,6,1,1,2,2,N,1157,1202,N,2020,O,0,0,1,1,0,0,1,1,0,0,0,0
72565369,Motor Vehicle,Non DAC,20201115,1046,N,N,0.291,0,0,1,1,N,N,Y,37.65209,-84.75193,9,2,1,1,5,3,2,N,1047,1052,N,2020,O,0,0,0,0,0,0,0,1,0,0,1,0
72565833,Motor Vehicle,DAC,20201117,936,N,N,0.745,3,0,2,2,N,N,Y,37.63444,-84.77171,2,2,4,1,1,2,2,Y,936,939,N,2020,B,0,0,1,0,0,0,1,0,0,0,0,0
72566145,Motor Vehicle,Non DAC,20201116,852,N,Y,0.002,0,0,2,2,N,N,Y,37.64854,-84.80516,5,3,6,1,1,2,2,N,851,853,N,2020,O,0,0,0,0,0,0,1,1,0,0,0,0
72566997,Motor Vehicle,DAC,20201120,1740,N,Y,0.035,0,0,2,2,N,N,Y,37.6164,-84.77378,1,2,6,1,1,2,5,N,1740,1745,N,2020,O,0,0,0,1,0,0,1,0,0,0,0,0
72567205,Motor Vehicle,DAC,20201121,1234,N,Y,0.011,0,0,2,2,N,N,Y,37.61742,-84.77467,5,4,6,1,1,3,2,N,1236,1246,N,2020,O,0,0,1,0,0,0,0,0,0,0,0,0
72567261,Motor Vehicle,DAC,20201121,1305,N,N,0.071,0,0,1,1,N,N,Y,37.61493,-84.77569,9,2,1,1,1,3,2,Y,1308,1309,N,2020,O,0,0,0,1,0,0,0,0,0,0,1,0
72567287,Motorcyclist,DAC,20201120,1558,N,Y,3.651,1,0,2,2,N,N,Y,37.62037,-84.77458,1,5,6,1,1,2,2,Y,1559,1602,N,2020,B,1,0,0,0,0,0,1,1,0,0,0,0
72567342,Motor Vehicle,Non DAC,20201121,1904,N,N,11.407,3,0,2,2,N,N,Y,37.62409,-84.81179,1,2,6,1,1,2,7,Y,1905,1908,N,2020,B,0,0,0,0,0,0,1,1,0,0,1,0
72567868,Motor Vehicle,DAC,20201121,1209,N,Y,0.168,0,0,2,2,N,N,Y,37.61736,-84.77755,1,2,6,1,1,2,2,N,1212,1217,N,2020,O,0,0,0,0,0,0,1,1,0,0,0,0
72567983,Motor Vehicle,Non DAC,20201123,1235,N,Y,0.002,0,0,2,2,N,N,Y,37.6496,-84.74802,3,2,1,1,1,2,2,N,1239,1249,N,2020,O,0,0,0,0,0,0,1,0,0,0,0,0
72568319,Motor Vehicle,DAC,20201124,1106,N,N,14.423,2,0,1,1,N,N,Y,37.63856,-84.76049,9,2,4,1,1,2,2,Y,1108,1110,N,2020,B,0,0,0,0,0,0,0,0,0,0,1,0
72569219,Motor Vehicle,Non DAC,20201127,1526,N,Y,12.317,0,0,2,2,N,N,Y,37.64856,-84.80318,5,2,6,1,1,2,2,N,1526,1533,N,2020,O,0,0,1,0,0,0,1,0,0,0,0,0
72569514,Motor Vehicle,Non DAC,20201128,1730,N,N,1.696,0,0,1,1,N,N,Y,37.62756,-84.79696,9,4,6,1,1,2,6,N,1730,1733,N,2020,O,0,0,0,0,0,0,0,0,0,0,0,0
72569917,Motor Vehicle,DAC,20201123,1310,N,Y,5.329,0,0,2,2,N,N,Y,37.64481,-84.7742,1,2,6,1,1,2,2,Y,1310,1311,N,2020,O,0,0,1,0,0,0,1,1,0,0,0,0
72570006,Motor Vehicle,DAC,20201128,1437,N,Y,3.255,0,0,2,2,N,N,Y,37.61468,-84.77447,1,2,6,1,1,2,2,N,1441,1443,N,2020,O,0,0,0,1,0,0,1,1,0,0,0,0
72570137,Motor Vehicle,DAC,20201130,1740,N,Y,4.912,0,0,1,1,N,Y,Y,37.63882,-84.7747,9,2,6,1,5,9,5,N,1740,1745,N,2020,O,0,0,0,0,0,0,0,0,0,0,0,0
72570393,Motor Vehicle,Non DAC,20201201,705,N,N,18.345,0,0,3,3,N,N,Y,37.61696,-84.79859,1,2,4,1,2,2,2,N,705,727,N,2020,O,0,0,0,0,0,0,0,0,0,0,1,0
72570470,Motor Vehicle,Non DAC,20201201,1216,N,Y,3.212,0,0,2,2,N,N,Y,37.64873,-84.80314,5,4,6,1,1,2,2,N,1220,1226,N,2020,O,0,1,0,0,0,0,1,1,0,0,0,0
72570858,Motor Vehicle,DAC,20201202,1000,N,Y,5.993,0,0,2,2,N,N,Y,37.64657,-84.78232,5,2,6,1,1,2,2,N,1000,1003,N,2020,O,0,0,0,0,0,0,0,0,0,0,0,0
72570929,Motor Vehicle,DAC,20201125,1416,N,Y,0.83,0,0,2,2,N,N,Y,37.64898,-84.77217,5,2,6,1,5,2,2,N,1416,1418,N,2020,O,0,0,0,0,0,0,0,1,0,0,0,0
72570930,Motor Vehicle,Non DAC,20201201,1506,N,Y,12.241,0,0,2,2,N,N,Y,37.62884,-84.79797,6,2,6,1,4,2,2,N,1506,1511,N,2020,O,0,0,0,0,0,0,1,1,0,0,0,0
72571159,Motor Vehicle,DAC,20201116,1530,N,N,0.254,0,0,2,2,N,N,Y,37.61722,-84.78205,2,2,4,1,1,2,2,N,1530,1530,N,2020,O,0,0,0,1,0,0,1,0,0,0,0,0
72571278,Motor Vehicle,DAC,20201202,1245,N,N,0.13,0,0,2,2,N,N,Y,37.61743,-84.77683,5,2,6,1,1,2,2,N,1245,1247,N,2020,O,0,0,0,0,0,0,1,1,0,0,0,0
72572558,Motor Vehicle,DAC,20201204,1230,N,Y,5.251,0,0,2,2,N,Y,Y,37.64372,-84.77425,1,2,6,1,1,3,2,N,1235,1236,N,2020,O,0,0,0,0,0,0,1,1,0,0,0,0
72572732,Motor Vehicle,DAC,20201207,1745,N,Y,0.239,0,0,2,2,N,N,Y,37.61721,-84.78178,1,2,6,1,1,2,5,N,1748,1759,N,2020,O,0,0,0,1,0,0,1,0,0,0,0,0
72572916,Motor Vehicle,DAC,20201208,1132,N,Y,0.304,0,0,2,2,N,N,Y,37.61873,-84.76941,1,2,6,1,1,3,2,N,1134,1135,N,2020,O,0,1,0,0,0,0,0,0,0,0,0,0
72573161,Motor Vehicle,DAC,20201208,1145,N,Y,0.395,0,0,2,2,N,N,Y,37.62655,-84.75235,1,2,4,1,1,3,2,N,1154,1201,N,2020,O,0,0,0,0,0,0,1,1,0,0,0,0
72573484,Motor Vehicle,Non DAC,20201210,821,N,Y,2.297,0,0,1,1,N,N,Y,37.67736,-84.76408,9,2,6,1,1,2,2,N,817,822,N,2020,O,0,0,0,0,0,0,0,1,0,0,0,0
72573580,Motor Vehicle,DAC,20200410,954,N,Y,3.442,0,0,2,2,N,N,Y,37.61745,-84.77443,5,2,6,1,1,2,2,N,956,959,N,2020,O,0,0,1,0,0,0,1,0,0,0,0,0
72573695,Motor Vehicle,Non DAC,20201210,1435,N,Y,1.801,0,0,2,2,N,N,Y,37.62898,-84.79762,5,4,6,1,1,2,2,N,1435,1439,N,2020,O,0,0,0,0,0,0,0,1,0,0,0,0
72574020,Motor Vehicle,Non DAC,20201211,1953,N,Y,8.211,0,0,2,2,N,N,Y,37.67722,-84.79086,1,2,6,1,1,2,5,N,1954,1958,N,2020,O,0,0,0,0,0,0,1,1,0,0,0,0
72574024,Motor Vehicle,Non DAC,20201209,1611,N,N,1.987,0,0,2,2,N,N,Y,37.67362,-84.75654,1,2,6,1,1,2,2,N,1514,1515,Y,2020,O,0,0,0,1,0,0,1,1,0,0,0,0
72574206,Motor Vehicle,DAC,20201212,1216,N,N,0.06,0,0,2,2,N,N,Y,37.61753,-84.77555,5,4,6,1,5,3,2,N,1217,1226,N,2020,O,0,0,1,0,0,0,0,1,0,0,0,0
72574588,Motor Vehicle,Non DAC,20201213,1753,N,Y,8.211,1,0,2,2,N,N,Y,37.67723,-84.79084,1,2,6,1,1,2,5,Y,1746,1753,N,2020,C,0,0,0,0,0,0,1,1,0,0,0,0
72574640,Motor Vehicle,Non DAC,20201212,2239,N,N,1.296,0,0,1,1,N,N,Y,37.62209,-84.7948,9,2,6,1,1,2,5,N,2216,2223,N,2020,O,0,0,0,0,0,0,1,0,1,0,1,0
72574703,Motor Vehicle,DAC,20201213,2246,N,Y,5.331,1,0,3,3,N,Y,Y,37.64479,-84.77414,1,2,6,1,5,6,5,Y,2247,2249,N,2020,C,0,0,0,1,0,0,1,1,0,0,0,0
72574846,Motor Vehicle,DAC,20201214,1159,N,Y,3.253,0,0,2,2,N,N,Y,37.61465,-84.77447,5,3,6,1,1,2,2,N,1202,1202,N,2020,O,0,0,0,1,0,0,1,0,0,0,0,0
72574890,Motor Vehicle,DAC,20201211,1500,N,Y,3.445,0,0,2,2,Y,N,Y,37.61739,-84.77446,5,7,6,1,1,2,2,N,1504,1504,N,2020,O,0,0,0,1,0,0,1,0,0,0,0,0
72574933,Motor Vehicle,DAC,20201214,1718,N,N,4.071,0,0,2,2,N,N,Y,37.62638,-84.77473,1,2,6,1,1,2,2,N,1718,1720,N,2020,O,0,0,0,0,0,0,1,1,0,0,0,0
72575234,Motor Vehicle,Non DAC,20201214,2003,N,Y,1.802,0,0,1,1,N,N,Y,37.62888,-84.79783,9,2,6,1,1,2,5,N,2003,2026,N,2020,O,0,0,0,0,0,0,1,0,0,0,0,0
72575573,Motor Vehicle,DAC,20201216,1445,N,N,0.041,0,0,2,2,Y,N,Y,37.64512,-84.77089,1,2,6,1,5,6,2,N,1448,1452,N,2020,O,0,0,0,1,0,0,0,0,0,0,0,0
72575916,Motor Vehicle,Non DAC,20201210,1345,N,N,0.987,2,0,1,1,N,N,Y,37.65983,-84.76922,9,2,6,1,1,2,2,Y,1349,1344,N,2020,A,0,0,1,0,0,0,0,0,0,0,1,0
72575918,Motor Vehicle,DAC,20201216,1215,N,Y,0,0,0,2,2,Y,N,Y,37.64356,-84.78263,1,2,6,1,5,6,2,N,1254,1258,N,2020,O,0,0,0,0,0,0,1,0,0,0,0,0
72575965,Motor Vehicle,DAC,20201217,1558,N,N,14.044,0,0,2,2,N,N,Y,37.64288,-84.76472,8,2,5,1,1,2,2,N,1558,1604,N,2020,O,0,0,0,0,0,0,1,0,0,0,0,0
72575966,Motor Vehicle,DAC,20201217,1631,N,Y,5.327,0,0,2,2,N,Y,Y,37.64466,-84.77256,5,2,6,1,1,2,2,N,1631,1635,N,2020,O,0,0,0,0,0,0,0,0,0,0,0,0