MasterFile,Mode,Disadvantaged_Com_ID,CollisionDate,CollisionTime,ParkingLotIndicator,IntersectionWith_Indicator_,Milepoint,NumberInjured,NumberKilled,ofUnits,ofMotorVeh,Hit_RunIndicator,OneWayIndicator,InCityLimitsIndicator,Latitude,Longitude,MannerofCollisionCode,TotalLanes,RoadwayCharacterCode,RoadwaySurfaceCode,RoadwayConditionCode,WeatherCode,LightConditionCode,FirstAidSceneIndicator,TimeNotified,TimeArrived,MedianCros,YR,KABCO,Motorcyclist,Commercial Vehicle,Young Driver,Mature Driver,Pedestrian,Bicyclist,Distracted,Aggressive,Impaired,Unrestrained,Roadway Departure,Median Cross-over
72576182,Motor Vehicle,Non DAC,20201218,734,N,Y,0.033,0,0,2,2,N,N,Y,37.65229,-84.80866,2,2,6,1,1,2,1,N,735,744,N,2020,O,0,1,1,0,0,0,1,0,0,0,0,0
72576330,Motor Vehicle,Non DAC,20201218,1550,N,Y,11,0,0,2,2,N,N,Y,37.62088,-84.81783,1,3,6,1,1,2,2,N,1558,1606,N,2020,O,0,0,0,0,0,0,0,1,0,0,0,0
72576647,Motor Vehicle,DAC,20201216,1143,N,Y,3.569,0,0,2,2,Y,N,Y,37.6192,-84.77461,1,2,6,1,1,6,2,N,1145,1145,N,2020,O,0,0,0,0,0,0,1,1,0,0,0,0
72576697,Motor Vehicle,DAC,20201217,1755,N,Y,13.723,0,0,2,2,Y,N,Y,37.64681,-84.76641,1,2,4,1,1,2,5,N,1756,1800,N,2020,O,0,0,0,0,0,0,0,0,0,0,0,0
72577040,Motor Vehicle,DAC,20201219,1816,N,N,3.335,0,0,2,2,N,N,Y,37.61583,-84.77442,5,2,6,1,1,2,4,N,1816,1825,N,2020,O,0,0,0,0,0,0,1,0,0,0,0,0
72577071,Motor Vehicle,Non DAC,20201218,1548,N,Y,13.331,1,0,2,2,N,N,Y,37.64241,-84.78974,1,2,3,1,1,2,2,Y,1548,1550,N,2020,C,0,0,0,0,0,0,1,1,0,0,0,0
72577335,Motor Vehicle,DAC,20201221,1141,N,N,4.198,0,0,2,2,Y,N,Y,37.62821,-84.77477,5,2,6,1,1,3,2,N,1143,1147,N,2020,O,0,0,0,1,0,0,0,0,0,0,0,0
72577336,Motor Vehicle,DAC,20201221,1221,N,Y,0.006,0,0,2,2,N,N,Y,37.61644,-84.77431,5,2,4,1,1,3,2,N,1223,1226,N,2020,O,0,0,0,1,0,0,1,1,0,0,0,0
72577356,Motor Vehicle,DAC,20201219,1954,N,N,3.677,0,0,2,2,N,N,Y,37.62075,-84.77458,1,2,6,1,1,2,2,N,1954,2003,N,2020,O,0,0,1,0,0,0,1,1,0,0,0,0
72577787,Motor Vehicle,DAC,20201221,1442,N,Y,4.415,1,0,2,2,N,N,Y,37.63135,-84.77488,1,4,6,1,1,2,2,Y,1442,1444,N,2020,C,0,0,0,0,0,0,1,1,0,0,0,0
72577920,Motor Vehicle,DAC,20201222,1158,N,N,3.636,0,0,2,2,N,N,Y,37.62016,-84.77458,4,2,6,1,1,2,2,N,1159,1207,N,2020,O,0,0,0,0,0,0,1,0,0,0,0,0
72578800,Motor Vehicle,DAC,20201225,2100,N,Y,0.021,0,0,2,2,N,N,Y,37.62036,-84.77656,8,2,1,1,5,2,7,N,2109,2118,N,2020,O,0,0,0,0,0,0,1,0,0,1,0,0
72579152,Motor Vehicle,Non DAC,20201227,1313,N,Y,0.003,0,0,1,1,N,N,Y,37.66876,-84.76729,9,2,6,1,1,2,2,N,1315,1319,N,2020,O,0,0,0,1,0,0,1,0,0,0,0,0
72579771,Motor Vehicle,DAC,20201229,1510,N,Y,0.724,0,0,2,2,N,N,Y,37.64909,-84.77414,1,2,6,1,1,2,2,N,1519,1523,N,2020,O,0,0,0,0,0,0,1,1,0,0,0,0
72579867,Motor Vehicle,Non DAC,20201229,1751,N,Y,1.802,0,0,2,2,N,N,Y,37.62889,-84.79783,1,2,6,1,1,2,2,N,1751,1753,N,2020,O,0,0,0,1,0,0,1,1,0,0,0,0
72580456,Motor Vehicle,Non DAC,20201230,1051,N,N,0.116,0,0,2,2,N,N,Y,37.64185,-84.792,2,1,6,1,1,2,2,N,1054,1057,N,2020,O,0,1,0,1,0,0,1,1,0,0,0,0
72580774,Motor Vehicle,DAC,20210101,1552,N,Y,0.168,0,0,2,2,N,N,Y,37.61734,-84.77752,5,4,6,1,1,3,2,N,1557,1609,N,2021,O,0,0,0,0,0,0,1,0,0,0,0,0
72581021,Motor Vehicle,DAC,20210102,1120,N,Y,0.005,0,0,2,2,N,N,Y,37.61469,-84.77456,5,2,4,1,1,3,2,N,1122,1127,N,2021,O,0,0,0,0,0,0,1,0,0,0,0,0
72581077,Motor Vehicle,DAC,20210101,1711,N,N,6.106,0,0,1,1,N,N,Y,37.64821,-84.78247,9,2,6,1,5,3,2,N,1712,1713,N,2021,O,0,0,0,0,0,0,1,0,0,0,1,0
72581518,Motor Vehicle,DAC,20210104,1530,N,N,4.244,0,0,2,2,N,N,Y,37.62888,-84.77473,5,5,4,1,1,2,2,N,1533,1543,N,2021,O,0,0,0,0,0,0,0,0,0,0,0,0
72581559,Motor Vehicle,DAC,20210101,232,N,N,13.319,0,0,1,1,N,N,Y,37.64588,-84.7857,9,2,6,1,5,6,5,N,232,232,N,2021,O,0,0,1,0,0,0,1,0,0,0,1,0
72581841,Motor Vehicle,Non DAC,20210105,1516,N,N,0.053,0,0,2,2,N,N,Y,37.65422,-84.74949,2,2,4,1,1,3,2,N,1521,1530,N,2021,O,0,0,0,0,0,0,1,0,0,0,0,0
72581857,Motor Vehicle,DAC,20210104,1512,N,Y,0.637,3,0,2,2,N,N,Y,37.61968,-84.76324,1,2,6,1,1,2,2,Y,1512,1514,N,2021,B,0,0,0,1,0,0,1,1,0,0,0,0
72582032,Motor Vehicle,Non DAC,20210105,1612,N,Y,1.905,0,0,2,2,N,N,Y,37.63028,-84.79854,5,2,6,1,1,2,2,N,1612,1612,N,2021,O,0,0,1,0,0,0,1,0,0,0,0,0
72582090,Motor Vehicle,Non DAC,20210105,1508,N,Y,1.791,0,0,2,2,N,N,Y,37.62883,-84.79756,8,4,6,1,1,2,2,N,1508,1520,N,2021,O,0,0,0,1,0,0,1,0,0,0,0,0
72582415,Motor Vehicle,DAC,20210104,1601,N,Y,0.625,0,0,2,2,Y,N,Y,37.6166,-84.7858,8,2,1,1,1,3,2,N,1601,1611,N,2021,O,0,0,0,0,0,0,1,1,0,0,0,0
72582487,Motor Vehicle,DAC,20210105,1602,N,Y,0,0,0,2,2,N,N,Y,37.64125,-84.76315,1,2,6,1,1,2,2,N,1602,1609,N,2021,O,0,0,0,1,0,0,1,1,0,0,0,0
72582532,Motor Vehicle,DAC,20210107,1910,N,Y,3.376,0,0,2,2,N,N,Y,37.61643,-84.77442,4,2,6,1,1,2,6,Y,1910,1913,N,2021,O,0,0,1,0,0,0,0,1,0,0,0,0
72582680,Motor Vehicle,DAC,20210108,1200,N,N,0.101,0,0,1,1,N,N,Y,37.63655,-84.77671,9,1,3,1,1,2,2,N,1200,1205,N,2021,O,0,1,0,0,0,0,0,0,0,0,1,0
72582711,Motor Vehicle,Non DAC,20210107,1442,N,Y,12.243,0,0,2,2,N,N,Y,37.62887,-84.79793,5,2,6,1,1,3,2,N,1442,1445,N,2021,O,0,0,0,0,0,0,0,0,0,0,0,0
72582775,Motor Vehicle,DAC,20210104,910,N,N,13.316,0,0,1,1,N,N,Y,37.64585,-84.78576,9,2,6,1,2,2,2,N,913,913,N,2021,O,0,0,0,0,0,0,0,1,0,0,1,0
72582937,Motor Vehicle,DAC,20210109,1425,N,Y,0.003,0,0,3,3,N,N,Y,37.61765,-84.7744,5,4,6,1,1,3,2,N,1427,1432,N,2021,O,0,0,0,0,0,0,1,0,0,0,0,0
72583113,Motor Vehicle,DAC,20210110,1323,N,Y,5.195,0,0,2,2,N,Y,Y,37.64286,-84.77433,1,2,6,1,1,2,2,N,1326,1330,N,2021,O,0,0,0,1,0,0,1,0,0,0,0,0
72583216,Motor Vehicle,DAC,20210104,824,N,Y,14.719,3,0,2,2,N,N,Y,37.63597,-84.75642,4,2,6,1,5,2,2,Y,824,828,N,2021,B,0,1,0,0,0,0,1,1,0,1,0,0
72583309,Motor Vehicle,Non DAC,20210111,920,N,Y,1.232,0,0,2,2,N,N,Y,37.62125,-84.79437,5,4,6,1,1,3,2,N,920,925,N,2021,O,0,0,0,0,0,0,1,1,0,0,0,0
72583736,Motor Vehicle,Non DAC,20210112,1838,N,Y,12.283,0,0,2,2,N,N,Y,37.64857,-84.8038,5,2,6,1,1,2,5,N,1838,1843,N,2021,O,0,0,0,0,0,0,1,0,0,0,0,0
72583861,Motor Vehicle,DAC,20210112,1339,N,N,3.751,0,0,2,2,N,N,Y,37.6218,-84.7746,5,4,6,1,1,2,2,N,1339,1348,N,2021,O,0,0,0,0,0,0,1,1,0,0,0,0
72584601,Motor Vehicle,DAC,20210115,1212,N,Y,0.003,0,0,2,2,N,N,Y,37.62332,-84.77465,1,5,6,1,1,2,2,N,1212,1218,N,2021,O,0,0,0,0,0,0,1,1,0,0,0,0
72584640,Motor Vehicle,Non DAC,20210115,1107,N,Y,1.232,0,0,2,2,N,N,Y,37.6213,-84.79414,5,4,1,1,1,2,2,N,1107,1115,N,2021,O,0,0,0,1,0,0,0,0,0,0,0,0
72584729,Motor Vehicle,Non DAC,20210115,1810,N,Y,1.802,0,0,2,2,N,N,Y,37.62898,-84.79762,5,4,6,1,5,2,5,N,1810,1817,N,2021,O,0,0,0,0,0,0,1,1,0,0,0,0
72585645,Motor Vehicle,DAC,20210118,1432,N,N,0.043,0,0,2,2,N,N,Y,37.6156,-84.77597,3,2,3,1,1,2,2,N,1411,1417,N,2021,O,0,0,0,0,0,0,0,0,1,0,1,0
72585827,Motor Vehicle,DAC,20210117,1019,N,Y,0.011,0,0,2,2,N,N,Y,37.61743,-84.77467,5,3,6,1,5,8,2,N,1021,1025,N,2021,O,0,0,0,0,0,0,1,0,0,0,0,0
72587111,Motor Vehicle,DAC,20210123,1058,N,Y,0.167,0,0,2,2,N,N,Y,37.61716,-84.77748,1,2,6,1,1,2,2,N,1058,1101,N,2021,O,0,0,0,0,0,0,1,1,0,0,0,0
72587333,Motor Vehicle,DAC,20210124,1213,N,N,0.088,0,0,2,2,N,N,Y,37.65329,-84.78502,7,1,5,1,5,3,2,N,1200,1201,N,2021,O,0,0,0,0,0,0,0,0,0,0,0,0
72587514,Motor Vehicle,Non DAC,20210124,1842,N,Y,3.184,0,0,2,2,N,N,Y,37.64856,-84.80318,1,4,6,1,5,6,5,N,1843,1846,N,2021,O,0,0,0,0,0,0,1,1,0,0,0,0
72587707,Motor Vehicle,DAC,20210125,1044,N,N,4.236,0,0,2,2,N,N,Y,37.62875,-84.77473,5,2,6,1,5,6,2,N,1046,1049,N,2021,O,0,0,0,0,0,0,1,0,0,0,0,0
72587859,Motor Vehicle,DAC,20210124,1921,N,Y,0.176,1,0,2,2,N,N,Y,37.618,-84.77138,5,4,6,1,5,6,5,Y,1921,1926,N,2021,C,0,0,0,0,0,0,1,0,0,0,0,0
72588272,Motor Vehicle,DAC,20210126,1955,N,N,3.388,0,0,2,2,N,N,Y,37.61654,-84.77462,8,2,6,1,1,2,5,N,1955,1958,N,2021,O,0,0,0,0,0,0,1,1,0,0,1,0
72588278,Motor Vehicle,Non DAC,20210126,1221,N,N,0.24,1,0,2,2,N,N,Y,37.64787,-84.80439,1,2,3,1,1,2,2,Y,1221,1224,N,2021,C,0,0,0,1,0,0,1,1,0,0,0,0
72588378,Motor Vehicle,Non DAC,20210127,726,N,Y,8.21,0,0,2,2,N,N,Y,37.6772,-84.79091,1,3,4,1,1,2,1,N,726,733,N,2021,O,0,0,0,0,0,0,1,1,0,0,0,0
72588464,Motor Vehicle,DAC,20210127,1335,N,Y,0.164,0,0,2,2,N,N,Y,37.61721,-84.77745,1,5,4,1,1,3,2,N,1345,1348,Y,2021,O,0,0,0,0,0,0,0,1,0,1,0,1
72588537,Motor Vehicle,DAC,20210127,1815,N,Y,5.4,0,0,2,2,N,N,Y,37.64579,-84.77239,8,1,6,1,4,9,5,N,1823,1825,N,2021,O,0,0,0,0,0,0,1,1,0,0,0,0
72588833,Motor Vehicle,Non DAC,20210127,1735,N,Y,3.084,0,0,2,2,N,N,Y,37.66442,-84.74291,5,4,6,1,5,9,2,N,1735,1742,N,2021,O,0,0,0,0,0,0,1,0,0,0,0,0
72588946,Motor Vehicle,DAC,20210128,1511,N,Y,4.943,0,0,2,2,N,N,Y,37.63871,-84.77314,1,2,6,1,1,3,2,N,1513,1515,N,2021,O,0,0,0,0,0,0,1,1,0,0,0,0
72589403,Motor Vehicle,Non DAC,20210129,1811,N,Y,0.448,0,0,2,2,N,N,Y,37.6524,-84.77183,1,2,6,1,1,2,1,N,1811,1812,N,2021,O,0,0,0,0,0,0,1,1,0,0,0,0
72589407,Motor Vehicle,Non DAC,20210129,1922,N,Y,8.213,0,0,2,2,N,N,Y,37.67721,-84.79109,1,6,1,1,1,2,5,N,1923,1926,N,2021,O,0,0,0,0,0,0,1,1,0,0,0,0
72589615,Motor Vehicle,DAC,20210130,1539,N,N,4.059,0,0,2,2,N,N,Y,37.62621,-84.77472,1,5,6,1,1,3,2,N,1541,1544,N,2021,O,0,0,0,0,0,0,1,1,0,0,0,0
72589766,Motor Vehicle,Non DAC,20210131,48,N,N,0.586,0,0,1,1,N,N,N,37.63168,-84.74137,9,2,6,1,5,6,6,N,49,55,N,2021,O,0,0,1,0,0,0,0,1,1,0,1,0
72590046,Motor Vehicle,Non DAC,20210130,2350,N,N,8.857,0,0,1,1,N,N,N,37.68554,-84.79615,9,4,6,1,5,6,6,N,2350,2350,N,2021,O,0,0,0,0,0,0,0,0,0,0,0,0
72590130,Motor Vehicle,DAC,20210201,859,N,Y,3.251,0,0,2,2,N,N,Y,37.61462,-84.77443,5,2,6,1,4,9,2,N,859,901,N,2021,O,0,0,0,0,0,0,1,1,0,0,0,0
72590205,Motor Vehicle,DAC,20210201,1049,N,N,0.164,0,0,1,1,N,N,Y,37.61968,-84.77768,9,2,1,1,4,9,2,N,1052,1054,N,2021,O,0,0,0,0,0,0,1,1,0,0,1,0
72590355,Motor Vehicle,DAC,20210201,1735,N,Y,13.599,0,0,2,2,N,N,Y,37.64571,-84.77084,1,4,6,1,1,2,2,N,1735,1736,N,2021,O,0,0,0,0,0,0,1,0,0,0,0,0
72590356,Motor Vehicle,DAC,20210201,1929,N,Y,6.208,0,0,2,2,N,N,Y,37.64969,-84.78267,4,2,6,1,5,9,4,N,1931,1934,N,2021,O,0,0,1,0,0,0,1,1,0,0,0,0
72590792,Motor Vehicle,DAC,20210202,1554,N,Y,5.392,0,0,2,2,N,N,Y,37.64567,-84.77238,1,2,6,1,1,3,2,N,1556,1600,N,2021,O,0,0,1,0,0,0,1,1,0,0,0,0
72590815,Motor Vehicle,DAC,20210202,1203,N,Y,0.178,0,0,2,2,N,N,Y,37.61781,-84.77133,1,6,6,1,1,2,2,N,1205,1210,N,2021,O,0,0,1,0,0,0,1,1,0,0,0,0
72591029,Motor Vehicle,DAC,20210203,1931,N,Y,3.376,0,0,2,2,N,N,Y,37.61643,-84.77442,1,2,6,1,1,2,5,N,1933,1946,N,2021,O,0,0,1,0,0,0,0,1,0,0,0,0
72591151,Motor Vehicle,DAC,20210202,1558,N,N,5.567,0,0,2,2,N,N,Y,37.64598,-84.77482,5,2,6,1,1,2,2,N,1558,1558,N,2021,O,0,0,0,0,0,0,1,0,0,0,0,0
72591188,Motor Vehicle,DAC,20210204,1115,N,Y,5.201,0,0,2,2,N,Y,Y,37.64271,-84.77277,1,2,6,1,1,3,2,N,1118,1120,N,2021,O,0,0,0,0,0,0,1,0,0,0,0,0
72592094,Motor Vehicle,Non DAC,20210207,1039,N,Y,11.879,1,0,1,1,N,N,Y,37.64836,-84.81118,9,2,6,1,5,2,2,Y,1039,1145,N,2021,B,0,0,1,0,0,0,0,1,0,0,0,0
72592338,Motor Vehicle,DAC,20210207,1244,N,Y,13.592,0,0,2,2,N,N,Y,37.64572,-84.77096,5,4,6,1,1,2,2,N,1244,1249,N,2021,O,0,0,1,0,0,0,1,0,0,0,0,0
72592457,Motor Vehicle,Non DAC,20210208,1136,N,Y,8.21,1,0,2,2,N,N,Y,37.6772,-84.79086,5,4,1,1,1,3,2,Y,1136,1142,N,2021,C,0,1,0,1,0,0,1,0,0,0,0,0
72592792,Motor Vehicle,DAC,20210209,1150,N,N,0.226,0,0,2,2,N,N,Y,37.64485,-84.77506,1,2,6,1,1,3,2,N,1150,1154,N,2021,O,0,0,1,0,0,0,0,1,0,0,0,0
72592871,Motor Vehicle,DAC,20210209,1419,N,N,4.743,0,0,2,2,N,N,Y,37.63626,-84.77494,8,2,6,1,1,3,2,N,1420,1427,N,2021,O,0,0,0,0,0,0,1,1,0,0,1,0
72594098,Motor Vehicle,DAC,20210212,2246,N,N,0.218,1,0,1,1,N,N,Y,37.63296,-84.77713,9,1,1,1,5,3,7,N,2246,2259,N,2021,C,0,0,0,0,0,0,0,0,1,0,1,0
72594906,Motor Vehicle,DAC,20210211,1326,N,N,0.143,0,0,2,2,N,N,Y,37.62654,-84.76707,5,1,1,1,2,3,2,N,1329,1337,N,2021,O,0,0,0,0,0,0,0,1,0,0,1,0
72595294,Motor Vehicle,Non DAC,20210215,1445,N,N,1.12,0,0,2,2,N,N,Y,37.66149,-84.76816,5,2,1,1,2,8,2,N,1445,1454,N,2021,O,0,0,0,0,0,0,0,0,0,0,1,0
72595853,Motor Vehicle,DAC,20210217,2321,N,N,0.135,0,0,2,2,N,N,Y,37.62658,-84.76725,1,2,1,1,4,9,5,N,2321,2326,N,2021,O,0,0,0,0,0,0,0,0,0,0,0,0
72596022,Motor Vehicle,Non DAC,20210218,1731,N,N,7.307,0,0,2,2,N,N,N,37.66558,-84.78444,7,2,6,1,5,3,2,N,1751,1801,N,2021,O,0,0,0,1,0,0,0,0,0,0,1,0
72596212,Motor Vehicle,DAC,20210219,1207,N,Y,4.671,0,0,2,2,N,N,Y,37.63506,-84.77502,1,4,5,1,1,3,2,N,1207,1207,N,2021,O,0,0,0,0,0,0,0,1,0,0,0,0
72596740,Motor Vehicle,DAC,20210222,804,N,Y,5.98,0,0,2,2,N,N,Y,37.64638,-84.78234,5,2,6,1,5,3,2,N,804,805,N,2021,O,0,0,0,0,0,0,1,1,0,0,0,0
72596869,Motor Vehicle,DAC,20210222,1045,N,N,0.047,0,0,2,2,N,N,Y,37.64464,-84.77181,5,2,6,1,2,3,2,N,1053,1057,N,2021,O,0,0,0,1,0,0,0,0,0,1,0,0
72597789,Motor Vehicle,DAC,20210225,1202,N,Y,0.18,0,0,2,2,N,N,Y,37.6178,-84.7713,1,2,6,1,1,2,2,N,1204,1210,N,2021,O,0,1,0,0,0,0,1,0,0,0,0,0
72597952,Motor Vehicle,DAC,20210225,1829,N,Y,1.197,0,0,2,2,N,N,Y,37.62092,-84.75305,1,2,6,1,1,2,2,N,1735,1737,N,2021,O,0,0,0,0,0,0,1,1,0,0,0,0
72598227,Motor Vehicle,Non DAC,20210226,1437,N,N,1.615,0,0,4,4,N,N,Y,37.62646,-84.79649,6,4,6,1,5,6,2,N,1437,1438,N,2021,O,0,0,0,0,0,0,1,0,0,0,0,0
72598412,Motor Vehicle,DAC,20210226,1214,N,Y,3.447,0,0,2,2,N,N,Y,37.61742,-84.77463,1,7,6,1,5,6,2,N,1214,1217,N,2021,O,0,0,0,0,0,0,1,1,0,0,0,0
72598794,Motor Vehicle,DAC,20210228,2009,N,Y,5.326,0,0,2,2,N,Y,Y,37.64474,-84.77259,1,2,6,1,5,6,5,N,2009,2014,N,2021,O,0,0,0,0,0,0,0,1,0,0,0,0
72598797,Motor Vehicle,DAC,20210228,1914,N,Y,5.328,0,0,3,3,N,Y,Y,37.64469,-84.77254,7,2,6,1,5,5,5,N,1917,1918,N,2021,O,0,0,0,1,0,0,1,1,0,0,0,0
72598890,Motor Vehicle,DAC,20210226,1210,N,N,2.344,1,0,2,2,N,N,N,37.60145,-84.77364,5,4,6,1,5,6,2,Y,1215,1234,N,2021,C,0,0,0,0,0,0,0,0,0,0,0,0
72598896,Motor Vehicle,DAC,20210301,850,N,Y,13.802,0,0,2,2,N,N,Y,37.64551,-84.76727,5,2,6,1,1,2,2,N,852,856,N,2021,O,0,0,0,1,0,0,1,0,0,0,0,0
72599030,Motor Vehicle,DAC,20210301,1515,N,Y,4.415,0,0,2,2,N,N,Y,37.63135,-84.77488,5,2,6,1,1,3,2,N,1518,1524,N,2021,O,0,0,0,1,0,0,1,0,0,0,0,0
72599043,Motor Vehicle,DAC,20210301,1305,N,Y,3.818,2,0,2,2,Y,N,Y,37.62279,-84.77462,1,5,6,1,1,3,2,Y,1311,1315,N,2021,B,0,0,0,1,0,0,0,1,1,0,0,0
72599251,Motor Vehicle,Non DAC,20210302,745,N,Y,3.079,0,0,2,2,N,N,Y,37.66438,-84.74308,5,2,6,1,1,2,2,N,746,756,N,2021,O,0,0,0,0,0,0,1,1,0,0,0,0
72599377,Motor Vehicle,DAC,20210302,727,N,N,0.224,0,0,1,1,N,N,Y,37.62901,-84.75207,9,2,4,1,2,2,2,N,727,734,N,2021,O,0,0,0,0,0,0,0,0,0,0,1,0
72599382,Pedestrian,DAC,20210301,1015,N,Y,3.781,1,0,2,1,N,N,Y,37.62224,-84.77463,9,4,6,1,1,3,2,Y,1015,1019,N,2021,C,0,0,0,1,1,0,0,0,0,0,0,0
72599680,Motor Vehicle,DAC,20210303,1330,N,N,4.37,2,0,2,2,N,N,Y,37.63089,-84.77484,1,5,6,1,1,2,2,Y,1333,1336,N,2021,B,0,0,0,1,0,0,0,1,0,0,0,0
72599898,Motor Vehicle,DAC,20210303,328,N,Y,5.197,1,0,1,1,N,Y,Y,37.64289,-84.77433,9,2,6,1,1,2,5,Y,328,331,N,2021,B,0,0,0,0,0,0,0,0,1,1,0,0
72600322,Motor Vehicle,DAC,20210304,1649,N,N,5.104,0,0,2,2,N,Y,Y,37.64167,-84.77449,8,2,4,1,1,2,2,N,1649,1649,N,2021,O,0,0,0,0,0,0,1,0,0,0,1,0
72600372,Motor Vehicle,DAC,20210305,1530,N,N,5.557,0,0,2,2,N,N,Y,37.64596,-84.77464,5,3,6,1,1,2,2,N,1534,1537,N,2021,O,0,0,1,0,0,0,1,0,0,0,0,0
72600672,Motor Vehicle,DAC,20210306,1438,N,N,5.351,0,0,2,2,N,Y,Y,37.64515,-84.77414,5,2,6,1,1,2,2,N,1438,1439,N,2021,O,0,0,0,0,0,0,1,0,0,0,0,0
72600685,Motor Vehicle,DAC,20210226,1820,N,Y,13.839,0,0,2,2,N,N,Y,37.64547,-84.76659,3,2,6,1,5,6,5,N,1823,1823,N,2021,O,0,0,1,0,0,0,1,1,0,0,0,0
72601043,Motor Vehicle,DAC,20210307,1512,N,Y,0.02,0,0,2,2,N,N,Y,37.621,-84.75305,5,2,5,1,1,2,2,N,1514,1516,N,2021,O,0,0,1,0,0,0,1,0,0,0,0,0
72601064,Motor Vehicle,DAC,20210307,1732,N,Y,0.617,2,0,2,2,N,N,Y,37.61662,-84.78566,1,4,6,1,1,2,2,Y,1732,1736,N,2021,C,0,0,1,1,0,0,1,1,0,0,0,0
72601155,Motor Vehicle,Non DAC,20210301,1540,N,Y,3.745,2,0,2,2,N,N,Y,37.6555,-84.79926,1,4,6,1,1,3,2,Y,1541,1544,N,2021,C,0,0,0,0,0,0,0,1,0,0,0,0
72601298,Motor Vehicle,DAC,20210308,1447,N,N,3.789,0,0,2,2,N,N,Y,37.62235,-84.77463,5,4,6,1,1,2,2,N,1447,1456,N,2021,O,0,0,0,1,0,0,1,0,0,0,0,0
72601859,Motor Vehicle,Non DAC,20210310,1051,N,N,13.012,0,0,2,2,Y,N,Y,37.64744,-84.79044,7,2,1,1,1,2,2,N,1051,1056,N,2021,O,0,0,0,0,0,0,0,0,0,0,1,0
72601900,Motor Vehicle,DAC,20210310,1245,N,N,5.185,0,0,2,2,N,Y,Y,37.64275,-84.77436,1,2,6,1,1,2,2,N,1246,1251,N,2021,O,0,0,1,0,0,0,0,1,0,0,0,0
72601912,Motor Vehicle,Non DAC,20210305,1832,N,Y,12.316,0,0,2,2,N,N,Y,37.64857,-84.80317,1,2,6,1,1,2,2,N,1832,1833,N,2021,O,0,0,1,0,0,0,1,1,0,0,0,0
72601968,Motor Vehicle,DAC,20210310,1118,N,Y,0.003,0,0,2,2,N,N,Y,37.64566,-84.77084,8,2,4,1,1,2,2,N,1118,1125,N,2021,O,0,0,0,0,0,0,0,0,0,0,0,0
72602048,Motor Vehicle,DAC,20210305,1957,N,N,4.749,0,0,2,2,N,Y,Y,37.63639,-84.77494,1,2,6,1,1,2,5,N,1958,2001,N,2021,O,0,0,1,0,0,0,1,0,0,0,0,0
72602347,Motor Vehicle,DAC,20210311,1809,N,Y,0.169,0,0,2,2,Y,N,Y,37.61717,-84.77751,1,7,6,1,1,2,2,N,1810,1825,N,2021,O,0,0,1,0,0,0,1,1,0,0,0,0
72602576,Motor Vehicle,DAC,20210310,1823,N,Y,1.192,0,0,2,2,N,N,Y,37.62099,-84.75305,1,2,6,1,1,2,2,N,1824,1833,N,2021,O,0,0,0,0,0,0,1,1,0,0,0,0
72602809,Motor Vehicle,DAC,20210312,1557,N,N,0.795,0,0,2,2,N,N,Y,37.61687,-84.78888,8,2,3,1,1,3,2,N,1557,1558,N,2021,O,0,0,0,0,0,0,1,1,0,1,1,0
72603800,Motor Vehicle,Non DAC,20210316,1411,N,Y,0.015,0,0,2,2,N,N,Y,37.65554,-84.79929,1,4,6,1,1,2,2,N,1414,1433,N,2021,O,0,0,0,0,0,0,1,1,0,0,0,0
72603837,Motor Vehicle,DAC,20210316,1610,N,N,13.528,0,0,2,2,N,N,Y,37.64577,-84.77209,5,2,6,1,1,2,2,N,1610,1618,N,2021,O,0,0,0,0,0,0,1,0,0,0,0,0
72603942,Motor Vehicle,DAC,20210316,1438,N,N,0.051,0,0,2,2,N,N,Y,37.64496,-84.77091,5,2,6,1,1,2,2,N,1438,1447,N,2021,O,0,0,0,1,0,0,1,0,0,0,0,0
72604267,Motor Vehicle,Non DAC,20210316,2226,N,Y,0.087,0,0,2,2,N,N,Y,37.65083,-84.76401,1,2,6,1,1,2,5,N,2226,2230,N,2021,O,0,0,0,0,0,0,0,0,0,0,0,0
72604481,Motor Vehicle,DAC,20210318,1025,N,Y,3.468,0,0,2,2,N,N,Y,37.61742,-84.77452,5,4,6,1,5,6,2,N,1026,1027,N,2021,O,0,0,0,0,0,0,1,0,0,0,0,0
72604482,Motor Vehicle,DAC,20210318,1048,N,Y,0.401,0,0,2,2,N,N,Y,37.61697,-84.78175,1,4,6,1,5,3,2,N,1048,1057,N,2021,O,0,0,0,0,0,0,0,1,0,0,0,0
72604534,Motor Vehicle,Non DAC,20210318,956,N,Y,0.002,0,0,1,1,N,N,Y,37.65193,-84.76254,9,2,1,1,5,3,2,N,956,1002,N,2021,O,0,0,0,0,0,0,0,0,0,0,0,0