MasterFile,Mode,Disadvantaged_Com_ID,CollisionDate,CollisionTime,ParkingLotIndicator,IntersectionWith_Indicator_,Milepoint,NumberInjured,NumberKilled,ofUnits,ofMotorVeh,Hit_RunIndicator,OneWayIndicator,InCityLimitsIndicator,Latitude,Longitude,MannerofCollisionCode,TotalLanes,RoadwayCharacterCode,RoadwaySurfaceCode,RoadwayConditionCode,WeatherCode,LightConditionCode,FirstAidSceneIndicator,TimeNotified,TimeArrived,MedianCros,YR,KABCO,Motorcyclist,Commercial Vehicle,Young Driver,Mature Driver,Pedestrian,Bicyclist,Distracted,Aggressive,Impaired,Unrestrained,Roadway Departure,Median Cross-over
72604665,Motor Vehicle,DAC,20210318,1625,N,Y,3.47,0,0,2,2,N,N,Y,37.6178,-84.77466,5,6,4,1,5,3,2,N,1625,1635,N,2021,O,0,0,0,0,0,0,1,0,0,0,0,0
72604822,Motor Vehicle,DAC,20210319,1005,N,Y,5.064,0,0,2,2,N,Y,Y,37.6406,-84.77293,8,2,4,1,1,3,2,N,1011,1014,N,2021,O,0,0,0,0,0,0,0,0,0,0,0,0
72605438,Motor Vehicle,DAC,20210321,807,N,N,0.334,0,0,2,2,Y,N,Y,37.64016,-84.78065,3,2,6,3,1,2,2,N,807,813,N,2021,O,0,0,0,0,0,0,0,0,0,0,0,0
72605834,Motor Vehicle,Non DAC,20210309,0,N,N,2.318,0,0,2,2,Y,N,Y,37.63601,-84.8008,1,5,6,1,1,2,2,N,1757,1820,N,2021,O,0,0,0,0,0,0,0,1,0,0,0,0
72605913,Motor Vehicle,Non DAC,20210323,556,N,Y,1.789,0,0,1,1,N,N,Y,37.62888,-84.79784,9,2,6,1,1,2,5,N,556,604,N,2021,O,0,0,0,0,0,0,0,0,0,0,0,0
72605940,Motor Vehicle,Non DAC,20210322,1524,N,Y,4.591,0,0,2,2,N,N,Y,37.66561,-84.7918,5,2,6,1,1,2,2,N,1528,1533,N,2021,O,0,0,0,1,0,0,1,0,0,0,0,0
72606041,Motor Vehicle,DAC,20210323,1427,N,Y,3.441,0,0,2,2,N,N,Y,37.61744,-84.77446,5,4,6,1,1,2,2,N,1427,1429,N,2021,O,0,0,0,1,0,0,1,0,0,0,0,0
72606173,Motor Vehicle,DAC,20210323,1410,N,Y,0,0,0,2,2,Y,N,Y,37.64582,-84.77242,8,3,6,1,1,2,2,N,1620,1620,N,2021,O,0,0,0,0,0,0,1,0,0,0,0,0
72606792,Motor Vehicle,DAC,20210325,1837,N,Y,0.015,0,0,2,2,Y,N,Y,37.61766,-84.77435,2,4,6,1,1,3,2,N,1837,1840,N,2021,O,0,0,0,0,0,0,0,0,0,0,0,0
72606851,Motor Vehicle,DAC,20210325,1451,N,N,0.209,0,0,2,2,N,N,Y,37.64973,-84.78349,8,2,6,1,1,2,2,N,1451,1459,N,2021,O,0,0,0,0,0,0,1,0,0,0,0,0
72606901,Motor Vehicle,Non DAC,20210326,516,N,Y,1.711,0,0,2,2,Y,N,Y,37.62769,-84.79729,1,2,6,1,5,3,5,N,518,522,N,2021,O,0,0,0,0,0,0,0,0,0,0,0,0
72607157,Motor Vehicle,DAC,20210326,1811,N,N,4.672,0,0,2,2,N,N,Y,37.63508,-84.77502,7,5,4,1,1,2,2,N,1811,1816,N,2021,O,0,0,1,0,0,0,1,0,0,0,1,0
72607197,Motor Vehicle,Non DAC,20210326,2123,N,N,15.423,0,0,1,1,N,N,Y,37.62902,-84.74723,9,2,6,1,1,2,6,N,2123,2129,N,2021,O,0,0,0,0,0,0,0,0,0,0,0,0
72607252,Motor Vehicle,Non DAC,20210327,102,N,N,0.184,0,0,1,1,N,N,Y,37.65816,-84.76529,9,2,1,1,1,2,6,N,104,113,N,2021,O,0,0,0,0,0,0,0,0,1,0,1,0
72607520,Motor Vehicle,DAC,20210326,2022,N,N,0.229,0,0,2,2,N,N,Y,37.61838,-84.77071,5,2,6,1,1,2,3,N,2027,2035,N,2021,O,0,0,1,0,0,0,0,0,0,0,0,0
72607538,Motor Vehicle,Non DAC,20210327,2355,N,Y,12.249,0,0,2,2,N,N,Y,37.62888,-84.79783,5,4,6,1,5,6,5,N,2358,3,N,2021,O,0,0,0,0,0,0,1,1,0,0,0,0
72607746,Motor Vehicle,Non DAC,20210326,1652,N,N,0.223,0,0,2,2,N,N,Y,37.64775,-84.80409,1,2,6,1,1,2,2,N,1622,1624,N,2021,O,0,0,0,0,0,0,1,0,0,0,0,0
72608039,Motor Vehicle,DAC,20210329,1207,N,N,0.134,0,0,2,2,N,N,Y,37.64475,-84.77338,1,2,6,1,1,2,2,N,1207,1215,N,2021,O,0,0,0,1,0,0,1,1,0,0,0,0
72608141,Motor Vehicle,DAC,20210329,1749,N,Y,4.751,0,0,2,2,Y,Y,Y,37.63644,-84.77492,8,2,4,1,1,2,2,N,1752,1757,N,2021,O,0,0,1,0,0,0,0,0,0,0,0,0
72608757,Motor Vehicle,DAC,20210330,1108,N,Y,0.457,1,0,2,2,N,N,Y,37.62852,-84.76645,1,1,6,1,1,2,2,Y,1109,1113,N,2021,B,0,0,0,1,0,0,0,0,0,1,0,0
72608758,Motor Vehicle,DAC,20210331,741,N,N,5.553,0,0,2,2,N,N,Y,37.64597,-84.77455,1,3,6,1,5,6,2,N,744,744,N,2021,O,0,0,0,0,0,0,0,0,0,0,0,0
72608817,Motor Vehicle,DAC,20210331,1530,N,N,5.463,0,0,4,4,N,N,Y,37.64587,-84.77323,5,2,6,1,1,3,2,N,1530,1531,N,2021,O,0,0,1,1,0,0,1,1,0,0,0,0
72608886,Motor Vehicle,DAC,20210331,1717,N,Y,3.518,0,0,2,2,N,N,Y,37.61762,-84.77464,5,2,6,1,1,2,2,N,1717,1725,N,2021,O,0,0,1,0,0,0,1,0,0,0,0,0
72608889,Motor Vehicle,DAC,20210331,642,N,Y,5.321,0,0,2,2,N,N,Y,37.64499,-84.77417,1,2,4,1,5,6,1,N,645,647,N,2021,O,0,0,0,0,0,0,1,1,0,0,0,0
72609108,Motor Vehicle,DAC,20210331,1534,N,N,0.233,0,0,2,2,N,N,Y,37.61674,-84.77024,1,2,6,1,1,2,2,N,1534,1544,N,2021,O,0,0,0,1,0,0,1,1,0,0,0,0
72609248,Motor Vehicle,DAC,20210401,1703,N,Y,0.205,0,0,2,2,N,N,Y,37.61674,-84.77075,1,2,4,1,1,2,2,N,1705,1710,N,2021,O,0,0,0,0,0,0,1,1,0,0,0,0
72609346,Motor Vehicle,DAC,20210402,440,N,N,0.581,0,0,2,2,N,N,Y,37.61671,-84.78502,8,4,6,1,1,2,6,N,442,444,N,2021,O,0,0,0,0,0,0,1,1,0,0,1,0
72609620,Motor Vehicle,DAC,20210402,1555,N,N,6.444,0,0,2,2,N,N,Y,37.6531,-84.78306,5,2,6,1,1,2,2,N,1555,1604,N,2021,O,0,0,1,0,0,0,1,0,0,0,0,0
72609813,Motor Vehicle,Non DAC,20210403,1350,N,N,13.626,0,0,2,2,Y,N,Y,37.64564,-84.7871,5,2,6,1,1,2,2,N,1405,1438,N,2021,O,0,0,0,0,0,0,0,1,0,0,0,0
72610005,Motor Vehicle,DAC,20210401,1349,N,N,0.033,0,0,2,2,N,N,Y,37.6176,-84.77507,5,2,6,1,1,2,2,N,1349,1351,N,2021,O,0,0,1,0,0,0,1,1,0,0,0,0
72610097,Motor Vehicle,DAC,20210403,1458,N,N,0.599,1,0,2,2,N,N,Y,37.61974,-84.76397,5,2,6,1,1,2,2,Y,1500,1506,N,2021,B,0,0,1,0,0,0,0,1,0,0,0,0
72610505,Motor Vehicle,DAC,20210405,1659,N,N,0.631,0,0,2,2,Y,N,Y,37.61966,-84.76335,8,4,6,1,1,2,2,N,1700,1713,N,2021,O,0,0,0,0,0,0,0,0,0,0,1,0
72610506,Motor Vehicle,DAC,20210405,1748,N,N,3.471,0,0,2,2,N,N,Y,37.61781,-84.77464,1,4,6,1,1,2,2,N,1750,1753,N,2021,O,0,0,0,0,0,0,1,1,0,0,0,0
72610609,Motor Vehicle,Non DAC,20210405,1533,N,Y,12.307,0,0,2,2,N,N,Y,37.64854,-84.80336,5,2,6,1,1,2,2,N,1534,1540,N,2021,O,0,0,0,1,0,0,1,1,0,0,0,0
72611207,Motor Vehicle,DAC,20210407,1524,N,Y,3.251,0,0,2,2,N,N,Y,37.61473,-84.77451,1,2,6,1,1,2,2,N,1524,1535,N,2021,O,0,0,0,1,0,0,0,1,0,0,0,0
72611242,Motor Vehicle,DAC,20210407,1637,N,Y,3.517,0,0,2,2,N,N,Y,37.61848,-84.77459,1,4,6,1,1,2,2,N,1637,1638,N,2021,O,0,0,0,0,0,0,0,1,0,0,0,0
72611309,Motor Vehicle,DAC,20210407,549,N,Y,5.695,1,0,2,2,N,N,Y,37.64612,-84.77715,1,2,6,1,1,2,1,N,548,549,N,2021,B,0,0,0,0,0,0,1,0,0,0,0,0
72611571,Motor Vehicle,DAC,20210407,1604,N,N,13.768,0,0,2,2,N,N,Y,37.64555,-84.76787,8,2,6,1,1,2,2,N,1604,1604,N,2021,O,0,0,0,1,0,0,1,1,0,0,1,0
72611586,Motor Vehicle,Non DAC,20210408,1432,N,N,0.422,1,0,2,2,N,N,Y,37.6577,-84.77176,7,2,6,1,5,6,2,Y,1435,1440,N,2021,C,0,0,0,1,0,0,0,0,0,0,1,0
72611822,Motor Vehicle,DAC,20210407,1615,N,Y,4.91,0,0,2,2,N,Y,Y,37.6388,-84.77467,8,2,4,1,1,2,2,N,1619,1641,N,2021,O,0,0,1,1,0,0,0,0,0,0,0,0
72611823,Motor Vehicle,DAC,20210407,1648,N,Y,4.911,0,0,2,2,N,Y,Y,37.63882,-84.77468,8,2,4,1,1,2,2,N,1648,1648,N,2021,O,0,0,0,0,0,0,0,1,0,0,0,0
72611861,Motor Vehicle,DAC,20210409,1232,N,Y,0.048,0,0,2,2,N,N,Y,37.62844,-84.77392,5,2,4,1,1,2,2,N,1232,1240,N,2021,O,0,0,0,0,0,0,1,0,0,0,0,0
72611944,Motor Vehicle,DAC,20210409,1528,N,Y,6.208,0,0,2,2,N,N,Y,37.64971,-84.78267,1,2,6,1,1,2,2,N,1528,1531,N,2021,O,0,0,0,0,0,0,1,1,0,0,0,0
72612071,Motor Vehicle,DAC,20210409,2034,N,N,0.147,1,0,2,2,N,N,Y,37.64706,-84.76909,3,2,4,1,1,2,5,Y,2036,2041,N,2021,C,0,0,0,0,0,0,0,0,1,0,0,0
72612241,Motor Vehicle,DAC,20210410,1317,N,Y,3.464,0,0,2,2,N,N,Y,37.61772,-84.77464,1,2,4,1,5,6,2,N,1320,1323,N,2021,O,0,0,1,0,0,0,1,1,0,0,0,0
72612264,Motor Vehicle,DAC,20210410,1255,N,Y,3.444,1,0,2,2,N,N,Y,37.61741,-84.77446,5,4,6,1,5,6,2,Y,1255,1304,N,2021,C,0,0,0,0,0,0,1,0,0,0,0,0
72612273,Motor Vehicle,DAC,20210409,2029,N,N,1.123,0,0,1,1,N,N,Y,37.62062,-84.75442,9,4,6,1,1,2,6,N,2029,2043,N,2021,O,0,0,0,0,0,0,0,0,0,0,0,0
72612420,Motor Vehicle,DAC,20210410,1840,N,Y,0.077,0,0,2,2,N,N,Y,37.64459,-84.77094,5,2,6,1,5,3,2,N,1840,1845,N,2021,O,0,0,0,0,0,0,1,0,0,0,0,0
72613118,Bicyclist,DAC,20210412,1811,N,Y,13.598,1,0,2,1,N,N,Y,37.64571,-84.77083,9,6,6,1,1,2,2,Y,1812,1813,N,2021,B,0,0,0,0,0,1,1,1,0,0,0,0
72613474,Motor Vehicle,DAC,20210413,1740,N,Y,1.196,0,0,2,2,N,N,Y,37.62092,-84.75306,1,2,6,1,1,2,2,N,1740,1753,N,2021,O,0,0,0,0,0,0,1,1,0,0,0,0
72613632,Motor Vehicle,DAC,20210413,1600,N,N,13.772,0,0,2,2,N,N,Y,37.64597,-84.76771,2,2,6,1,1,2,2,Y,1523,1527,N,2021,O,0,0,0,1,0,0,1,0,0,0,1,0
72613839,Motor Vehicle,Non DAC,20210414,1548,N,Y,14.938,0,0,2,2,N,N,N,37.65788,-84.7492,1,2,6,1,5,6,2,N,1548,1551,N,2021,O,0,0,1,0,0,0,1,1,0,0,0,0
72614123,Motor Vehicle,DAC,20210415,1301,N,Y,4.942,0,0,2,2,N,Y,Y,37.6387,-84.77314,8,2,4,1,1,2,2,N,1301,1309,N,2021,O,0,0,0,0,0,0,0,0,0,0,0,0
72614351,Motor Vehicle,DAC,20210414,1700,N,N,3.429,0,0,2,2,N,N,Y,37.61725,-84.77439,5,7,6,1,5,6,2,N,1705,1707,N,2021,O,0,0,0,0,0,0,0,0,0,0,0,0
72614443,Motor Vehicle,DAC,20210416,1345,N,N,0.772,0,0,2,2,N,N,Y,37.649,-84.77328,5,2,6,1,1,2,2,N,1346,1346,N,2021,O,0,0,1,0,0,0,1,0,0,0,0,0
72614541,Motor Vehicle,Non DAC,20210416,1621,N,N,1.322,2,0,4,4,N,N,Y,37.62246,-84.79488,5,4,6,1,1,2,2,Y,1621,1626,N,2021,C,0,0,1,0,0,0,0,1,0,0,0,0
72614554,Motor Vehicle,DAC,20210415,1607,N,N,3.518,0,0,2,2,N,N,Y,37.61847,-84.77458,1,4,6,1,1,2,2,N,1607,1608,N,2021,O,0,0,1,0,0,0,1,1,0,0,0,0
72614555,Motor Vehicle,DAC,20210416,1759,N,N,3.599,0,0,2,2,N,N,Y,37.61962,-84.77459,1,4,6,1,1,2,2,N,1759,1805,N,2021,O,0,0,0,0,0,0,1,1,0,0,0,0
72614561,Motor Vehicle,Non DAC,20210414,2321,N,N,3.194,0,0,2,2,N,N,Y,37.64859,-84.80318,8,5,6,1,1,2,5,N,2322,2328,N,2021,O,0,1,0,0,0,0,1,1,0,0,1,0
72614770,Motor Vehicle,Non DAC,20210417,1416,N,Y,3.569,0,0,2,2,N,N,Y,37.65375,-84.80162,1,4,6,1,1,2,2,N,1420,1424,N,2021,O,0,0,0,0,0,0,1,1,0,1,0,0
72615024,Motor Vehicle,DAC,20210418,1250,N,N,0.074,0,0,3,3,N,N,Y,37.61751,-84.77581,5,2,6,1,1,2,2,N,1252,1256,N,2021,O,0,0,1,0,0,0,1,0,0,0,0,0
72615121,Motor Vehicle,Non DAC,20210413,1743,N,Y,15.532,0,0,2,2,N,N,Y,37.66439,-84.74298,5,11,6,1,1,2,2,N,1746,1802,N,2021,O,0,0,0,0,0,0,1,0,0,0,0,0
72615142,Motor Vehicle,DAC,20210418,1546,N,Y,5.332,0,0,2,2,N,N,Y,37.6448,-84.77415,1,2,6,1,1,2,2,N,1546,1549,N,2021,O,0,0,0,0,0,0,1,1,0,0,0,0
72615579,Motor Vehicle,Non DAC,20210419,1049,N,Y,0.146,0,0,1,1,N,N,Y,37.65689,-84.78089,9,2,3,1,1,2,2,N,1049,1053,N,2021,O,0,1,0,0,0,0,0,0,0,0,0,0
72615993,Motor Vehicle,Non DAC,20210421,705,N,Y,3.068,0,0,2,2,N,N,Y,37.66422,-84.74314,5,2,4,1,5,9,2,N,709,720,N,2021,O,0,0,0,0,0,0,1,0,0,0,0,0
72616050,Motor Vehicle,DAC,20210421,1227,N,N,14.977,0,0,2,2,N,N,Y,37.63349,-84.75313,1,2,6,1,1,3,2,N,1229,1235,N,2021,O,0,0,0,0,0,0,1,1,0,0,0,0
72616643,Motor Vehicle,Non DAC,20210423,835,N,N,0.232,0,0,1,1,N,N,Y,37.65103,-84.79249,9,2,6,1,5,6,2,N,835,842,N,2021,O,0,0,0,0,0,0,0,0,0,0,1,0
72616696,Motor Vehicle,Non DAC,20210422,1712,N,N,3.187,0,0,2,2,N,N,Y,37.6487,-84.80318,5,3,6,1,1,2,2,N,1715,1721,N,2021,O,0,0,0,0,0,0,1,0,0,0,0,0
72617384,Motor Vehicle,Non DAC,20210419,1651,N,Y,1.8,0,0,2,2,N,N,Y,37.62895,-84.79759,5,8,6,1,1,2,2,N,1652,1722,N,2021,O,0,0,0,0,0,0,1,0,0,0,0,0
72617488,Motor Vehicle,DAC,20210424,1401,N,Y,0.397,0,0,2,2,N,N,Y,37.62654,-84.75232,1,2,5,1,5,6,2,N,1401,1402,N,2021,O,0,0,1,1,0,0,1,1,0,0,0,0
72617489,Motor Vehicle,Non DAC,20210425,2057,N,N,0.429,0,0,2,2,Y,N,Y,37.64507,-84.7588,8,2,6,1,1,2,6,N,2057,2103,N,2021,O,0,0,0,0,0,0,0,0,0,0,0,0
72617646,Motor Vehicle,DAC,20210426,925,N,Y,5.153,0,0,2,2,N,N,Y,37.64232,-84.77437,8,2,4,1,1,2,2,N,932,932,N,2021,O,0,0,0,0,0,0,1,1,0,0,0,0
72618268,Motor Vehicle,DAC,20210427,1629,N,N,0.358,0,0,2,2,N,N,Y,37.61692,-84.78096,5,2,6,1,1,2,2,N,1631,1640,N,2021,O,0,0,0,0,0,0,1,0,0,0,0,0
72618269,Motor Vehicle,DAC,20210427,2132,N,N,0.151,0,0,2,2,N,N,Y,37.61672,-84.77174,1,2,5,1,1,2,5,N,2132,2143,N,2021,O,0,0,1,0,0,0,1,1,0,0,0,0
72618523,Motor Vehicle,DAC,20210428,1205,N,N,0.048,0,0,2,2,N,N,Y,37.63155,-84.75183,1,2,4,1,1,3,2,N,1205,1215,N,2021,O,0,0,0,0,0,0,0,1,0,0,0,0
72618684,Motor Vehicle,DAC,20210428,1954,N,N,0.617,0,0,2,2,N,N,Y,37.61661,-84.78567,1,5,6,1,5,6,6,N,2005,2012,N,2021,O,0,0,0,0,0,0,1,0,0,0,0,0
72619121,Motor Vehicle,DAC,20210429,1459,N,Y,5.258,0,0,2,2,N,N,Y,37.64359,-84.77266,5,2,6,1,5,6,2,N,1459,1459,N,2021,O,0,0,1,0,0,0,1,0,0,0,0,0
72619122,Motor Vehicle,DAC,20210429,1836,N,N,0.83,0,0,2,2,N,N,Y,37.617,-84.78952,5,2,6,1,5,6,2,N,1838,1843,N,2021,O,0,0,1,0,0,0,0,0,0,0,0,0
72619598,Motor Vehicle,DAC,20210429,1710,N,N,13.423,0,0,2,2,N,N,Y,37.64611,-84.78383,5,2,6,1,5,6,2,N,1710,1711,N,2021,O,0,0,0,0,0,0,1,0,0,0,0,0
72620022,Motor Vehicle,DAC,20210501,0,N,N,0.127,0,0,2,2,Y,N,Y,37.65335,-84.78537,8,0,0,1,1,2,9,N,1549,1608,N,2021,O,0,0,0,0,0,0,1,0,0,0,0,0
72620367,Motor Vehicle,Non DAC,20210503,1022,N,Y,13.924,0,0,2,2,N,N,Y,37.64882,-84.76357,5,2,4,1,5,3,2,N,1004,1008,N,2021,O,0,0,0,1,0,0,1,1,0,0,0,0
72620461,Motor Vehicle,DAC,20210503,1335,N,N,4.206,0,0,2,2,N,N,Y,37.62833,-84.77471,5,5,6,1,5,6,2,N,1339,1347,N,2021,O,0,0,0,1,0,0,1,0,0,0,0,0
72620618,Motor Vehicle,DAC,20210422,1705,N,N,5.364,0,0,2,2,Y,Y,Y,37.64523,-84.77249,8,2,6,1,1,2,2,N,1712,1716,N,2021,O,0,0,0,0,0,0,1,0,0,0,1,0
72620639,Motor Vehicle,DAC,20210503,1521,N,N,13.407,1,0,3,3,N,N,Y,37.64608,-84.78413,5,2,6,1,1,2,2,Y,1523,1532,N,2021,B,0,0,1,0,0,0,1,0,0,0,0,0
72620745,Motor Vehicle,DAC,20210504,740,N,Y,0.007,0,0,2,2,N,N,Y,37.61765,-84.77434,5,4,6,1,5,6,2,N,740,740,N,2021,O,0,0,0,0,0,0,1,1,0,0,0,0
72621046,Motor Vehicle,DAC,20210504,1621,N,N,5.827,0,0,2,2,Y,N,Y,37.64628,-84.77956,8,2,0,1,1,2,2,N,1624,1624,N,2021,O,0,0,0,0,0,0,0,0,0,0,1,0
72621047,Motor Vehicle,DAC,20210504,1657,N,Y,0.713,0,0,2,2,Y,N,Y,37.64901,-84.77376,3,2,6,1,1,2,2,N,1659,1702,N,2021,O,0,0,0,0,0,0,1,0,0,0,0,0
72621243,Motor Vehicle,DAC,20210505,1201,N,Y,0.238,0,0,2,2,N,N,Y,37.61722,-84.78178,1,2,6,1,1,3,2,N,1201,1212,N,2021,O,0,0,0,1,0,0,1,1,0,0,0,0
72621463,Motor Vehicle,DAC,20210505,1917,N,Y,5.332,0,0,2,2,N,Y,Y,37.6448,-84.77415,1,2,6,1,1,2,2,N,1917,1933,N,2021,O,0,0,0,1,0,0,1,1,0,0,0,0
72621578,Motor Vehicle,DAC,20210503,1059,N,Y,0.177,0,0,2,2,N,N,Y,37.61781,-84.77136,1,3,6,1,1,2,2,N,1101,1101,N,2021,O,0,0,0,0,0,0,0,1,0,0,0,0
72621580,Motor Vehicle,DAC,20210505,1343,N,Y,3.376,0,0,2,2,N,N,Y,37.61644,-84.77462,5,2,6,1,1,3,2,N,1343,1350,N,2021,O,0,0,1,0,0,0,0,0,0,0,0,0
72621600,Motor Vehicle,DAC,20210506,1004,N,Y,13.631,0,0,2,2,N,N,Y,37.64565,-84.77028,5,1,4,1,1,2,2,N,1005,1005,N,2021,O,0,0,0,1,0,0,1,1,0,0,0,0
72622176,Motor Vehicle,Non DAC,20210506,1740,N,Y,1.792,0,0,2,2,N,N,Y,37.62884,-84.79756,8,4,6,1,1,2,2,N,1728,1735,N,2021,O,0,0,1,0,0,0,1,1,0,0,0,0
72622348,Motor Vehicle,DAC,20210507,26,N,Y,13.91,0,0,1,1,N,N,Y,37.64431,-84.7665,9,2,3,1,5,3,5,N,23,26,N,2021,O,0,0,1,0,0,0,0,0,1,0,0,0
72622501,Motorcyclist,DAC,20210508,1447,N,Y,0.205,0,0,2,2,N,N,Y,37.61674,-84.77075,1,2,5,1,1,2,2,N,1448,1453,N,2021,O,1,0,0,1,0,0,1,1,0,0,0,0
72622511,Motor Vehicle,Non DAC,20210508,1302,N,Y,12.307,0,0,2,2,N,N,Y,37.64856,-84.80336,5,4,6,1,1,2,2,N,1302,1309,N,2021,O,0,0,0,1,0,0,1,0,0,0,0,0
72622663,Motor Vehicle,Non DAC,20210507,2250,N,N,10.775,0,0,1,1,N,N,Y,37.61971,-84.82181,9,2,3,1,5,6,6,Y,2154,2159,N,2021,O,0,0,1,0,0,0,0,1,0,0,1,0
72622919,Motor Vehicle,DAC,20210509,1528,N,N,5.299,0,0,2,2,N,Y,Y,37.64423,-84.7726,5,2,4,1,5,6,2,N,1543,1547,N,2021,O,0,0,0,1,0,0,1,1,0,0,0,0
72622923,Motor Vehicle,Non DAC,20210508,559,N,N,8.483,0,0,1,1,N,N,Y,37.68072,-84.79315,9,2,6,1,1,3,6,N,559,608,N,2021,O,0,1,0,0,0,0,0,0,0,0,0,0
72622947,Motor Vehicle,DAC,20210505,1558,N,N,0.087,0,0,2,2,N,N,Y,37.65079,-84.78703,2,1,6,1,1,2,2,N,1605,1611,N,2021,O,0,0,0,1,0,0,1,0,0,0,0,0
72623040,Motor Vehicle,DAC,20210507,1700,N,Y,3.395,0,0,2,2,N,N,Y,37.6167,-84.77461,8,6,6,1,1,2,2,N,1704,1711,N,2021,O,0,0,0,0,0,0,0,0,0,1,0,0
72623319,Motor Vehicle,DAC,20210510,2022,N,N,0.005,0,0,2,2,N,N,Y,37.64895,-84.77206,5,2,6,1,1,2,2,N,2022,2028,N,2021,O,0,0,0,0,0,0,1,0,0,0,0,0
72623334,Motor Vehicle,DAC,20210510,1452,N,Y,5.251,0,0,2,2,N,Y,Y,37.64371,-84.77428,1,2,6,1,1,2,2,N,1452,1454,N,2021,O,0,0,0,1,0,0,1,0,0,0,0,0
72623335,Motor Vehicle,DAC,20210510,2017,N,Y,0.208,0,0,2,2,Y,N,Y,37.64943,-84.77673,8,1,6,1,1,2,2,N,2017,2022,N,2021,O,0,0,0,0,0,0,1,0,0,0,0,0
72623828,Motor Vehicle,DAC,20210430,1130,N,N,0.138,0,0,2,2,N,N,Y,37.62157,-84.76392,7,2,1,1,1,2,2,N,1142,1144,N,2021,O,0,0,0,1,0,0,0,0,0,0,1,0
72623937,Motor Vehicle,DAC,20210512,1357,N,Y,0.092,1,0,2,2,N,N,Y,37.64743,-84.77215,1,2,6,1,1,2,2,Y,1358,1400,N,2021,C,0,0,1,0,0,0,1,1,0,0,0,0
72623969,Motor Vehicle,DAC,20210508,2051,N,Y,0.001,0,0,2,2,N,N,Y,37.61643,-84.7744,1,4,6,1,5,3,4,N,2051,2059,N,2021,O,0,0,1,0,0,0,0,0,0,0,0,0
72624248,Motor Vehicle,DAC,20210513,1417,N,N,0.016,0,0,2,2,N,N,Y,37.6172,-84.78178,1,2,6,1,1,2,2,N,1420,1426,N,2021,O,0,0,0,1,0,0,0,1,0,0,0,0
72624716,Motor Vehicle,DAC,20210514,1554,N,Y,0.175,0,0,2,2,N,N,Y,37.61797,-84.7714,1,6,6,1,1,2,2,N,1554,1604,N,2021,O,0,0,1,0,0,0,1,1,0,0,0,0
72624998,Motor Vehicle,DAC,20210515,1010,N,Y,0.294,0,0,1,1,N,N,Y,37.64493,-84.78287,9,2,6,1,1,2,2,N,1012,1018,N,2021,O,0,0,1,0,0,0,1,0,0,0,0,0
72625899,Motor Vehicle,DAC,20210518,1439,N,N,0.224,0,0,2,2,N,N,Y,37.64755,-84.78618,2,2,6,1,1,2,2,N,1441,1445,N,2021,O,0,0,0,0,0,0,1,0,0,0,0,0
72626080,Motor Vehicle,Non DAC,20210518,1607,N,N,1.93,1,0,2,2,N,N,Y,37.63063,-84.79864,5,4,6,1,1,2,2,Y,1607,1611,N,2021,C,0,0,0,0,0,0,1,0,0,0,0,0
72626580,Motor Vehicle,DAC,20210520,1245,N,Y,4.9,0,0,2,2,N,N,Y,37.63905,-84.7747,1,2,4,1,1,2,2,N,1245,1250,N,2021,O,0,0,0,0,0,0,1,1,0,0,0,0
72626705,Motor Vehicle,DAC,20210520,1740,N,Y,5.522,0,0,2,2,N,N,Y,37.64592,-84.77405,5,2,6,1,1,2,2,N,1740,1745,N,2021,O,0,0,1,0,0,0,1,1,0,0,0,0
72626927,Motor Vehicle,DAC,20210520,1409,N,N,5.151,0,0,2,2,N,Y,Y,37.64192,-84.77283,1,2,6,1,1,2,2,N,1409,1414,N,2021,O,0,0,0,0,0,0,1,0,0,0,0,0
72627314,Motor Vehicle,DAC,20210521,1514,N,Y,3.458,0,0,2,2,N,N,Y,37.61764,-84.77464,8,3,6,1,1,2,2,N,1514,1524,N,2021,O,0,0,0,0,0,0,1,0,0,0,0,0
72627464,Motorcyclist,DAC,20210522,1924,N,N,14.413,0,0,1,1,N,N,Y,37.6387,-84.76056,9,2,3,1,1,3,2,N,1924,1928,N,2021,O,1,0,0,0,0,0,0,0,0,0,1,0
72627507,Motor Vehicle,DAC,20210523,6,N,Y,5.392,0,0,2,2,N,N,Y,37.64592,-84.77403,1,2,6,1,1,2,5,N,7,10,N,2021,O,0,0,1,0,0,0,0,0,0,0,0,0
72627955,Motor Vehicle,Non DAC,20210523,1412,N,Y,12.209,0,0,2,2,N,N,Y,37.64851,-84.80512,4,2,6,1,1,2,2,N,1414,1417,N,2021,O,0,0,0,0,0,0,1,0,0,0,0,0
72628321,Motor Vehicle,Non DAC,20210525,1029,N,Y,18.339,0,0,2,2,N,N,Y,37.61695,-84.79871,8,2,3,1,1,2,2,N,1029,1037,N,2021,O,0,0,0,1,0,0,1,0,0,0,0,0