MasterFile,Mode,Disadvantaged_Com_ID,CollisionDate,CollisionTime,ParkingLotIndicator,IntersectionWith_Indicator_,Milepoint,NumberInjured,NumberKilled,ofUnits,ofMotorVeh,Hit_RunIndicator,OneWayIndicator,InCityLimitsIndicator,Latitude,Longitude,MannerofCollisionCode,TotalLanes,RoadwayCharacterCode,RoadwaySurfaceCode,RoadwayConditionCode,WeatherCode,LightConditionCode,FirstAidSceneIndicator,TimeNotified,TimeArrived,MedianCros,YR,KABCO,Motorcyclist,Commercial Vehicle,Young Driver,Mature Driver,Pedestrian,Bicyclist,Distracted,Aggressive,Impaired,Unrestrained,Roadway Departure,Median Cross-over
72628323,Motor Vehicle,DAC,20210525,1118,N,Y,0.153,0,0,3,3,N,Y,Y,37.61738,-84.77724,5,2,6,1,1,2,2,N,1118,1122,N,2021,O,0,0,0,1,0,0,1,0,0,0,0,0
72628372,Motor Vehicle,DAC,20210525,1302,N,Y,5.204,0,0,2,2,N,N,Y,37.64277,-84.77274,1,2,6,1,1,2,2,N,1302,1312,N,2021,O,0,0,0,1,0,0,1,1,0,0,0,0
72628709,Motor Vehicle,DAC,20210326,1430,N,N,5.489,0,0,2,2,N,N,Y,37.64589,-84.77357,2,2,6,1,1,2,2,N,1430,1430,N,2021,O,0,0,0,0,0,0,0,0,0,0,0,0
72628872,Motor Vehicle,DAC,20210526,1248,N,Y,3.255,1,0,2,2,N,N,Y,37.61468,-84.77447,1,5,6,1,1,3,2,N,1248,1249,N,2021,B,0,0,0,1,0,0,1,0,0,0,0,0
72628901,Motor Vehicle,DAC,20210526,837,N,Y,3.434,0,0,2,2,N,N,Y,37.61733,-84.77442,5,2,6,1,1,2,2,N,838,844,N,2021,O,0,0,0,1,0,0,1,1,0,0,0,0
72629184,Motor Vehicle,Non DAC,20210526,1628,N,Y,0.013,0,0,2,2,N,N,Y,37.6773,-84.79065,1,3,6,1,5,3,2,N,1628,1637,N,2021,O,0,0,1,0,0,0,0,0,0,0,0,0
72629467,Motor Vehicle,DAC,20210527,1616,N,N,0.382,0,0,3,3,N,N,Y,37.61681,-84.78138,6,4,6,1,1,2,2,N,1616,1625,N,2021,O,0,0,0,0,0,0,1,0,0,0,0,0
72629478,Motor Vehicle,DAC,20210527,1709,N,N,4.898,0,0,2,2,N,Y,Y,37.63915,-84.7747,8,2,6,1,1,2,2,N,1711,1713,N,2021,O,0,0,1,0,0,0,0,1,0,0,1,0
72629704,Motor Vehicle,Non DAC,20210528,1149,N,Y,0.448,0,0,2,2,N,N,Y,37.6524,-84.77183,5,2,5,1,5,6,2,N,1151,1156,N,2021,O,0,0,0,1,0,0,1,0,0,0,0,0
72629839,Motor Vehicle,DAC,20210528,1643,N,Y,5.123,0,0,2,2,N,Y,Y,37.64196,-84.77447,1,2,6,1,1,3,2,N,1645,1650,N,2021,O,0,0,0,0,0,0,0,1,0,0,0,0
72629925,Motor Vehicle,Non DAC,20210528,2023,N,Y,12.209,0,0,2,2,N,N,Y,37.64852,-84.80512,1,2,6,1,5,3,3,N,2023,2030,N,2021,O,0,0,0,0,0,0,0,1,0,0,0,0
72630277,Motor Vehicle,DAC,20210529,2225,N,Y,0.307,0,0,1,1,Y,N,Y,37.62224,-84.78022,9,0,4,1,1,3,5,N,2229,2236,N,2021,O,0,0,0,0,0,0,1,0,0,0,0,0
72630345,Motor Vehicle,DAC,20210529,1250,N,Y,5.331,0,0,2,2,N,Y,Y,37.6448,-84.77416,1,2,6,1,1,3,2,N,1252,1254,N,2021,O,0,0,1,1,0,0,1,1,0,0,0,0
72630419,Motor Vehicle,DAC,20210530,1332,N,Y,5.333,0,0,2,2,N,Y,Y,37.64481,-84.77415,8,2,4,1,1,2,2,N,1332,1337,N,2021,O,0,0,0,1,0,0,0,0,0,0,0,0
72630748,Motor Vehicle,Non DAC,20210531,2020,N,Y,0.154,0,0,2,2,Y,N,Y,37.65097,-84.764,1,0,6,1,1,2,2,N,2024,2034,N,2021,O,0,0,0,0,0,0,1,0,0,0,0,0
72630991,Motor Vehicle,Non DAC,20210601,1311,N,N,0.451,0,0,2,2,Y,N,Y,37.65247,-84.77392,8,2,4,1,1,3,2,N,1311,1317,N,2021,O,0,0,0,0,0,0,0,0,0,0,0,0
72631013,Motor Vehicle,DAC,20210601,1450,N,N,0.045,0,0,2,2,N,N,Y,37.64463,-84.77176,1,2,6,1,1,3,2,N,1450,1456,N,2021,O,0,0,0,0,0,0,0,0,0,0,0,0
72631557,Motor Vehicle,DAC,20210602,1514,N,Y,1.19,1,0,2,2,N,N,Y,37.62097,-84.75293,4,5,6,1,5,6,2,Y,1516,1518,N,2021,B,0,0,0,0,0,0,0,1,0,0,0,0
72632226,Motor Vehicle,DAC,20210604,951,N,N,0.423,0,0,1,1,N,N,Y,37.63959,-84.77138,9,1,6,1,1,2,2,N,951,957,N,2021,O,0,0,0,0,0,0,0,0,0,0,1,0
72632488,Motor Vehicle,Non DAC,20210604,1446,N,N,3.182,0,0,2,2,N,N,Y,37.64835,-84.80295,5,4,6,1,1,2,2,N,1446,1453,N,2021,O,0,0,0,0,0,0,1,0,0,0,0,0
72632538,Motor Vehicle,DAC,20210604,1416,N,N,0.233,0,0,2,2,N,N,Y,37.6173,-84.78179,1,2,6,1,1,2,2,N,1418,1426,N,2021,O,0,0,0,0,0,0,0,1,0,0,0,0
72632539,Motor Vehicle,DAC,20210604,1443,N,N,3.84,0,0,2,2,N,N,Y,37.62419,-84.77458,8,5,6,1,1,2,2,N,1443,1449,N,2021,O,0,0,0,0,0,0,1,0,0,0,1,0
72632650,Motor Vehicle,DAC,20210605,1122,N,N,0.004,0,0,2,2,N,N,Y,37.61781,-84.77403,5,4,6,1,1,2,2,N,1125,1125,N,2021,O,0,0,1,0,0,0,1,1,0,0,0,0
72632975,Motor Vehicle,DAC,20210606,1301,N,Y,0.009,0,0,2,2,N,N,Y,37.61807,-84.77144,5,4,1,1,1,2,2,N,1301,1307,N,2021,O,0,0,0,1,0,0,1,0,0,0,0,0
72633016,Motor Vehicle,DAC,20210605,1231,N,N,0.023,0,0,2,2,N,N,Y,37.63084,-84.76168,2,2,4,1,1,2,2,N,1231,1238,N,2021,O,0,0,0,1,0,0,0,0,0,0,0,0
72633023,Motor Vehicle,DAC,20210604,1204,N,Y,6.206,0,0,2,2,N,N,Y,37.64973,-84.78272,1,2,6,1,1,2,2,N,1204,1204,N,2021,O,0,0,0,0,0,0,1,1,0,0,0,0
72633024,Motor Vehicle,DAC,20210604,1214,N,N,0.149,0,0,2,2,N,N,Y,37.64356,-84.77107,4,2,6,1,1,2,2,N,1214,1236,N,2021,O,0,0,0,1,0,0,1,0,0,0,0,0
72633381,Motor Vehicle,DAC,20210607,836,N,N,3.76,0,0,2,2,N,N,Y,37.62193,-84.77462,7,5,6,1,1,3,2,N,836,845,N,2021,O,0,0,1,0,0,0,1,0,0,0,1,0
72633386,Motor Vehicle,Non DAC,20210607,1250,N,Y,13.624,0,0,2,2,N,N,Y,37.64564,-84.78714,8,2,1,1,1,3,2,N,1250,1255,N,2021,O,0,0,0,0,0,0,0,0,0,0,0,0
72633560,Motor Vehicle,DAC,20210607,1707,N,N,5.469,0,0,2,2,N,N,Y,37.64588,-84.77331,5,2,6,1,1,2,2,N,1707,1712,N,2021,O,0,0,0,0,0,0,1,0,0,0,0,0
72633613,Motor Vehicle,Non DAC,20210607,2124,N,N,1.742,2,0,1,1,N,N,Y,37.62817,-84.79727,9,2,6,1,1,2,6,Y,2124,2128,N,2021,B,0,0,0,0,0,0,0,0,0,0,1,0
72633994,Motor Vehicle,Non DAC,20210608,1651,N,Y,1.24,0,0,2,2,N,N,Y,37.62121,-84.79405,5,2,6,1,5,3,2,N,1653,1700,N,2021,O,0,0,1,0,0,0,0,0,0,0,0,0
72634294,Motor Vehicle,DAC,20210609,1114,N,N,13.525,0,0,2,2,N,N,Y,37.6458,-84.77213,8,4,6,1,5,6,2,N,1114,1121,N,2021,O,0,0,0,0,0,0,0,1,0,0,1,0
72634800,Motor Vehicle,Non DAC,20210610,1721,N,Y,3.195,0,0,2,2,N,N,Y,37.64857,-84.80317,1,2,6,1,5,2,2,N,1721,1723,N,2021,O,0,0,0,1,0,0,1,1,0,0,0,0
72634977,Motor Vehicle,DAC,20210610,1300,N,Y,0.167,0,0,2,2,N,N,Y,37.61736,-84.7775,5,3,6,1,1,3,2,N,1302,1308,N,2021,O,0,0,1,0,0,0,1,1,0,0,0,0
72634978,Motor Vehicle,Non DAC,20210610,1352,N,N,13.485,0,0,1,1,N,N,Y,37.64451,-84.78905,9,2,1,1,6,6,2,N,1352,1356,N,2021,O,0,0,1,0,0,0,1,1,0,0,1,0
72635213,Motor Vehicle,DAC,20210611,629,N,Y,5.686,0,0,2,2,N,N,Y,37.64617,-84.77705,1,2,6,1,5,3,1,N,629,632,N,2021,O,0,0,0,0,0,0,0,1,0,0,0,0
72635214,Motor Vehicle,DAC,20210611,1815,N,Y,0.151,0,0,2,2,N,N,Y,37.64347,-84.77101,5,2,6,1,1,3,2,N,1817,1820,N,2021,O,0,0,0,0,0,0,1,0,1,0,0,0
72635240,Motor Vehicle,Non DAC,20210611,1652,N,Y,12.323,0,0,2,2,N,N,Y,37.64856,-84.80279,5,4,6,1,5,6,2,N,1652,1657,N,2021,O,0,0,0,0,0,0,1,0,0,0,0,0
72635437,Motor Vehicle,Non DAC,20210612,1129,N,Y,0.121,0,0,2,2,Y,N,Y,37.65537,-84.76332,7,2,1,1,1,2,2,N,1129,1134,N,2021,O,0,0,0,0,0,0,0,0,0,0,0,0
72636042,Motor Vehicle,Non DAC,20210612,1048,N,N,3.709,0,0,2,2,N,N,Y,37.65611,-84.79846,8,2,6,1,1,2,2,N,1049,1103,N,2021,O,0,0,0,0,0,0,1,0,0,0,1,0
72636061,Motor Vehicle,DAC,20210613,1017,N,Y,4.742,0,0,2,2,N,N,Y,37.63624,-84.77497,8,2,4,1,1,2,2,N,1019,1023,N,2021,O,0,0,0,1,0,0,1,0,0,0,0,0
72636062,Motor Vehicle,DAC,20210613,1353,N,Y,3.438,0,0,2,2,N,N,Y,37.61739,-84.77447,5,2,6,1,1,2,2,N,1355,1357,N,2021,O,0,0,0,1,0,0,1,1,0,0,0,0
72636220,Motor Vehicle,Non DAC,20210614,1435,N,N,0.605,0,0,2,2,N,N,Y,37.65477,-84.77166,5,2,4,1,1,2,2,N,1436,1437,N,2021,O,0,0,0,0,0,0,0,0,0,0,0,0
72636695,Motor Vehicle,DAC,20210615,1916,N,Y,3.373,0,0,2,2,N,N,Y,37.61647,-84.77443,8,2,6,1,1,2,2,N,1916,1923,N,2021,O,0,0,0,0,0,0,1,0,0,0,0,0
72637092,Motor Vehicle,DAC,20210616,1505,N,Y,0.15,0,0,2,2,N,N,Y,37.64352,-84.7711,1,2,6,1,1,2,2,N,1507,1510,N,2021,O,0,0,0,0,0,0,1,1,0,0,0,0
72637152,Motor Vehicle,Non DAC,20210614,2238,N,Y,15.532,0,0,1,1,N,N,Y,37.66451,-84.743,9,2,6,1,1,2,5,Y,2238,2241,N,2021,O,0,0,0,0,0,0,0,0,0,0,0,0
72637238,Motor Vehicle,DAC,20210616,1309,N,N,0.246,0,0,2,2,Y,N,Y,37.62871,-84.7521,8,2,4,1,1,2,2,N,1309,1318,N,2021,O,0,1,1,0,0,0,0,0,0,0,1,0
72637330,Motor Vehicle,Non DAC,20210615,1224,N,N,1.237,0,0,2,2,N,N,Y,37.62123,-84.79413,5,3,4,1,1,2,2,N,1224,1236,N,2021,O,0,0,0,1,0,0,1,0,0,0,0,0
72637542,Pedestrian,Non DAC,20210617,2340,N,Y,3.746,1,0,2,1,Y,N,Y,37.65538,-84.79912,9,4,6,1,1,2,6,Y,2341,2347,N,2021,A,0,0,0,0,1,0,0,0,0,0,0,0
72637662,Motor Vehicle,DAC,20210618,1145,N,N,13.777,0,0,2,2,N,N,Y,37.64556,-84.76772,8,2,6,1,1,2,2,N,1145,1200,N,2021,O,0,0,0,0,0,0,0,0,0,0,1,0
72637756,Motor Vehicle,Non DAC,20210618,1340,N,Y,12.335,0,0,2,2,N,N,Y,37.64856,-84.80279,5,2,6,1,1,2,2,N,1340,1344,N,2021,O,0,0,0,0,0,0,1,0,0,0,0,0
72638008,Motor Vehicle,Non DAC,20210618,1500,N,N,0.355,0,0,1,1,N,N,Y,37.6529,-84.79238,9,2,4,1,1,2,2,N,1414,1416,N,2021,O,0,0,0,0,0,0,1,0,0,0,1,0
72638076,Motor Vehicle,Non DAC,20210618,1719,N,Y,8.211,0,0,2,2,N,N,Y,37.67717,-84.79108,5,2,6,1,1,2,2,N,1722,1725,N,2021,O,0,0,0,1,0,0,1,0,0,0,0,0
72638351,Motor Vehicle,DAC,20210620,1026,N,Y,5.195,2,0,2,2,N,Y,Y,37.6429,-84.7743,1,2,6,1,1,2,2,Y,1028,1030,N,2021,B,0,0,0,1,0,0,1,0,0,0,0,0
72638402,Motor Vehicle,Non DAC,20210619,1910,N,N,0.092,0,0,1,1,N,N,Y,37.65077,-84.77902,9,2,6,1,1,2,2,N,1910,1922,N,2021,O,0,0,1,0,0,0,0,0,0,0,1,0
72638484,Motor Vehicle,DAC,20210620,1832,N,N,0.176,0,0,2,2,N,N,Y,37.61799,-84.77142,1,4,6,1,1,2,2,N,1832,1838,N,2021,O,0,0,0,1,0,0,1,1,0,0,0,0
72638650,Motor Vehicle,DAC,20210618,1255,N,N,0.046,0,0,2,2,N,N,Y,37.61808,-84.77758,1,2,6,1,1,2,2,N,1301,1312,N,2021,O,0,0,0,0,0,0,0,1,0,0,0,0
72638875,Motor Vehicle,Non DAC,20210621,1640,N,Y,1.243,0,0,2,2,N,N,Y,37.62147,-84.79416,5,4,4,1,5,6,2,N,1642,1647,N,2021,O,0,0,0,1,0,0,0,0,0,0,0,0
72639217,Motor Vehicle,Non DAC,20210621,1715,N,Y,1.467,0,0,2,2,N,N,Y,37.67732,-84.76402,5,2,3,1,5,6,2,N,1715,1720,N,2021,O,0,0,0,0,0,0,1,1,0,0,0,0
72639423,Motor Vehicle,DAC,20210622,1335,N,N,0.114,0,0,2,2,N,N,Y,37.61658,-84.77239,1,1,4,1,1,2,2,N,1337,1339,N,2021,O,0,0,0,1,0,0,1,0,0,0,0,0
72639424,Motor Vehicle,DAC,20210621,1141,N,Y,4.878,0,0,2,2,N,N,Y,37.63772,-84.77318,1,2,6,1,1,2,2,N,1148,1150,N,2021,O,0,0,0,1,0,0,1,1,0,0,0,0
72639523,Motor Vehicle,Non DAC,20210622,1618,N,Y,1.266,0,0,2,2,N,N,Y,37.62168,-84.79454,5,2,6,1,1,2,2,N,1620,1629,N,2021,O,0,0,1,0,0,0,1,0,0,0,0,0
72639621,Motor Vehicle,Non DAC,20210623,1705,N,N,1.799,0,0,3,3,N,N,Y,37.62893,-84.79761,5,2,6,1,1,2,2,N,1715,1719,N,2021,O,0,0,0,1,0,0,0,1,0,0,0,0
72639814,Motor Vehicle,DAC,20210622,859,N,Y,5.78,0,0,2,2,N,N,Y,37.64623,-84.7787,1,2,4,1,1,2,2,N,859,859,N,2021,O,0,0,0,0,0,0,1,1,0,0,0,0
72639949,Motor Vehicle,Non DAC,20210624,1724,N,N,14.769,0,0,2,2,N,N,Y,37.65611,-84.75146,1,2,6,1,1,2,2,N,1724,1730,N,2021,O,0,0,0,1,0,0,1,1,0,0,0,0
72640198,Motor Vehicle,DAC,20210625,1021,N,N,5.303,0,0,2,2,N,Y,Y,37.64428,-84.7726,2,2,6,1,1,3,2,N,1021,1025,N,2021,O,0,0,0,1,0,0,0,0,0,0,0,0
72640316,Pedestrian,DAC,20210624,1950,N,Y,0.005,1,0,2,1,N,N,Y,37.64617,-84.77708,9,2,6,1,1,2,2,Y,1952,1952,N,2021,B,0,0,0,1,1,0,1,0,0,0,0,0
72640483,Motor Vehicle,DAC,20210625,2316,N,Y,13.599,0,0,2,2,N,N,Y,37.64571,-84.77084,4,4,6,1,1,2,5,N,2316,2319,N,2021,O,0,0,0,0,0,0,0,1,0,0,0,0
72640506,Motor Vehicle,DAC,20210624,2152,N,N,0.211,0,0,2,2,Y,N,Y,37.64581,-84.77082,8,2,6,1,1,3,5,N,2152,2154,N,2021,O,0,0,0,0,0,0,0,0,0,0,0,0
72640736,Motor Vehicle,Non DAC,20210626,1200,N,Y,15.541,0,0,2,2,Y,N,Y,37.66435,-84.74297,5,2,3,1,1,2,2,N,2034,2034,N,2021,O,0,0,0,0,0,0,1,0,0,0,0,0
72640930,Motor Vehicle,Non DAC,20210627,300,N,N,0.011,0,0,1,1,N,N,Y,37.64793,-84.74819,9,2,6,1,1,2,6,N,840,841,N,2021,O,0,0,0,0,0,0,1,0,0,0,1,0
72641221,Motor Vehicle,DAC,20210628,1031,N,Y,0.175,0,0,2,2,N,N,Y,37.64481,-84.77416,1,2,6,1,1,2,2,N,1033,1036,N,2021,O,0,0,0,0,0,0,1,0,0,0,0,0
72641315,Motor Vehicle,DAC,20210628,1430,N,N,13.783,0,0,2,2,N,N,Y,37.64556,-84.7676,8,3,6,1,1,2,2,N,1452,1459,N,2021,O,0,0,0,0,0,0,0,1,0,0,1,0
72641456,Motor Vehicle,DAC,20210628,1906,N,N,2.931,0,0,3,3,N,N,Y,37.60996,-84.77424,5,5,6,1,1,2,2,N,1907,1913,N,2021,O,0,0,1,0,0,0,1,1,0,0,0,0
72642594,Motor Vehicle,DAC,20210629,1343,N,Y,6.918,0,0,3,3,N,N,Y,37.65998,-84.78377,5,2,4,1,1,2,2,N,1343,1345,N,2021,O,0,0,1,1,0,0,1,1,0,0,0,0
72642666,Motor Vehicle,DAC,20210701,1717,N,Y,0,0,0,2,2,N,N,Y,37.61643,-84.77442,5,1,4,1,5,6,2,N,1719,1727,N,2021,O,0,0,0,0,0,0,1,0,0,0,0,0
72643105,Motor Vehicle,DAC,20210702,1345,N,Y,4.94,1,0,2,2,N,Y,Y,37.63874,-84.77317,1,2,6,1,1,2,2,Y,1350,1351,N,2021,B,0,0,0,0,0,0,1,1,0,0,0,0
72643252,Motor Vehicle,DAC,20210702,1508,N,Y,0.13,0,0,3,3,N,N,Y,37.64878,-84.7692,1,2,6,1,1,2,2,N,1509,1509,N,2021,O,0,0,0,1,0,0,1,0,0,0,0,0
72643323,Motor Vehicle,DAC,20210702,1206,N,Y,4.944,0,0,2,2,N,Y,Y,37.63872,-84.77314,1,2,1,1,1,2,2,N,1206,1206,N,2021,O,0,0,0,0,0,0,0,1,0,0,0,0
72643396,Motor Vehicle,Non DAC,20210701,1158,N,Y,1.221,0,0,2,2,N,N,Y,37.62117,-84.79409,3,2,1,1,5,6,2,N,1158,1213,N,2021,O,0,0,0,0,0,0,0,0,0,0,0,0
72643434,Motor Vehicle,Non DAC,20210703,1648,N,N,13.105,0,0,2,2,N,N,Y,37.64661,-84.78913,4,2,3,1,1,2,2,N,1649,1656,N,2021,O,0,0,0,0,0,0,1,1,0,0,0,0
72644192,Motor Vehicle,DAC,20210706,955,N,Y,1.191,0,0,2,2,N,N,Y,37.62077,-84.75316,1,3,6,1,1,2,2,N,957,1000,N,2021,O,0,0,0,1,0,0,1,1,0,0,0,0
72644570,Bicyclist,DAC,20210706,1549,N,N,5.35,0,0,2,1,N,Y,Y,37.64513,-84.77412,9,2,6,1,1,2,2,N,1549,1550,N,2021,O,0,0,0,0,0,1,0,0,0,0,0,0
72644610,Motor Vehicle,DAC,20210707,956,N,Y,0.061,0,0,2,2,N,N,Y,37.64283,-84.77322,2,2,6,1,1,2,2,N,956,1002,N,2021,O,0,0,1,1,0,0,1,0,0,0,0,0
72644725,Motor Vehicle,DAC,20210707,1614,N,Y,0.005,0,0,1,1,N,N,Y,37.62984,-84.77846,9,1,3,1,1,2,2,N,1614,1624,N,2021,O,0,0,0,0,0,0,0,0,0,0,0,0
72645050,Motor Vehicle,Non DAC,20210708,1300,N,Y,0.279,0,0,2,2,N,N,Y,37.64788,-84.80506,3,1,6,1,1,2,2,N,1303,1310,N,2021,O,0,0,0,0,0,0,1,0,0,0,0,0
72645614,Motor Vehicle,DAC,20210709,1629,N,Y,0.458,0,0,2,2,N,N,Y,37.61696,-84.78575,5,1,6,1,1,2,2,N,1632,1638,N,2021,O,0,0,0,0,0,0,1,0,0,0,0,0
72646040,Motor Vehicle,DAC,20210710,1441,N,Y,3.255,0,0,2,2,N,N,Y,37.61468,-84.77447,1,2,6,1,1,2,2,N,1441,1455,N,2021,O,0,0,0,1,0,0,0,1,0,0,0,0
72646151,Motor Vehicle,DAC,20210710,1459,N,Y,14.181,0,0,2,2,Y,N,Y,37.64125,-84.76314,5,2,6,1,1,2,2,N,1501,1509,N,2021,O,0,0,0,0,0,0,1,0,0,1,0,0
72646693,Motor Vehicle,DAC,20210712,1048,N,Y,0.014,0,0,1,1,N,N,Y,37.61761,-84.77471,9,2,1,1,5,6,2,N,1050,1059,N,2021,O,0,0,0,0,0,0,0,0,0,0,0,0
72646958,Motor Vehicle,Non DAC,20210713,1538,N,Y,0.204,0,0,2,2,N,N,Y,37.64925,-84.77216,5,2,5,1,5,3,2,N,1541,1547,N,2021,O,0,0,0,0,0,0,1,0,0,0,0,0
72647077,Motor Vehicle,Non DAC,20210712,1925,N,N,2.322,1,0,2,2,N,N,Y,37.66919,-84.75392,8,2,6,1,1,2,2,Y,1926,1931,N,2021,C,0,0,0,0,0,0,1,0,0,0,1,0
72648281,Motor Vehicle,Non DAC,20210716,2148,N,N,2.142,0,0,2,2,N,N,Y,37.67522,-84.76454,5,2,4,1,1,3,6,N,2150,2157,N,2021,O,0,0,1,0,0,0,1,0,0,0,0,0
72648485,Motor Vehicle,DAC,20210716,900,N,Y,5.324,0,0,2,2,N,N,Y,37.64462,-84.77251,1,2,6,1,1,2,2,N,900,905,N,2021,O,0,0,0,1,0,0,1,0,0,0,0,0
72649142,Motor Vehicle,DAC,20210712,1827,N,Y,3.514,0,0,2,2,N,N,Y,37.61853,-84.7746,5,2,6,1,1,2,2,N,1829,1832,N,2021,O,0,0,0,0,0,0,1,0,0,0,0,0
72649143,Motor Vehicle,DAC,20210719,1100,N,Y,0.344,0,0,2,2,N,N,Y,37.6417,-84.78073,3,2,6,1,1,2,2,N,1104,1113,N,2021,O,0,0,0,0,0,0,0,0,0,0,0,0
72649182,Motor Vehicle,DAC,20210719,1057,N,Y,0.622,0,0,2,2,N,N,Y,37.61661,-84.78568,1,2,4,1,1,2,2,N,1057,1106,N,2021,O,0,0,0,1,0,0,0,1,0,0,0,0
72649544,Motor Vehicle,DAC,20210720,1230,N,Y,14.031,0,0,2,2,N,N,Y,37.64303,-84.7649,1,2,4,1,1,2,2,N,1230,1235,N,2021,O,0,0,0,1,0,0,1,1,0,0,0,0
72649645,Motor Vehicle,DAC,20210720,1502,N,N,0.01,0,0,2,2,N,N,Y,37.61744,-84.77464,1,2,6,1,1,2,2,N,1502,1504,N,2021,O,0,0,0,1,0,0,1,0,0,0,0,0
72649939,Motor Vehicle,DAC,20210721,1630,N,Y,0.159,0,0,1,1,N,N,Y,37.61821,-84.77193,9,2,6,1,1,2,2,N,1630,1635,N,2021,O,0,0,0,0,0,0,0,0,0,0,0,0
72650122,Motor Vehicle,DAC,20210722,759,N,N,0,0,0,1,1,N,N,Y,37.62043,-84.76197,9,2,4,1,1,2,2,N,759,806,N,2021,O,0,1,0,0,0,0,1,0,0,0,1,0
72650210,Motor Vehicle,Non DAC,20210722,1245,N,Y,1.239,0,0,2,2,N,N,Y,37.62117,-84.79446,5,4,6,1,1,2,2,N,1245,1245,N,2021,O,0,0,0,0,0,0,1,0,0,0,0,0
72650520,Motor Vehicle,DAC,20210722,1539,N,Y,4.981,0,0,2,2,N,Y,Y,37.6398,-84.7746,5,2,4,1,1,2,2,N,1541,1542,N,2021,O,0,0,0,0,0,0,1,0,0,0,0,0
72650521,Motor Vehicle,DAC,20210722,1610,N,Y,4.408,0,0,2,2,N,N,Y,37.63125,-84.77488,5,2,6,1,1,2,2,N,1610,1611,N,2021,O,0,0,0,0,0,0,1,1,0,0,0,0
72650995,Motor Vehicle,Non DAC,20210721,755,N,Y,15.531,0,0,2,2,N,N,Y,37.6644,-84.74297,5,2,3,1,1,2,2,N,755,803,N,2021,O,0,0,0,1,0,0,1,1,0,0,0,0
72651092,Motor Vehicle,DAC,20210724,1324,N,N,0.788,0,0,2,2,N,N,Y,37.649,-84.77298,5,2,6,1,1,2,2,N,1326,1329,N,2021,O,0,0,0,1,0,0,1,0,0,0,0,0
72651662,Motor Vehicle,DAC,20210726,1231,N,Y,5.978,2,0,2,2,N,N,Y,37.64636,-84.78231,1,2,6,1,1,2,2,Y,1231,1235,N,2021,C,0,0,1,1,0,0,1,1,0,0,0,0
72651788,Motor Vehicle,DAC,20210725,1847,N,Y,0.204,0,0,2,2,N,N,Y,37.61675,-84.77075,1,2,6,1,1,2,2,N,1847,1851,N,2021,O,0,0,0,0,0,0,1,1,0,0,0,0
72651904,Motor Vehicle,DAC,20210717,1159,N,N,4.207,0,0,2,2,N,N,Y,37.62834,-84.77478,8,2,6,1,1,3,2,N,1200,1209,N,2021,O,0,0,0,0,0,0,0,1,0,0,1,0
72651922,Motor Vehicle,DAC,20210727,1025,N,N,6.792,0,0,2,2,N,N,Y,37.65815,-84.78358,8,2,6,1,1,2,2,N,1025,1030,N,2021,O,0,0,0,1,0,0,1,1,0,0,1,0
72651957,Motor Vehicle,DAC,20210727,946,N,N,0.013,0,0,2,2,N,N,Y,37.64611,-84.77405,4,2,6,1,1,2,2,N,949,953,N,2021,O,0,0,1,0,0,0,0,1,0,0,0,0
72651959,Motor Vehicle,DAC,20210727,955,N,N,13.325,1,0,1,1,N,N,Y,37.64587,-84.7856,9,2,6,2,1,2,2,Y,955,955,N,2021,C,0,0,0,1,0,0,0,0,0,0,1,0
72652135,Motor Vehicle,DAC,20210727,1827,N,N,14.539,2,0,2,2,N,N,Y,37.63741,-84.75905,5,2,4,1,1,2,2,Y,1828,1832,N,2021,B,0,0,1,0,0,0,1,1,0,0,0,0
72652679,Motor Vehicle,Non DAC,20210729,745,N,N,15.443,0,0,2,2,N,N,Y,37.66315,-84.743,8,2,3,1,1,2,2,N,744,749,N,2021,O,0,0,1,0,0,0,1,0,0,0,1,0
72653249,Motor Vehicle,Non DAC,20210730,1726,N,Y,0.185,0,0,2,2,Y,N,Y,37.64674,-84.79257,7,0,6,1,1,2,2,N,1729,1734,N,2021,O,0,1,0,0,0,0,0,0,0,0,0,0
72653364,Motor Vehicle,DAC,20210730,1302,N,Y,5.328,0,0,2,2,N,Y,Y,37.64486,-84.77416,1,2,6,1,1,2,2,N,1307,1310,N,2021,O,0,0,0,1,0,0,1,1,0,0,0,0
72653880,Motor Vehicle,DAC,20210728,940,N,N,14.034,0,0,2,2,Y,N,Y,37.64306,-84.76495,8,2,6,1,1,2,2,N,946,951,N,2021,O,0,0,0,0,0,0,1,0,0,0,0,0
72653935,Motor Vehicle,Non DAC,20210728,1102,N,N,0.085,0,0,1,1,N,N,Y,37.6427,-84.75036,9,2,3,97,1,2,2,N,1103,1115,N,2021,O,0,0,0,0,0,0,0,0,0,0,1,0