MasterFile,Mode,Disadvantaged_Com_ID,CollisionDate,CollisionTime,ParkingLotIndicator,IntersectionWith_Indicator_,Milepoint,NumberInjured,NumberKilled,ofUnits,ofMotorVeh,Hit_RunIndicator,OneWayIndicator,InCityLimitsIndicator,Latitude,Longitude,MannerofCollisionCode,TotalLanes,RoadwayCharacterCode,RoadwaySurfaceCode,RoadwayConditionCode,WeatherCode,LightConditionCode,FirstAidSceneIndicator,TimeNotified,TimeArrived,MedianCros,YR,KABCO,Motorcyclist,Commercial Vehicle,Young Driver,Mature Driver,Pedestrian,Bicyclist,Distracted,Aggressive,Impaired,Unrestrained,Roadway Departure,Median Cross-over
72653979,Motor Vehicle,DAC,20210802,856,N,N,0.018,1,0,3,3,N,N,Y,37.61742,-84.77483,8,4,6,1,1,2,2,Y,857,905,N,2021,C,0,0,0,1,0,0,1,0,0,0,1,0
72654016,Motor Vehicle,DAC,20210802,1243,N,Y,0.012,0,0,2,2,N,N,Y,37.61767,-84.77425,5,2,6,1,1,2,2,N,1245,1246,N,2021,O,0,0,1,0,0,0,1,1,0,0,0,0
72654134,Motor Vehicle,Non DAC,20210802,1821,N,Y,0.707,0,0,2,2,N,N,Y,37.6563,-84.77149,5,2,4,1,1,2,2,N,1822,1827,N,2021,O,0,0,0,0,0,0,1,0,0,0,0,0
72655163,Motorcyclist,Non DAC,20210805,1501,N,N,15.875,1,0,2,2,N,N,Y,37.66616,-84.73709,5,2,6,1,1,2,2,Y,1502,1508,N,2021,B,1,0,0,0,0,0,1,1,1,0,0,0
72655201,Motorcyclist,DAC,20210805,1805,N,Y,0.785,0,0,2,2,N,N,Y,37.62095,-84.75304,5,2,6,1,1,2,2,N,1805,1812,N,2021,O,1,0,0,1,0,0,1,0,0,0,0,0
72655749,Motor Vehicle,Non DAC,20210807,1154,N,N,2.376,0,0,1,1,N,N,Y,37.63754,-84.80186,9,4,6,1,1,2,2,N,1154,1200,Y,2021,O,0,0,0,0,0,0,1,0,0,0,1,0
72655846,Motor Vehicle,DAC,20210807,1439,N,Y,0.238,1,0,2,2,N,N,Y,37.61721,-84.78177,5,2,6,1,1,2,2,Y,1439,1447,N,2021,C,0,0,0,0,0,0,1,0,0,0,0,0
72656371,Motor Vehicle,DAC,20210809,1118,N,Y,0.662,1,0,2,2,N,N,Y,37.61995,-84.76283,5,4,4,1,1,2,2,Y,1115,1123,N,2021,B,0,0,0,0,0,0,1,0,0,0,0,0
72656593,Motor Vehicle,DAC,20210809,1619,N,N,0.18,0,0,2,2,Y,N,Y,37.64841,-84.77223,5,2,6,1,5,3,2,N,1620,1625,N,2021,O,0,0,0,0,0,0,1,0,0,0,0,0
72656887,Motor Vehicle,Non DAC,20210810,1004,N,N,12.152,0,0,2,2,N,N,Y,37.64843,-84.8062,5,2,6,1,1,3,2,N,1004,1009,N,2021,O,0,0,1,0,0,0,1,1,0,0,0,0
72657138,Motor Vehicle,DAC,20210810,1604,N,N,4.852,0,0,2,2,N,N,Y,37.63801,-84.77477,1,2,6,1,1,2,2,N,1605,1605,N,2021,O,0,0,0,0,0,0,1,1,0,0,0,0
72657253,Motor Vehicle,Non DAC,20210810,1635,N,Y,0.012,0,0,1,1,N,N,Y,37.65426,-84.75495,9,3,6,1,1,2,2,N,1637,1641,N,2021,O,0,0,0,1,0,0,0,0,0,0,0,0
72657294,Motor Vehicle,DAC,20210803,1641,N,Y,0.016,0,0,2,2,N,N,Y,37.62094,-84.75306,5,2,6,3,1,2,2,N,1644,1648,N,2021,O,0,0,1,0,0,0,1,0,0,0,0,0
72658264,Motor Vehicle,DAC,20210813,1713,N,N,5.013,2,0,2,2,N,Y,Y,37.64033,-84.77456,5,2,6,1,1,2,2,Y,1713,1716,N,2021,C,0,0,1,0,0,0,1,1,0,0,1,0
72658441,Motor Vehicle,Non DAC,20210814,1019,N,Y,1.447,0,0,2,2,N,N,Y,37.67722,-84.7645,1,2,6,1,1,3,2,N,1021,1027,N,2021,O,0,1,0,1,0,0,1,1,0,0,0,0
72658946,Motor Vehicle,Non DAC,20210815,2200,N,Y,1.452,0,0,1,1,N,N,Y,37.67709,-84.76432,9,2,3,1,5,6,5,N,2207,2213,N,2021,O,0,0,0,0,0,0,1,1,0,0,0,0
72659050,Motorcyclist,DAC,20210816,841,N,Y,4.942,1,0,1,1,N,Y,Y,37.6387,-84.77312,9,2,6,1,5,3,2,Y,841,845,N,2021,C,1,0,0,0,0,0,1,1,0,0,0,0
72659211,Motor Vehicle,Non DAC,20210816,1214,N,Y,1.252,0,0,2,2,N,N,Y,37.62152,-84.79423,5,4,6,1,1,3,2,N,1217,1222,N,2021,O,0,0,0,1,0,0,1,1,0,0,0,0
72659214,Motor Vehicle,DAC,20210816,1452,N,N,0.149,0,0,2,2,N,N,Y,37.62089,-84.78058,2,2,6,1,5,6,2,N,1455,1501,N,2021,O,0,0,0,1,0,0,1,0,0,0,0,0
72659436,Motor Vehicle,DAC,20210816,1328,N,N,4.051,1,0,2,2,N,N,Y,37.6261,-84.77472,1,2,6,1,1,3,2,Y,1330,1331,N,2021,C,0,0,1,0,0,0,1,1,0,0,1,0
72659964,Motor Vehicle,DAC,20210818,1138,N,N,5.149,0,0,2,2,N,Y,Y,37.64188,-84.77282,8,2,4,1,1,2,2,N,1139,1147,N,2021,O,0,0,0,0,0,0,1,1,0,0,1,0
72660102,Motor Vehicle,DAC,20210818,1700,N,Y,0.002,0,0,2,2,N,N,Y,37.6461,-84.7772,1,2,6,1,1,2,2,N,1700,1702,N,2021,O,0,0,0,0,0,0,1,1,0,0,0,0
72661161,Motorcyclist,Non DAC,20210812,2358,N,N,0.007,0,0,2,2,Y,N,Y,37.67729,-84.79075,1,2,6,1,1,2,6,N,0,5,N,2021,O,1,0,0,0,0,0,1,0,0,0,1,0
72661434,Motorcyclist,Non DAC,20210821,1320,N,N,13.267,1,0,2,2,N,N,Y,37.64162,-84.79045,5,2,6,1,1,2,2,N,1321,1323,N,2021,B,1,0,0,0,0,0,1,0,0,0,0,0
72661953,Motor Vehicle,DAC,20210823,1145,N,N,5.358,0,0,2,2,N,Y,Y,37.64513,-84.7725,5,2,6,1,1,2,2,N,1152,1156,N,2021,O,0,0,0,0,0,0,0,0,0,0,0,0
72661972,Motor Vehicle,DAC,20210823,1111,N,Y,3.465,1,0,2,2,N,N,Y,37.61773,-84.77464,5,2,4,1,1,2,2,Y,1111,1112,N,2021,C,0,0,0,1,0,0,1,0,0,0,0,0
72662128,Motor Vehicle,DAC,20210820,1858,N,Y,0.084,0,0,2,2,N,N,Y,37.61889,-84.78717,7,2,6,1,1,2,2,N,1901,1905,N,2021,O,0,0,0,1,0,0,1,0,0,0,0,0
72662415,Motor Vehicle,Non DAC,20210823,1500,N,N,12.649,0,0,1,1,N,N,Y,37.63312,-84.79382,9,2,4,1,1,2,2,N,1530,1530,N,2021,O,0,0,0,0,0,0,0,0,0,0,1,0
72662439,Motor Vehicle,DAC,20210823,1103,N,N,3.69,0,0,2,2,N,N,Y,37.62093,-84.77457,1,2,6,1,1,2,2,N,1105,1106,N,2021,O,0,0,0,0,0,0,1,1,0,0,0,0
72662802,Motor Vehicle,DAC,20210825,1320,N,Y,4.943,0,0,2,2,N,Y,Y,37.63871,-84.77314,1,2,6,1,1,2,2,N,1323,1325,N,2021,O,0,0,1,0,0,0,0,0,0,0,0,0
72662840,Motor Vehicle,Non DAC,20210824,1932,N,N,0.546,0,0,2,2,N,N,Y,37.65212,-84.80929,2,2,6,1,1,2,2,N,1933,1944,N,2021,O,0,0,0,0,0,0,1,0,0,0,0,0
72662873,Motor Vehicle,DAC,20210824,1609,N,Y,13.316,0,0,2,2,N,N,Y,37.64584,-84.78575,7,2,6,1,1,2,2,N,1609,1609,N,2021,O,0,0,0,0,0,0,0,0,0,0,0,0
72662953,Motor Vehicle,DAC,20210825,1903,N,N,0.096,0,0,2,2,N,N,Y,37.63218,-84.7712,7,2,6,2,1,2,2,N,1903,1905,N,2021,O,0,0,0,0,0,0,1,0,0,0,0,0
72663148,Motor Vehicle,DAC,20210826,1045,N,N,4.746,0,0,2,2,N,Y,Y,37.63614,-84.77493,8,2,6,1,1,2,2,N,1045,1049,N,2021,O,0,0,0,0,0,0,1,0,0,0,1,0
72663538,Motor Vehicle,DAC,20210826,1212,N,N,0.07,0,0,3,3,N,N,Y,37.61754,-84.77573,5,2,6,1,1,2,2,N,1214,1222,N,2021,O,0,0,0,1,0,0,1,0,0,0,0,0
72663791,Motor Vehicle,DAC,20210826,2008,N,N,0.049,0,0,2,2,N,N,Y,37.62909,-84.76259,8,2,6,1,1,2,2,N,2008,2018,N,2021,O,0,0,0,1,0,0,1,0,0,0,1,0
72663809,Motor Vehicle,Non DAC,20210827,1831,N,N,15.318,0,0,1,1,N,N,Y,37.63001,-84.74874,9,2,6,1,1,3,2,N,1831,1834,N,2021,O,0,0,0,0,0,0,1,0,0,0,1,0
72663957,Motor Vehicle,DAC,20210827,1305,N,Y,0.004,0,0,2,2,N,N,Y,37.64458,-84.77103,5,2,6,1,1,3,2,N,1305,1310,N,2021,O,0,0,0,0,0,0,0,0,0,0,0,0
72664390,Motor Vehicle,DAC,20210829,1153,N,N,0.358,0,0,1,1,N,N,Y,37.64053,-84.77132,9,2,4,1,1,2,2,N,1153,1158,N,2021,O,0,0,0,0,0,0,0,0,0,0,1,0
72665013,Motor Vehicle,DAC,20210831,733,N,Y,0.742,0,0,2,2,N,N,Y,37.64907,-84.77367,1,2,6,1,5,6,2,N,733,736,N,2021,O,0,0,0,1,0,0,1,1,0,0,0,0
72665225,Motor Vehicle,Non DAC,20210831,841,N,Y,8.212,0,0,2,2,N,N,Y,37.67722,-84.79086,1,4,1,1,5,6,2,N,840,850,N,2021,O,0,0,1,0,0,0,0,1,0,0,0,0
72665347,Motor Vehicle,DAC,20210831,1839,N,Y,5.332,0,0,2,2,N,Y,Y,37.6448,-84.77415,1,2,6,1,5,3,2,N,1839,1840,N,2021,O,0,0,1,0,0,0,0,1,0,0,0,0
72665354,Motor Vehicle,Non DAC,20210830,1417,N,N,2.81,0,0,1,1,N,Y,Y,37.64295,-84.80287,9,2,6,1,5,6,2,N,1417,1423,N,2021,O,0,0,0,0,0,0,0,0,0,0,1,0
72665843,Motor Vehicle,DAC,20210831,1553,N,N,13.859,0,0,2,2,N,N,Y,37.64515,-84.76663,5,2,6,1,5,6,2,N,1553,1558,N,2021,O,0,0,0,1,0,0,1,0,0,0,0,0
72665851,Motor Vehicle,Non DAC,20210901,1733,N,N,2.452,0,0,2,2,N,N,Y,37.66739,-84.7529,1,2,6,1,1,2,2,N,1735,1740,N,2021,O,0,0,0,0,0,0,1,0,0,0,0,0
72666434,Motor Vehicle,Non DAC,20210902,25,N,N,0.045,0,0,2,2,Y,N,Y,37.65569,-84.78023,7,2,2,1,1,2,6,N,25,32,N,2021,O,0,0,0,0,0,0,1,0,0,0,0,0
72666930,Motor Vehicle,Non DAC,20210903,952,N,Y,1.241,0,0,2,2,N,N,Y,37.62137,-84.79442,5,2,6,1,1,2,2,N,954,959,N,2021,O,0,0,0,1,0,0,1,0,0,0,0,0
72667510,Motor Vehicle,Non DAC,20210906,1441,N,Y,1.456,0,0,2,2,N,N,Y,37.67731,-84.76404,8,2,3,1,1,2,2,N,1441,1456,N,2021,O,0,0,1,0,0,0,0,1,0,0,0,0
72667818,Motorcyclist,DAC,20210906,1358,N,Y,0.394,2,0,2,2,N,N,Y,37.62657,-84.75231,1,2,5,1,1,2,2,Y,1358,1402,N,2021,C,1,0,0,1,0,0,1,1,0,0,0,0
72667925,Motor Vehicle,DAC,20210907,1304,N,N,4.759,0,0,2,2,Y,N,Y,37.63621,-84.77428,8,6,6,1,1,2,2,N,1304,1308,N,2021,O,0,0,0,0,0,0,0,1,0,0,1,0
72668002,Motor Vehicle,Non DAC,20210905,2157,N,Y,12.21,0,0,1,1,N,N,Y,37.64852,-84.80513,9,2,6,1,1,2,5,N,2158,2201,N,2021,O,0,0,0,0,0,0,0,0,0,0,0,0
72668003,Motor Vehicle,DAC,20210907,2117,N,Y,3.378,0,0,2,2,N,N,Y,37.61643,-84.77458,1,2,6,1,1,2,5,N,2117,2125,N,2021,O,0,0,0,0,0,0,1,0,0,0,0,0
72668004,Motor Vehicle,Non DAC,20210903,2044,N,N,0.024,0,0,2,2,Y,N,Y,37.64923,-84.76584,8,0,6,1,1,2,1,N,2044,2057,N,2021,O,0,0,0,0,0,0,1,0,0,0,0,0
72668118,Motor Vehicle,Non DAC,20210907,1051,N,N,0.133,0,0,2,2,N,N,Y,37.65949,-84.78065,1,2,6,1,1,2,2,N,1051,1100,N,2021,O,0,0,0,0,0,0,0,0,0,0,1,0
72668296,Motor Vehicle,DAC,20210904,1719,N,Y,0.088,0,0,2,2,N,N,Y,37.65203,-84.78491,1,2,6,1,1,2,2,N,1720,1729,N,2021,O,0,0,0,0,0,0,1,1,0,0,0,0
72668433,Motor Vehicle,DAC,20210908,1830,N,N,3.566,0,0,2,2,N,N,Y,37.61915,-84.77456,8,4,6,1,1,2,2,N,1833,1837,N,2021,O,0,0,0,0,0,0,1,0,0,0,1,0
72669738,Motor Vehicle,DAC,20210912,1725,N,N,0.174,0,0,1,1,N,N,Y,37.64319,-84.77106,9,2,6,1,1,2,2,N,1725,1729,N,2021,O,0,0,0,0,0,0,1,0,0,0,1,0
72670061,Motor Vehicle,DAC,20210913,1536,N,N,0.287,0,0,2,2,Y,N,Y,37.62222,-84.77986,8,2,6,1,1,2,2,N,1536,1545,N,2021,O,0,0,0,0,0,0,1,0,0,0,0,0
72670097,Motor Vehicle,DAC,20210913,1507,N,N,3.417,0,0,2,2,N,N,Y,37.61707,-84.77443,5,4,6,1,1,2,2,N,1509,1513,N,2021,O,0,1,0,0,0,0,0,0,0,0,0,0
72670351,Motor Vehicle,Non DAC,20210914,850,N,N,11.526,1,0,3,3,N,N,Y,37.6482,-84.81759,5,2,6,1,1,2,2,N,851,855,N,2021,B,0,1,0,0,0,0,1,0,0,0,0,0
72670830,Motor Vehicle,Non DAC,20210913,1639,N,N,1.269,0,0,3,3,N,N,Y,37.62174,-84.79458,5,4,6,1,1,2,2,N,1639,1643,N,2021,O,0,0,0,0,0,0,1,0,0,0,0,0
72671104,Motor Vehicle,DAC,20210915,636,N,N,13.724,0,0,2,2,N,N,Y,37.64682,-84.76642,7,2,1,1,5,6,5,N,636,639,N,2021,O,0,0,0,0,0,0,0,1,0,0,1,0
72671126,Motor Vehicle,DAC,20210915,1603,N,N,0.138,0,0,3,3,N,N,Y,37.64878,-84.76922,5,2,6,1,5,3,2,N,1534,1542,N,2021,O,0,0,0,0,0,0,1,1,0,1,0,0
72671127,Motor Vehicle,Non DAC,20210915,1735,N,N,3.254,3,0,5,5,N,N,Y,37.64939,-84.80322,5,4,6,1,1,3,2,Y,1736,1738,N,2021,B,0,0,0,1,0,0,0,0,1,0,0,0
72671360,Motor Vehicle,Non DAC,20210915,744,N,N,0.615,0,0,2,2,N,N,Y,37.65296,-84.80401,7,2,3,1,5,3,2,N,744,753,N,2021,O,0,0,1,0,0,0,0,0,0,0,1,0
72671521,Motor Vehicle,DAC,20210916,2050,N,Y,0.001,0,0,2,2,N,N,Y,37.61765,-84.77445,1,4,6,1,1,2,5,N,2050,2052,N,2021,O,0,0,1,1,0,0,0,1,0,0,0,0
72671551,Motor Vehicle,DAC,20210717,1430,N,N,0,0,0,2,2,Y,N,Y,37.64592,-84.77403,5,0,6,1,1,2,2,N,1432,1432,N,2021,O,0,0,0,0,0,0,0,0,0,1,0,0
72671978,Motor Vehicle,Non DAC,20210917,2019,N,Y,3.569,0,0,2,2,N,N,Y,37.65375,-84.80162,1,2,6,1,1,2,5,N,2019,2022,N,2021,O,0,0,0,1,0,0,1,0,0,0,0,0
72673114,Motor Vehicle,Non DAC,20210920,1720,N,Y,8.212,0,0,2,2,N,N,N,37.67724,-84.79085,5,2,6,1,5,6,2,N,1720,1734,N,2021,O,0,0,0,0,0,0,0,0,0,0,0,0
72673291,Motor Vehicle,DAC,20210921,949,N,Y,0.177,2,0,2,2,N,N,Y,37.61781,-84.77135,5,3,6,1,5,6,2,N,950,953,N,2021,C,0,0,0,0,0,0,1,0,0,0,0,0
72673322,Motor Vehicle,DAC,20210920,851,N,Y,0.036,0,0,2,2,N,N,Y,37.62017,-84.7634,1,2,6,1,5,6,2,N,853,901,N,2021,O,0,0,0,0,0,0,1,0,0,0,0,0
72673323,Motor Vehicle,DAC,20210920,952,N,N,0.033,0,0,2,2,N,N,Y,37.64632,-84.77242,8,2,6,1,5,6,2,N,955,959,N,2021,O,0,0,0,1,0,0,1,0,0,0,0,0
72673521,Motor Vehicle,Non DAC,20210921,1823,N,N,0.333,0,0,2,2,N,N,Y,37.66235,-84.79003,5,2,6,1,1,3,2,N,1824,1833,N,2021,O,0,0,0,0,0,0,0,1,0,0,0,0
72673532,Motor Vehicle,Non DAC,20210921,1923,N,Y,16.007,0,0,2,2,N,N,Y,37.66643,-84.73473,5,2,6,1,1,2,1,N,1923,1932,N,2021,O,0,0,1,0,0,0,1,0,0,0,0,0
72673936,Motor Vehicle,Non DAC,20210922,1600,N,Y,1.232,0,0,2,2,N,N,Y,37.62125,-84.79437,5,4,6,1,5,6,2,N,1600,1610,N,2021,O,0,0,1,0,0,0,1,1,0,0,0,0
72673940,Motor Vehicle,DAC,20210922,1207,N,Y,6.207,0,0,2,2,N,N,Y,37.64968,-84.78266,1,2,6,1,5,6,2,N,1208,1211,N,2021,O,0,0,0,1,0,0,1,0,0,0,0,0
72673978,Motor Vehicle,DAC,20210922,1644,N,N,5.185,0,0,2,2,N,Y,Y,37.64245,-84.77278,8,2,4,1,5,3,2,N,1649,1659,N,2021,O,0,0,0,1,0,0,1,0,0,0,1,0
72674065,Motor Vehicle,Non DAC,20210922,2152,N,Y,0.005,0,0,1,1,N,N,Y,37.67722,-84.79099,9,2,1,1,5,6,7,N,2153,2202,N,2021,O,0,0,0,0,0,0,0,0,0,0,0,0
72674359,Motor Vehicle,DAC,20210923,1117,N,N,0.042,0,0,2,2,N,N,Y,37.61816,-84.77763,5,2,6,1,1,2,2,N,1119,1126,N,2021,O,0,0,0,1,0,0,1,0,0,0,0,0
72674362,Motor Vehicle,DAC,20210922,2033,N,Y,0.152,0,0,2,2,N,N,Y,37.6435,-84.77106,1,2,6,1,5,6,5,N,2033,2036,N,2021,O,0,0,0,0,0,0,1,1,0,0,0,0
72674569,Motor Vehicle,DAC,20210923,2027,N,Y,13.629,0,0,2,2,N,N,Y,37.64546,-84.7666,1,2,6,1,1,3,5,N,2028,2030,N,2021,O,0,0,0,1,0,0,0,1,0,0,0,0
72674711,Motor Vehicle,Non DAC,20210922,1535,N,Y,1.233,0,0,3,3,N,N,Y,37.6213,-84.79414,5,2,1,1,5,3,2,N,1535,1544,N,2021,O,0,0,0,0,0,0,1,0,0,0,0,0
72675736,Motor Vehicle,Non DAC,20210927,742,N,Y,12.296,0,0,2,2,N,N,Y,37.64867,-84.80255,5,2,6,1,1,2,2,N,742,746,N,2021,O,0,0,0,0,0,0,1,1,0,0,0,0
72675871,Motor Vehicle,DAC,20210927,1344,N,N,0.103,0,0,2,2,N,N,Y,37.64422,-84.77099,8,2,6,1,1,2,2,N,1344,1347,N,2021,O,0,0,0,0,0,0,0,0,0,0,1,0
72675886,Motor Vehicle,DAC,20210927,1346,N,N,4.983,0,0,2,2,N,N,Y,37.63982,-84.77463,8,2,6,1,1,2,2,N,1346,1346,N,2021,O,0,0,0,0,0,0,1,0,0,0,1,0
72676335,Motor Vehicle,Non DAC,20210927,1628,N,Y,1.277,0,0,2,2,N,N,Y,37.62192,-84.79442,5,2,6,1,1,2,2,N,1629,1636,N,2021,O,0,0,0,1,0,0,1,0,0,0,0,0
72676336,Motor Vehicle,DAC,20210928,826,N,Y,5.192,0,0,2,2,N,Y,Y,37.64256,-84.77278,8,2,6,1,1,2,2,N,827,834,N,2021,O,0,0,0,0,0,0,1,0,0,0,0,0
72676880,Motor Vehicle,DAC,20210929,2005,N,Y,0.151,0,0,2,2,N,N,Y,37.62848,-84.77202,1,2,6,1,1,2,7,N,2007,2009,N,2021,O,0,0,0,0,0,0,1,0,0,1,0,0
72677357,Motor Vehicle,DAC,20210930,1709,N,Y,14.691,1,0,2,2,N,N,Y,37.63619,-84.75683,1,2,6,1,1,2,2,Y,1709,1711,N,2021,B,0,0,0,0,0,0,1,1,0,1,0,0
72677466,Motor Vehicle,Non DAC,20211001,747,N,N,15.904,0,0,2,2,N,N,Y,37.66627,-84.73659,5,2,3,1,1,2,2,N,749,752,N,2021,O,0,0,1,0,0,0,1,1,0,0,0,0
72677499,Motor Vehicle,DAC,20211001,1033,N,N,14.841,0,0,2,2,N,N,Y,37.63492,-84.75474,1,2,6,1,1,2,2,N,1035,1038,N,2021,O,0,0,0,0,0,0,1,0,0,0,0,0
72677907,Motor Vehicle,DAC,20211001,1524,N,Y,5.2,0,0,2,2,N,Y,Y,37.64294,-84.77433,8,2,4,1,1,2,2,N,1524,1529,N,2021,O,0,0,0,0,0,0,1,0,0,0,0,0
72677992,Motor Vehicle,DAC,20211002,1430,N,Y,4.136,0,0,2,2,N,N,Y,37.62731,-84.77475,1,2,6,1,1,2,2,N,1430,1435,N,2021,O,0,0,0,1,0,0,1,1,0,0,0,0
72678018,Motor Vehicle,DAC,20211002,1217,N,Y,5.331,0,0,2,2,N,Y,Y,37.64481,-84.77415,1,2,6,1,1,2,2,N,1217,1219,N,2021,O,0,0,0,0,0,0,1,1,0,0,0,0
72678693,Motor Vehicle,DAC,20211001,1445,N,Y,4.842,0,0,3,3,N,N,Y,37.63786,-84.77478,1,2,4,1,1,2,2,N,1445,1445,N,2021,O,0,0,0,0,0,0,1,0,0,0,0,0
72678827,Motor Vehicle,Non DAC,20211004,1611,N,N,0.038,0,0,1,1,N,N,Y,37.65506,-84.79857,9,2,6,1,1,2,2,N,1611,1618,N,2021,O,0,0,0,0,0,0,1,0,0,0,1,0
72678934,Motor Vehicle,DAC,20210929,2110,N,Y,0.592,0,0,2,2,N,N,Y,37.63714,-84.77158,1,2,6,2,1,2,4,N,2108,2110,N,2021,O,0,0,1,0,0,0,1,0,0,0,0,0
72679016,Motor Vehicle,Non DAC,20211005,600,N,Y,1.457,0,0,1,1,N,N,Y,37.67726,-84.76403,9,2,6,1,1,4,5,N,602,607,N,2021,O,0,0,0,0,0,0,1,0,0,0,0,0
72679053,Motor Vehicle,Non DAC,20211004,1347,N,N,0.03,0,0,1,1,Y,N,N,37.63254,-84.75123,9,2,6,1,1,2,2,N,1349,1402,N,2021,O,0,1,0,0,0,0,0,0,0,0,0,0
72679564,Motor Vehicle,DAC,20211006,1220,N,Y,0.001,0,0,2,2,N,N,Y,37.64886,-84.7705,7,2,4,1,5,6,2,N,1225,1234,N,2021,O,0,0,0,1,0,0,0,0,0,0,0,0
72680476,Motor Vehicle,DAC,20211008,1309,N,N,13.533,0,0,2,2,N,N,Y,37.64582,-84.77199,5,3,6,1,1,2,2,N,1311,1320,N,2021,O,0,0,0,1,0,0,1,0,0,0,0,0
72680991,Motor Vehicle,DAC,20211009,2142,N,Y,0.169,0,0,2,2,N,N,Y,37.61736,-84.77753,5,4,6,1,1,2,5,N,2142,2146,N,2021,O,0,0,1,0,0,0,0,0,0,0,0,0
72681307,Motor Vehicle,DAC,20211006,1908,N,Y,0,3,0,2,2,N,N,Y,37.64546,-84.76661,1,2,6,1,6,6,5,N,1908,1911,N,2021,B,0,0,1,0,0,0,1,0,1,0,0,0
72681368,Motor Vehicle,Non DAC,20211011,746,N,N,12.203,0,0,2,2,N,N,Y,37.64851,-84.80526,5,2,6,1,1,2,2,N,748,756,N,2021,O,0,0,0,0,0,0,0,1,0,0,0,0
72681991,Motor Vehicle,DAC,20211012,1546,N,N,0.128,0,0,2,2,N,N,Y,37.63037,-84.77202,7,2,4,1,1,2,2,N,1547,1557,N,2021,O,0,0,1,0,0,0,0,0,0,0,1,0
72682006,Motor Vehicle,DAC,20211012,1915,N,N,13.575,0,0,2,2,N,N,Y,37.64575,-84.77125,5,4,6,1,1,2,5,N,1918,1922,N,2021,O,0,0,0,1,0,0,1,1,0,0,0,0
72682010,Motor Vehicle,DAC,20211012,1734,N,Y,0.213,0,0,2,2,N,N,Y,37.649,-84.77372,3,4,6,1,1,2,2,N,1741,1747,N,2021,O,0,0,1,0,0,0,1,0,0,0,0,0
72682219,Motor Vehicle,Non DAC,20210911,1330,N,Y,0.004,0,0,2,2,N,N,Y,37.64846,-84.80513,5,2,6,1,1,2,2,N,1330,1330,N,2021,O,0,0,0,0,0,0,1,1,0,0,0,0
72682444,Motor Vehicle,DAC,20211012,1732,N,Y,6.131,0,0,2,2,N,N,Y,37.64857,-84.78255,5,2,6,1,1,2,2,N,1732,1742,N,2021,O,0,0,0,0,0,0,1,0,0,0,0,0
72682714,Motor Vehicle,DAC,20211014,1543,N,N,13.586,0,0,2,2,N,N,Y,37.64573,-84.77107,5,3,6,1,1,2,2,N,1546,1556,N,2021,O,0,0,0,0,0,0,1,1,0,0,0,0
72683273,Motor Vehicle,DAC,20211014,1523,N,Y,0.115,0,0,2,2,N,N,Y,37.61906,-84.77768,1,2,6,1,1,2,2,N,1523,1537,N,2021,O,0,0,0,1,0,0,1,1,0,0,0,0
72683556,Motor Vehicle,Non DAC,20211014,722,N,Y,1.479,0,0,1,1,N,N,Y,37.67714,-84.76385,9,1,3,1,1,4,7,N,723,728,N,2021,O,0,0,0,0,0,0,1,0,0,0,0,0
72684153,Motor Vehicle,DAC,20211018,745,N,N,3.779,0,0,2,2,N,N,Y,37.62225,-84.77465,7,2,6,1,1,2,1,N,746,753,N,2021,O,0,0,0,1,0,0,1,1,0,0,1,0
72684994,Motor Vehicle,Non DAC,20211020,224,N,N,14.998,0,0,1,1,N,N,Y,37.65847,-84.7485,9,2,6,1,1,2,5,N,226,233,N,2021,O,0,0,0,0,0,0,0,0,0,0,0,0
72685065,Motor Vehicle,Non DAC,20211019,1320,N,Y,1.474,0,0,2,2,N,N,Y,37.67727,-84.76392,8,2,3,1,1,2,2,N,1320,1326,N,2021,O,0,0,0,1,0,0,0,1,0,0,0,0
72685167,Motor Vehicle,DAC,20211020,1231,N,Y,0.088,0,0,2,2,N,N,Y,37.64469,-84.77256,1,2,6,1,1,2,2,N,1231,1239,N,2021,O,0,0,0,0,0,0,0,1,0,0,0,0
72685280,Motor Vehicle,DAC,20211015,1551,N,Y,0.395,0,0,2,2,N,N,Y,37.62652,-84.75229,5,1,5,1,5,3,2,N,1551,1554,N,2021,O,0,0,1,0,0,0,0,0,0,0,0,0
72685564,Motor Vehicle,DAC,20211020,0,N,Y,0.161,0,0,2,2,Y,N,Y,37.62991,-84.7519,7,2,4,1,1,2,2,N,856,905,N,2021,O,0,0,0,0,0,0,1,0,0,0,0,0
72685565,Motor Vehicle,DAC,20211020,1642,N,Y,0.204,0,0,2,2,N,N,Y,37.61675,-84.77077,1,2,5,1,1,2,2,N,1642,1655,N,2021,O,0,0,0,0,0,0,1,1,0,0,0,0