MasterFile,Mode,Disadvantaged_Com_ID,CollisionDate,CollisionTime,ParkingLotIndicator,IntersectionWith_Indicator_,Milepoint,NumberInjured,NumberKilled,ofUnits,ofMotorVeh,Hit_RunIndicator,OneWayIndicator,InCityLimitsIndicator,Latitude,Longitude,MannerofCollisionCode,TotalLanes,RoadwayCharacterCode,RoadwaySurfaceCode,RoadwayConditionCode,WeatherCode,LightConditionCode,FirstAidSceneIndicator,TimeNotified,TimeArrived,MedianCros,YR,KABCO,Motorcyclist,Commercial Vehicle,Young Driver,Mature Driver,Pedestrian,Bicyclist,Distracted,Aggressive,Impaired,Unrestrained,Roadway Departure,Median Cross-over
72741542,Motor Vehicle,Non DAC,20220316,1733,N,Y,1.234,0,0,2,2,N,N,Y,37.62124,-84.79434,1,4,6,1,1,2,2,N,1733,1738,N,2022,O,0,0,0,0,0,0,1,1,0,0,0,0
72741891,Motor Vehicle,Non DAC,20220317,1450,N,Y,3.745,0,0,2,2,N,N,Y,37.65549,-84.79928,4,4,6,1,1,2,2,N,1450,1450,N,2022,O,0,0,0,1,0,0,0,1,0,0,0,0
72741892,Motor Vehicle,Non DAC,20220318,944,N,Y,1.802,1,0,2,2,N,N,Y,37.62898,-84.79762,4,4,6,1,1,3,2,Y,944,946,N,2022,C,0,0,0,0,0,0,1,0,0,0,0,0
72742093,Motor Vehicle,DAC,20220318,1638,N,N,2.719,0,0,2,2,N,N,Y,37.60689,-84.77396,8,2,6,1,1,2,2,N,1641,1650,N,2022,O,0,0,1,1,0,0,1,1,0,0,1,0
72742237,Motor Vehicle,Non DAC,20220319,1717,N,Y,0.902,0,0,2,2,N,N,Y,37.64386,-84.79049,1,2,3,1,1,3,2,N,1717,1724,N,2022,O,0,0,0,0,0,0,1,0,0,0,0,0
72742476,Motor Vehicle,DAC,20220320,1818,N,Y,4.212,0,0,2,2,N,N,Y,37.62841,-84.77476,5,2,6,1,1,2,2,N,1819,1825,N,2022,O,0,0,1,0,0,0,1,1,0,0,0,0
72742652,Motor Vehicle,DAC,20220313,1310,N,Y,3.375,0,0,2,2,Y,N,Y,37.61643,-84.77441,8,2,6,1,1,2,2,N,1311,1315,N,2022,O,0,0,0,0,0,0,1,1,0,0,0,0
72742833,Motor Vehicle,Non DAC,20220321,1743,N,Y,1.232,0,0,2,2,N,N,Y,37.62131,-84.79414,5,2,6,1,1,2,2,N,1746,1750,N,2022,O,0,0,0,1,0,0,1,1,0,0,0,0
72742863,Motor Vehicle,DAC,20220303,1646,N,Y,3.469,0,0,2,2,N,N,Y,37.61771,-84.77467,5,2,6,1,1,2,2,N,1617,1619,N,2022,O,0,0,1,0,0,0,1,0,0,0,0,0
72742927,Motor Vehicle,DAC,20220321,2257,N,N,0.083,0,0,2,2,N,N,Y,37.61984,-84.78276,1,2,6,1,1,2,6,N,2259,2305,N,2022,O,0,0,0,0,0,0,1,0,0,0,0,0
72743240,Motor Vehicle,DAC,20220322,2139,N,N,4.984,0,0,2,2,N,N,Y,37.63935,-84.77306,8,2,4,1,1,3,5,N,2140,2146,N,2022,O,0,0,0,0,0,0,1,1,0,0,1,0
72743317,Motor Vehicle,DAC,20220321,1149,N,Y,15.1,0,0,2,2,N,N,Y,37.63223,-84.75162,4,2,6,1,1,2,2,N,1149,1157,N,2022,O,0,1,0,0,0,0,0,1,0,0,0,0
72743494,Motor Vehicle,DAC,20220323,1533,N,N,0.276,0,0,2,2,N,N,Y,37.63952,-84.76903,5,2,3,1,1,2,2,N,1533,1540,N,2022,O,0,0,0,0,0,0,1,0,0,0,0,0
72743688,Motor Vehicle,Non DAC,20220324,754,N,N,0.015,0,0,2,2,N,N,Y,37.64788,-84.79242,5,2,6,1,1,2,2,N,758,803,N,2022,O,0,0,0,0,0,0,1,1,0,0,0,0
72744048,Motor Vehicle,DAC,20220325,944,N,Y,5.326,0,0,2,2,N,Y,Y,37.6449,-84.77413,1,2,6,1,1,3,2,N,944,946,N,2022,O,0,0,0,0,0,0,1,1,0,0,0,0
72744078,Motor Vehicle,DAC,20220325,1200,N,N,13.688,0,0,2,2,N,N,Y,37.6463,-84.76649,5,2,4,1,1,3,2,N,1207,1211,N,2022,O,0,0,0,0,0,0,1,0,0,0,0,0
72744650,Motor Vehicle,DAC,20220326,1434,N,N,3.381,0,0,2,2,N,N,Y,37.61651,-84.77462,8,4,6,1,1,2,2,N,1434,1443,N,2022,O,0,0,0,1,0,0,0,1,0,0,1,0
72745017,Motor Vehicle,DAC,20220327,2226,N,N,0.042,0,0,1,1,N,N,Y,37.6451,-84.7709,9,2,6,1,1,2,5,N,2228,2229,N,2022,O,0,0,0,0,0,0,1,0,0,0,1,0
72745046,Motor Vehicle,Non DAC,20220328,1558,N,N,18.437,1,0,1,1,N,N,Y,37.61816,-84.79791,9,2,6,1,1,2,2,Y,1558,1602,N,2022,B,0,0,0,0,0,0,0,0,1,1,1,0
72745052,Motor Vehicle,Non DAC,20220328,1757,N,Y,0.413,0,0,2,2,N,N,Y,37.65186,-84.77189,5,2,6,1,1,2,2,N,1759,1801,N,2022,O,0,0,0,0,0,0,1,1,0,0,0,0
72745298,Motor Vehicle,DAC,20220329,1456,N,Y,5.126,0,0,2,2,N,Y,Y,37.64192,-84.77441,8,2,6,1,1,2,2,N,1456,1504,N,2022,O,0,0,0,0,0,0,0,1,0,0,0,0
72745501,Motor Vehicle,Non DAC,20220330,644,N,N,12.155,0,0,2,2,N,N,Y,37.62824,-84.79935,1,2,6,1,1,2,5,N,644,652,N,2022,O,0,0,0,1,0,0,1,1,0,0,0,0
72745567,Motor Vehicle,DAC,20220329,1527,N,Y,0.25,0,0,2,2,N,N,Y,37.64969,-84.7826,5,2,6,1,1,2,2,N,1527,1532,N,2022,O,0,0,0,1,0,0,0,1,0,0,0,0
72745600,Motor Vehicle,DAC,20220330,1535,N,Y,0.164,0,0,2,2,N,N,Y,37.61737,-84.77744,5,3,6,1,1,2,2,N,1535,1536,N,2022,O,0,0,0,0,0,0,1,1,0,0,0,0
72745704,Motor Vehicle,DAC,20220330,1834,N,N,5.038,0,0,2,2,N,Y,Y,37.64081,-84.77451,8,2,6,1,1,2,2,N,1834,1839,N,2022,O,0,0,1,0,0,0,0,0,0,0,1,0
72745906,Motor Vehicle,DAC,20220331,757,N,Y,0.492,0,0,2,2,N,N,Y,37.61929,-84.76588,5,4,6,1,1,3,2,N,757,806,N,2022,O,0,0,0,0,0,0,0,1,0,0,0,0
72746562,Motor Vehicle,Non DAC,20220330,1400,N,N,1.827,0,0,2,2,N,N,Y,37.62932,-84.79777,8,4,6,1,1,2,2,N,1520,1520,N,2022,O,0,0,0,1,0,0,0,0,0,0,1,0
72746826,Motor Vehicle,Non DAC,20220401,1549,N,N,1.758,0,0,2,2,N,N,Y,37.62839,-84.79735,5,2,6,1,1,2,2,N,1549,1555,N,2022,O,0,0,1,1,0,0,0,0,0,0,0,0
72748164,Motor Vehicle,DAC,20220407,1304,N,N,0.73,0,0,2,2,N,N,Y,37.64908,-84.77402,1,2,6,1,1,3,2,N,1304,1314,N,2022,O,0,0,0,1,0,0,1,0,0,0,0,0
72748200,Motor Vehicle,DAC,20220407,1603,N,Y,0.647,0,0,2,2,N,N,Y,37.62015,-84.76334,1,4,6,1,1,2,9,N,1603,1612,N,2022,O,0,0,0,1,0,0,1,1,0,0,0,0
72748453,Motor Vehicle,DAC,20220407,1359,N,N,0.577,0,0,2,2,N,N,Y,37.61668,-84.78494,4,4,6,1,1,2,2,N,1359,1408,N,2022,O,0,0,0,1,0,0,1,1,0,0,0,0
72748485,Motor Vehicle,DAC,20220408,753,N,N,5.88,0,0,2,2,N,N,Y,37.6464,-84.78104,5,2,6,1,5,3,2,N,755,759,N,2022,O,0,0,1,0,0,0,0,1,0,0,0,0
72748838,Motor Vehicle,DAC,20220409,1456,N,N,0.051,0,0,2,2,N,N,Y,37.61754,-84.77539,8,2,6,1,1,3,2,N,1456,1504,N,2022,O,0,0,0,0,0,0,0,1,0,0,1,0
72748989,Motor Vehicle,DAC,20220410,623,N,Y,3.444,0,0,2,2,N,N,Y,37.61741,-84.77445,2,2,6,1,1,2,5,N,623,628,N,2022,O,0,0,0,0,0,0,1,1,0,0,0,0
72749710,Motor Vehicle,DAC,20220405,1105,N,Y,5.323,2,0,2,2,N,Y,Y,37.64495,-84.77416,1,2,6,1,5,3,2,Y,1105,1110,N,2022,B,0,0,0,0,0,0,1,0,0,0,0,0
72749711,Motor Vehicle,DAC,20220412,1204,N,Y,0.166,0,0,2,2,N,N,Y,37.61805,-84.7712,5,3,6,1,5,3,2,N,1208,1217,N,2022,O,0,0,0,0,0,0,1,1,0,0,0,0
72750154,Motor Vehicle,DAC,20220412,1301,N,N,3.43,0,0,2,2,N,N,Y,37.6173,-84.77461,5,2,6,1,1,3,2,N,1307,1312,N,2022,O,0,0,0,1,0,0,1,0,0,0,0,0
72750173,Motor Vehicle,Non DAC,20220413,1410,N,Y,2.277,0,0,2,2,N,N,Y,37.67713,-84.76446,1,1,3,1,5,6,2,N,1416,1418,N,2022,O,0,0,0,0,0,0,0,1,0,0,0,0
72750225,Motor Vehicle,DAC,20220413,1427,N,N,0.067,0,0,2,2,N,Y,Y,37.61713,-84.77495,5,1,1,1,5,6,2,N,1430,1443,N,2022,O,0,0,0,1,0,0,1,1,0,0,0,0
72750244,Motor Vehicle,Non DAC,20220413,1452,N,N,1.531,1,0,4,4,N,N,Y,37.62528,-84.79617,5,2,6,1,1,2,2,Y,1454,1454,N,2022,C,0,0,1,0,0,0,1,1,0,0,0,0
72750252,Motor Vehicle,DAC,20220413,1906,N,Y,3.14,0,0,2,2,N,N,Y,37.61298,-84.77441,1,2,6,1,5,3,2,N,1906,1910,N,2022,O,0,0,1,0,0,0,1,1,0,0,0,0
72750311,Motor Vehicle,Non DAC,20220413,1423,N,Y,1.23,0,0,2,2,N,N,Y,37.62132,-84.79418,1,4,6,1,5,3,2,N,1425,1431,N,2022,O,0,0,0,0,0,0,1,1,0,0,0,0
72750449,Motor Vehicle,Non DAC,20220414,741,N,Y,0.026,0,0,2,2,N,N,Y,37.65524,-84.77638,1,2,4,1,5,3,2,N,742,755,N,2022,O,0,0,0,0,0,0,1,0,0,0,0,0
72750466,Motor Vehicle,DAC,20220413,1010,N,N,0.002,0,0,2,2,N,N,Y,37.61746,-84.77436,2,5,6,1,1,3,2,N,1010,1013,N,2022,O,0,0,0,1,0,0,1,0,0,0,0,0
72750467,Motor Vehicle,DAC,20220413,1158,N,Y,0.322,0,0,2,2,N,N,Y,37.6184,-84.76881,1,4,6,1,1,2,2,N,1158,1207,N,2022,O,0,0,0,1,0,0,1,1,0,0,0,0
72750616,Motor Vehicle,Non DAC,20220413,1512,N,N,1.544,0,0,2,2,N,N,Y,37.67712,-84.7619,5,2,6,1,5,3,2,N,1512,1520,N,2022,O,0,0,0,0,0,0,1,0,0,0,0,0
72750906,Motor Vehicle,Non DAC,20220414,1957,N,N,0.172,0,0,2,2,N,N,Y,37.65087,-84.77459,8,2,6,1,1,2,3,N,1957,2001,N,2022,O,0,0,0,0,0,0,1,0,0,0,1,0
72750932,Motor Vehicle,DAC,20220415,1509,N,Y,15.117,0,0,2,2,N,N,Y,37.63206,-84.75139,5,2,6,1,1,2,2,N,1509,1516,N,2022,O,0,0,0,0,0,0,1,0,0,0,0,0
72751206,Motor Vehicle,Non DAC,20220415,1240,N,Y,1.802,1,0,2,2,N,N,Y,37.62888,-84.79783,8,2,6,1,1,2,2,N,1243,1245,N,2022,B,0,0,1,0,0,0,1,1,0,0,0,0
72751207,Motor Vehicle,DAC,20220415,1350,N,N,3.467,0,0,2,2,N,N,Y,37.61775,-84.77464,8,2,6,1,1,2,2,N,1222,1232,N,2022,O,0,0,0,1,0,0,1,1,0,0,1,0
72751250,Motorcyclist,DAC,20220416,1551,N,Y,3.468,0,0,2,2,N,N,Y,37.61777,-84.77466,5,2,6,1,1,2,2,N,1551,1552,N,2022,O,1,0,0,0,0,0,1,0,0,0,0,0
72751739,Motor Vehicle,Non DAC,20220418,924,N,N,1.913,0,0,1,1,N,N,Y,37.67449,-84.7573,9,2,4,1,5,3,2,N,926,931,N,2022,O,0,0,0,0,0,0,0,0,0,0,0,0
72752218,Motor Vehicle,Non DAC,20220419,1513,N,N,12.6,0,0,2,2,N,N,Y,37.64819,-84.79795,1,2,6,1,1,2,2,N,1513,1516,N,2022,O,0,0,0,1,0,0,1,1,0,0,0,0
72753041,Motor Vehicle,Non DAC,20220420,1634,N,Y,12.266,2,0,3,3,N,N,Y,37.62901,-84.7976,1,3,6,1,1,2,2,Y,1634,1638,N,2022,B,0,0,0,0,0,0,1,1,0,1,0,0
72753097,Motor Vehicle,DAC,20220421,2138,N,Y,3.517,0,0,2,2,N,N,Y,37.61848,-84.77458,1,5,6,1,1,2,5,N,2138,2138,N,2022,O,0,0,1,0,0,0,1,1,0,0,0,0
72753376,Motor Vehicle,Non DAC,20220421,1520,N,N,12.902,0,0,2,2,N,N,Y,37.64765,-84.79217,2,2,6,1,5,3,3,N,1520,1522,N,2022,O,0,0,1,1,0,0,1,0,0,0,0,0
72753421,Motor Vehicle,DAC,20220422,1752,N,Y,0.339,0,0,2,2,N,N,Y,37.62851,-84.7686,1,2,6,1,1,2,2,N,1753,1756,N,2022,O,0,0,0,0,0,0,1,1,0,0,0,0
72753755,Motor Vehicle,DAC,20220423,1854,N,N,0.593,0,0,2,2,N,N,Y,37.64927,-84.77652,2,2,4,1,1,2,2,N,1854,1857,N,2022,O,0,0,0,0,0,0,1,0,0,0,0,0
72753779,Motor Vehicle,DAC,20220423,1904,N,Y,0.778,0,0,2,2,N,N,Y,37.62104,-84.75303,5,2,4,1,1,2,2,N,1906,1909,N,2022,O,0,0,0,0,0,0,1,0,0,0,0,0
72754311,Motor Vehicle,DAC,20220425,1234,N,N,5.37,0,0,2,2,N,Y,Y,37.64533,-84.77252,8,2,6,1,1,2,2,N,1234,1239,N,2022,O,0,0,0,1,0,0,1,0,0,0,0,0
72754553,Motor Vehicle,DAC,20220425,1445,N,Y,0.056,0,0,1,1,N,N,Y,37.61905,-84.77871,9,2,4,1,1,3,2,N,1445,1455,N,2022,O,0,0,0,0,0,0,0,1,1,0,0,0
72754604,Motor Vehicle,DAC,20220425,1305,N,N,0.041,0,0,2,2,N,N,Y,37.64671,-84.77692,1,1,6,1,1,3,2,N,1305,1313,N,2022,O,0,0,1,0,0,0,1,0,0,0,0,0
72754669,Motor Vehicle,DAC,20220426,1248,N,Y,0.492,0,0,2,2,N,N,Y,37.61929,-84.76592,1,2,6,1,1,2,2,N,1248,1304,N,2022,O,0,0,0,0,0,0,1,1,0,0,0,0
72755099,Motor Vehicle,DAC,20220427,1355,N,Y,4.235,0,0,2,2,N,N,Y,37.62874,-84.7748,5,2,6,1,1,2,2,N,1355,1401,N,2022,O,0,0,0,0,0,0,1,0,0,0,0,0
72755218,Motor Vehicle,DAC,20220427,1539,N,N,0.73,1,0,1,1,N,N,Y,37.61645,-84.78775,9,4,6,1,1,2,2,Y,1539,1544,N,2022,C,0,0,1,0,0,0,1,0,0,0,0,0
72755377,Motor Vehicle,DAC,20220428,808,N,Y,0.045,0,0,2,2,N,N,Y,37.61611,-84.77705,1,2,1,1,1,2,2,N,808,813,N,2022,O,0,0,0,0,0,0,1,1,0,0,0,0
72755459,Motor Vehicle,Non DAC,20220428,1039,N,Y,12.326,0,0,2,2,N,N,Y,37.64856,-84.80295,5,2,6,1,1,2,2,N,1039,1043,N,2022,O,0,1,0,0,0,0,1,0,0,0,0,0
72755476,Motor Vehicle,DAC,20220428,1612,N,N,13.316,0,0,2,2,N,N,Y,37.64584,-84.78575,5,2,6,1,1,2,2,N,1612,1625,N,2022,O,0,0,1,0,0,0,1,1,0,0,0,0
72755697,Motor Vehicle,DAC,20220428,1548,N,Y,0.158,0,0,2,2,N,N,Y,37.61718,-84.77753,1,3,6,1,1,2,2,N,1550,1558,N,2022,O,0,0,0,0,0,0,1,1,0,0,0,0
72755753,Motor Vehicle,DAC,20220425,1440,N,N,3.427,0,0,2,2,N,N,Y,37.61722,-84.77445,5,6,6,1,1,3,2,N,1449,1458,N,2022,O,0,0,0,0,0,0,1,0,0,0,0,0
72756105,Motor Vehicle,DAC,20220429,1717,N,N,5.317,0,0,2,2,N,N,Y,37.6445,-84.77256,8,2,6,1,1,2,2,N,1718,1721,N,2022,O,0,0,1,0,0,0,1,1,0,0,1,0
72756106,Motor Vehicle,Non DAC,20220429,1450,N,N,1.63,0,0,2,2,N,N,Y,37.62666,-84.79659,5,4,6,1,1,2,2,N,1451,1500,N,2022,O,0,0,1,0,0,0,1,1,0,0,0,0
72756555,Motor Vehicle,DAC,20220501,1809,N,Y,3.451,0,0,2,2,N,N,Y,37.61754,-84.77464,1,8,6,1,1,2,2,N,1809,1814,N,2022,O,0,0,0,0,0,0,1,1,0,0,0,0
72757690,Motor Vehicle,DAC,20220504,853,N,N,5.382,0,0,2,2,N,Y,Y,37.64551,-84.77249,8,2,6,1,1,3,3,N,853,856,N,2022,O,0,0,0,0,0,0,0,0,0,0,1,0
72758188,Motor Vehicle,DAC,20220505,1704,N,N,0.194,1,0,2,2,N,N,Y,37.61825,-84.77166,5,2,6,1,1,2,2,Y,1704,1712,N,2022,C,0,0,0,0,0,0,0,0,0,0,0,0
72758311,Motor Vehicle,DAC,20220506,806,N,N,4.177,0,0,1,1,N,N,Y,37.62791,-84.77473,9,5,6,1,5,3,2,N,806,816,N,2022,O,0,0,1,0,0,0,0,0,0,0,0,0
72758354,Motor Vehicle,DAC,20220506,1127,N,Y,13.891,0,0,2,2,N,N,Y,37.64848,-84.76426,1,2,3,1,5,6,2,N,1129,1138,N,2022,O,0,0,0,0,0,0,1,1,0,0,0,0
72758870,Motor Vehicle,Non DAC,20220506,1354,N,Y,1.233,0,0,2,2,N,N,Y,37.62129,-84.79414,5,2,4,1,1,3,2,N,1354,1403,N,2022,O,0,0,1,0,0,0,1,0,0,0,0,0
72759037,Motor Vehicle,DAC,20220506,1755,N,N,0.514,0,0,2,2,N,N,Y,37.61921,-84.76542,5,2,6,1,5,3,2,N,1755,1805,N,2022,O,0,0,1,1,0,0,1,1,0,0,0,0
72759253,Motor Vehicle,DAC,20220508,1514,N,N,0.073,0,0,2,2,N,N,Y,37.63299,-84.77083,2,2,1,1,1,2,2,N,1514,1518,N,2022,O,0,0,1,0,0,0,1,0,0,0,0,0
72759323,Motor Vehicle,DAC,20220506,2121,N,Y,0.006,1,0,2,2,Y,N,Y,37.61469,-84.77437,4,2,6,1,5,6,5,Y,2122,2126,N,2022,B,0,0,1,0,0,0,0,1,0,0,0,0
72759845,Motor Vehicle,Non DAC,20220510,752,N,N,11.532,1,0,2,2,N,N,Y,37.6481,-84.81748,5,2,6,1,1,2,2,N,755,802,N,2022,C,0,0,0,0,0,0,1,0,0,0,0,0
72760468,Motor Vehicle,DAC,20220511,1913,N,N,0.049,0,0,2,2,Y,N,Y,37.64358,-84.77194,8,0,6,1,1,2,2,N,1915,1919,N,2022,O,0,0,0,0,0,0,0,0,0,0,0,0
72760711,Motor Vehicle,Non DAC,20220512,1408,N,N,0.225,0,0,2,2,N,N,Y,37.64702,-84.79102,2,1,6,1,1,2,2,N,1411,1416,N,2022,O,0,0,0,0,0,0,1,0,0,0,0,0
72760789,Motor Vehicle,DAC,20220512,1551,N,Y,3.255,0,0,2,2,N,N,Y,37.61467,-84.77448,5,5,6,1,1,2,2,N,1551,1559,N,2022,O,0,0,0,0,0,0,1,0,0,0,0,0
72761853,Motor Vehicle,DAC,20220513,1949,N,N,0.019,0,0,2,2,N,N,Y,37.63376,-84.77414,8,1,6,1,1,2,2,N,1950,1952,N,2022,O,0,0,0,0,0,0,0,1,0,0,1,0
72761896,Motor Vehicle,Non DAC,20220515,849,N,N,0.27,0,0,1,1,N,N,Y,37.66101,-84.79585,9,2,1,1,1,2,2,N,849,904,N,2022,O,0,0,0,0,0,0,1,0,0,0,1,0
72762203,Motor Vehicle,DAC,20220516,1210,N,Y,5.328,0,0,2,2,N,Y,Y,37.64467,-84.77257,5,2,6,1,1,2,2,N,1214,1219,N,2022,O,0,0,0,0,0,0,1,0,0,0,0,0
72762341,Motor Vehicle,DAC,20220516,1646,N,Y,5.626,1,0,3,3,N,N,Y,37.64605,-84.77589,5,2,6,1,1,2,2,Y,1646,1650,N,2022,C,0,0,0,0,0,0,1,0,0,0,0,0
72762484,Motor Vehicle,DAC,20220515,1123,N,Y,0.819,0,0,2,2,N,N,Y,37.64895,-84.77177,5,2,6,1,1,2,2,N,1128,1131,N,2022,O,0,0,0,0,0,0,0,0,0,0,0,0
72762485,Motor Vehicle,Non DAC,20220516,1027,N,Y,12.312,0,0,2,2,N,N,Y,37.64853,-84.80327,8,2,6,1,1,2,2,N,1028,1028,N,2022,O,0,0,1,1,0,0,1,0,0,0,0,0
72762496,Motor Vehicle,DAC,20220516,1241,N,N,4.707,0,0,2,2,N,Y,Y,37.63641,-84.77498,8,2,4,1,1,2,2,N,1241,1246,N,2022,O,0,0,0,1,0,0,0,1,0,0,1,0
72762559,Motor Vehicle,DAC,20220516,1516,N,Y,0.358,0,0,2,2,N,N,Y,37.64428,-84.76654,2,2,6,1,1,2,2,N,1516,1524,N,2022,O,0,0,0,1,0,0,1,0,0,0,0,0
72762659,Motor Vehicle,Non DAC,20220517,1425,N,Y,1.797,0,0,2,2,N,N,Y,37.62891,-84.79759,5,4,6,1,1,2,2,N,1428,1444,N,2022,O,0,0,0,0,0,0,0,0,0,0,0,0
72762669,Motor Vehicle,DAC,20220517,1552,N,Y,13.842,0,0,2,2,N,N,Y,37.64798,-84.7648,1,2,6,1,1,2,2,N,1552,1601,N,2022,O,0,0,0,0,0,0,1,1,0,0,0,0
72762726,Motor Vehicle,DAC,20220516,1544,N,N,5.151,0,0,2,2,N,N,Y,37.64229,-84.77439,8,2,4,1,1,2,2,N,1544,1547,N,2022,O,0,0,0,1,0,0,0,0,0,0,1,0
72762861,Motor Vehicle,Non DAC,20220517,1636,N,N,1.25,0,0,2,2,N,N,Y,37.62157,-84.79422,5,2,6,1,1,2,2,N,1637,1645,N,2022,O,0,0,0,0,0,0,1,0,0,0,0,0
72763204,Motor Vehicle,Non DAC,20220516,733,N,N,0.702,0,0,2,2,N,N,N,37.63186,-84.73925,1,2,4,1,1,3,2,Y,735,739,N,2022,O,0,0,0,0,0,0,0,0,0,0,1,0
72763661,Motor Vehicle,DAC,20220520,748,N,N,13.846,0,0,2,2,N,N,Y,37.64537,-84.76662,1,2,3,1,1,2,2,N,744,748,N,2022,O,0,0,0,0,0,0,1,1,0,0,1,0
72763761,Motor Vehicle,DAC,20220520,1348,N,Y,0.041,0,0,2,2,N,N,Y,37.64889,-84.77127,1,2,6,1,1,2,2,N,1348,1357,N,2022,O,0,0,0,0,0,0,1,0,0,0,0,0
72764108,Motor Vehicle,DAC,20220521,950,N,Y,5.261,0,0,1,1,N,Y,Y,37.64362,-84.77266,9,2,4,1,1,2,2,N,950,953,N,2022,O,0,0,0,0,0,0,0,0,0,0,0,0
72764196,Motor Vehicle,DAC,20220518,1200,N,Y,5.413,0,0,2,2,N,N,Y,37.64583,-84.77257,5,2,6,1,1,2,2,N,1204,1208,N,2022,O,0,0,1,1,0,0,1,1,0,0,0,0
72764566,Motor Vehicle,Non DAC,20220522,2114,N,N,0.034,0,0,2,2,Y,N,Y,37.65102,-84.77709,2,1,4,1,0,2,5,N,2114,2118,N,2022,O,0,0,0,0,0,0,0,0,0,0,0,0
72764715,Motor Vehicle,DAC,20220520,1510,N,N,0.08,0,0,2,2,N,N,Y,37.64704,-84.77233,5,2,6,1,1,2,2,N,1514,1517,N,2022,O,0,0,1,0,0,0,1,0,0,0,0,0
72764792,Motor Vehicle,Non DAC,20220523,1239,N,N,0.101,0,0,2,2,N,N,Y,37.64601,-84.8034,1,2,6,1,5,6,2,N,1239,1243,N,2022,O,0,0,0,0,0,0,1,1,0,0,0,0
72764933,Motor Vehicle,DAC,20220523,2125,N,N,3.519,0,0,2,2,N,N,Y,37.61847,-84.77459,1,2,6,1,1,3,5,N,2127,2144,N,2022,O,0,0,0,0,0,0,1,1,0,0,0,0
72765024,Motor Vehicle,DAC,20220515,1311,N,Y,0.017,0,0,2,2,N,N,N,37.60138,-84.77395,3,2,4,1,1,2,2,N,1310,1318,N,2022,O,0,0,1,0,0,0,0,0,0,0,0,0
72765106,Motor Vehicle,Non DAC,20220524,1252,N,Y,1.791,0,0,2,2,N,N,Y,37.62894,-84.79785,5,3,6,1,1,2,2,N,1252,1300,N,2022,O,0,0,0,0,0,0,1,0,0,0,0,0
72765240,Motor Vehicle,DAC,20220524,1618,N,N,0.241,0,0,2,2,N,N,Y,37.62056,-84.77872,7,2,3,1,1,3,2,N,1618,1626,N,2022,O,0,0,0,0,0,0,0,0,0,0,0,0
72765308,Motor Vehicle,DAC,20220524,1854,N,Y,0.239,0,0,2,2,N,N,Y,37.61722,-84.78178,1,2,6,1,1,2,2,N,1854,1858,N,2022,O,0,0,0,0,0,0,1,1,0,1,0,0
72765440,Motor Vehicle,Non DAC,20220524,1440,N,Y,14.058,0,0,1,1,N,N,Y,37.65007,-84.76189,9,2,6,1,1,2,2,N,1440,1440,N,2022,O,0,0,0,0,0,0,1,0,0,0,0,0
72765921,Motor Vehicle,DAC,20220526,1521,N,Y,14.031,0,0,2,2,Y,N,Y,37.64303,-84.76489,1,2,6,1,5,6,2,N,1529,1529,N,2022,O,0,0,0,0,0,0,1,1,0,0,0,0
72766466,Motor Vehicle,DAC,20220527,1733,N,Y,0.321,1,0,2,2,N,N,Y,37.6184,-84.76882,1,2,6,1,1,2,2,Y,1735,1740,N,2022,B,0,0,0,0,0,0,0,1,0,0,0,0
72766572,Motor Vehicle,DAC,20220527,2308,N,Y,6.209,1,0,2,2,N,N,Y,37.6497,-84.78268,4,2,6,1,5,6,5,Y,2309,2311,N,2022,C,0,0,0,1,0,0,0,1,0,0,0,0
72766687,Motor Vehicle,DAC,20220528,905,N,Y,3.375,0,0,2,2,N,N,Y,37.61644,-84.77462,1,4,6,1,1,3,2,N,905,916,N,2022,O,0,0,0,1,0,0,0,1,0,0,0,0
72766776,Motor Vehicle,Non DAC,20220528,1713,N,N,0.718,0,0,2,2,N,N,Y,37.65647,-84.77148,8,2,5,1,1,2,2,N,1714,1722,N,2022,O,0,0,0,0,0,0,1,0,0,0,1,0
72766832,Motor Vehicle,Non DAC,20220528,2126,N,Y,0.2,0,0,2,2,N,N,Y,37.64528,-84.76296,1,2,6,1,1,2,6,N,2128,2133,N,2022,O,0,0,0,0,0,0,0,1,0,0,0,0
72767278,Motor Vehicle,Non DAC,20220530,1534,N,Y,0.413,0,0,2,2,N,N,Y,37.65186,-84.77188,5,2,6,1,1,2,2,N,1540,1542,N,2022,O,0,0,1,0,0,0,1,1,0,0,0,0
72767324,Motor Vehicle,Non DAC,20220526,1336,N,N,0.092,0,0,2,2,N,N,Y,37.64682,-84.75897,8,1,6,1,1,2,2,N,1336,1345,N,2022,O,0,0,0,0,0,0,0,0,0,0,0,0