MasterFile,Mode,Disadvantaged_Com_ID,CollisionDate,CollisionTime,ParkingLotIndicator,IntersectionWith_Indicator_,Milepoint,NumberInjured,NumberKilled,ofUnits,ofMotorVeh,Hit_RunIndicator,OneWayIndicator,InCityLimitsIndicator,Latitude,Longitude,MannerofCollisionCode,TotalLanes,RoadwayCharacterCode,RoadwaySurfaceCode,RoadwayConditionCode,WeatherCode,LightConditionCode,FirstAidSceneIndicator,TimeNotified,TimeArrived,MedianCros,YR,KABCO,Motorcyclist,Commercial Vehicle,Young Driver,Mature Driver,Pedestrian,Bicyclist,Distracted,Aggressive,Impaired,Unrestrained,Roadway Departure,Median Cross-over
72767527,Motor Vehicle,DAC,20220530,1733,N,N,4.155,0,0,2,2,N,N,Y,37.62759,-84.77476,5,2,6,1,1,2,2,N,1736,1743,N,2022,O,0,0,0,0,0,0,1,0,0,0,0,0
72767761,Motor Vehicle,DAC,20220530,1918,N,Y,0.078,0,0,2,2,N,N,Y,37.64501,-84.77734,1,2,6,1,1,2,2,N,1918,1922,N,2022,O,0,0,1,0,0,0,1,1,0,0,0,0
72768099,Motorcyclist,DAC,20220601,1749,N,N,4.16,1,0,1,1,N,N,Y,37.62766,-84.7747,9,2,6,1,1,2,2,Y,1752,1752,N,2022,B,1,0,0,0,0,0,0,0,0,0,1,0
72768266,Motor Vehicle,DAC,20220526,906,N,Y,4.906,0,0,2,2,N,Y,Y,37.63892,-84.77467,1,2,4,1,5,3,2,N,906,906,N,2022,O,0,0,0,0,0,0,1,1,0,0,0,0
72768302,Bicyclist,DAC,20220602,1029,N,Y,4.833,1,0,2,1,N,N,Y,37.63774,-84.77474,9,2,6,1,1,3,2,Y,1040,1041,N,2022,B,0,0,0,1,0,1,1,1,0,0,0,0
72768344,Motorcyclist,DAC,20220601,2204,N,Y,13.599,0,0,2,2,N,N,Y,37.64571,-84.77084,1,2,6,1,1,2,5,N,2206,2210,N,2022,O,1,0,0,0,0,0,0,0,1,0,0,0
72768466,Motor Vehicle,DAC,20220602,1704,N,N,5.566,0,0,2,2,N,N,Y,37.64601,-84.77479,5,2,6,1,1,3,2,N,1706,1707,N,2022,O,0,0,0,0,0,0,0,0,0,0,0,0
72768484,Motor Vehicle,DAC,20220601,1632,N,N,5.367,0,0,2,2,N,N,Y,37.64527,-84.7725,8,2,6,1,1,2,2,N,1635,1639,N,2022,O,0,0,0,0,0,0,1,0,0,0,1,0
72768864,Motor Vehicle,DAC,20220603,1642,N,N,0.129,0,0,2,2,N,N,Y,37.64473,-84.7733,5,2,6,1,1,2,2,N,1642,1651,N,2022,O,0,0,0,0,0,0,0,1,0,0,0,0
72768965,Motor Vehicle,DAC,20220604,123,N,Y,1.197,0,0,2,2,N,N,Y,37.62092,-84.75304,1,4,6,1,1,2,6,N,123,123,N,2022,O,0,1,0,0,0,0,1,1,0,0,0,0
72768967,Motor Vehicle,DAC,20220603,2300,N,Y,0.205,0,0,2,2,N,N,Y,37.61674,-84.77075,1,2,5,1,1,2,6,N,2231,2236,N,2022,O,0,0,0,1,0,0,0,1,0,0,0,0
72769133,Motor Vehicle,DAC,20220604,1623,N,Y,4.943,0,0,2,2,N,Y,Y,37.63871,-84.77314,1,2,6,1,1,2,2,N,1623,1627,N,2022,O,0,0,0,1,0,0,0,1,0,0,0,0
72769167,Motor Vehicle,DAC,20220604,1822,N,Y,0.448,1,0,2,2,N,N,Y,37.64944,-84.77913,1,2,5,1,1,2,2,N,1822,1825,N,2022,C,0,0,0,0,0,0,1,1,0,0,0,0
72769194,Motor Vehicle,DAC,20220604,2011,N,N,5.157,0,0,2,2,N,N,Y,37.6428,-84.77435,8,2,6,1,1,2,2,N,2011,2013,N,2022,O,0,0,0,0,0,0,1,1,0,0,1,0
72769250,Motor Vehicle,Non DAC,20220604,100,N,Y,14.148,1,0,1,1,N,N,Y,37.65095,-84.76071,9,2,4,1,1,2,5,Y,101,101,N,2022,B,0,0,0,0,0,0,0,0,1,1,0,0
72769899,Motor Vehicle,Non DAC,20220606,1825,N,N,2.106,0,0,1,1,N,N,Y,37.65638,-84.73534,9,2,1,1,1,2,2,N,1825,1836,N,2022,O,0,0,0,0,0,0,0,0,0,0,1,0
72769998,Motor Vehicle,DAC,20220607,653,N,Y,5.78,0,0,2,2,N,N,Y,37.64622,-84.77871,5,2,6,1,5,2,2,N,700,700,N,2022,O,0,0,0,0,0,0,1,1,0,0,0,0
72770149,Motor Vehicle,Non DAC,20220607,1137,N,N,0.681,0,0,2,2,N,N,Y,37.64486,-84.75434,7,2,3,1,1,2,2,Y,1138,1144,N,2022,O,0,0,0,0,0,0,1,0,0,0,1,0
72770278,Motor Vehicle,DAC,20220606,2008,N,Y,3.458,0,0,1,1,N,N,Y,37.61762,-84.77465,9,4,6,1,5,6,5,N,2008,2014,N,2022,O,0,0,0,0,0,0,0,0,0,0,0,0
72770377,Motor Vehicle,Non DAC,20220603,1215,N,Y,12.277,0,0,2,2,N,N,Y,37.62886,-84.79791,5,3,6,1,1,2,2,N,1216,1222,N,2022,O,0,0,0,0,0,0,0,0,0,0,0,0
72771301,Motor Vehicle,DAC,20220610,1200,N,Y,5.196,0,0,2,2,N,Y,Y,37.64288,-84.77435,1,2,4,1,1,3,2,N,1206,1213,N,2022,O,0,0,0,1,0,0,1,1,0,0,0,0
72772450,Motor Vehicle,DAC,20220614,820,N,N,15.04,1,1,2,2,N,N,Y,37.63283,-84.75236,1,2,6,1,1,2,2,Y,821,822,N,2022,K,0,0,0,0,0,0,1,1,0,0,0,0
72772453,Motor Vehicle,DAC,20220613,1621,N,Y,0.405,0,0,2,2,N,N,Y,37.61678,-84.7818,5,4,6,1,1,2,2,N,1621,1627,N,2022,O,0,0,0,1,0,0,0,0,0,0,0,0
72773032,Motor Vehicle,DAC,20220615,1626,N,Y,1.196,1,0,2,2,N,N,Y,37.62074,-84.75308,5,3,6,1,1,2,2,N,1633,1644,N,2022,C,0,0,0,0,0,0,0,0,0,0,0,0
72773257,Motor Vehicle,DAC,20220616,1045,N,N,4.894,0,0,2,2,N,Y,Y,37.63857,-84.7747,8,2,4,1,1,2,2,N,1052,1057,N,2022,O,0,0,0,1,0,0,0,1,0,0,1,0
72773651,Motor Vehicle,Non DAC,20220616,2235,N,Y,18.345,0,0,1,1,N,N,Y,37.61696,-84.79859,9,2,1,1,1,2,4,N,2236,2238,N,2022,O,0,0,1,0,0,0,0,0,0,0,0,0
72774225,Motor Vehicle,Non DAC,20220617,1224,N,N,0.025,0,0,2,2,N,N,Y,37.66532,-84.76336,1,2,6,1,5,6,2,N,1224,1235,N,2022,O,0,0,0,1,0,0,1,1,0,0,0,0
72774500,Motor Vehicle,DAC,20220619,1407,N,Y,3.255,0,0,2,2,N,N,Y,37.61468,-84.77447,5,2,6,1,1,2,2,N,1409,1414,N,2022,O,0,0,0,0,0,0,1,0,0,0,0,0
72774584,Motor Vehicle,DAC,20220620,1310,N,N,3.434,0,0,2,2,N,N,Y,37.61733,-84.77443,5,2,6,1,1,2,2,N,1310,1320,N,2022,O,0,0,0,0,0,0,1,0,0,0,0,0
72774690,Motor Vehicle,DAC,20220620,1625,N,N,4.611,0,0,2,2,N,N,Y,37.63456,-84.77507,3,2,4,1,1,2,2,N,1625,1627,N,2022,O,0,0,0,0,0,0,0,1,0,0,1,0
72775085,Motor Vehicle,DAC,20220621,1606,N,Y,0.001,0,0,2,2,N,N,Y,37.63883,-84.7747,5,2,6,1,1,2,2,N,1607,1612,N,2022,O,0,0,1,0,0,0,1,0,0,0,0,0
72775324,Pedestrian,DAC,20220616,21,N,Y,0.676,0,1,2,1,N,N,Y,37.61979,-84.76255,9,2,6,1,1,2,5,Y,21,23,N,2022,K,0,0,0,0,1,0,1,0,0,0,0,0
72775564,Motor Vehicle,DAC,20220621,1854,N,N,0.475,0,0,2,2,N,N,Y,37.63227,-84.76446,7,2,6,1,1,2,2,N,1854,1900,N,2022,O,0,0,1,0,0,0,1,0,0,0,1,0
72775800,Motor Vehicle,DAC,20220623,1530,N,N,5.248,0,0,2,2,N,Y,Y,37.64373,-84.77418,8,2,6,1,1,2,2,N,1532,1536,N,2022,O,0,0,0,1,0,0,1,1,0,0,1,0
72775806,Motor Vehicle,DAC,20220623,1316,N,N,5.131,0,0,2,2,N,Y,Y,37.64161,-84.77285,8,2,4,1,1,2,2,N,1316,1320,N,2022,O,0,0,0,1,0,0,0,0,0,0,1,0
72776298,Motor Vehicle,Non DAC,20220624,1500,N,Y,12.305,0,0,2,2,N,N,Y,37.64856,-84.8034,5,2,6,1,1,2,2,N,1500,1505,N,2022,O,0,0,0,0,0,0,1,0,0,0,0,0
72776411,Motor Vehicle,DAC,20220621,1624,N,Y,0.013,0,0,2,2,N,N,Y,37.64611,-84.77401,5,2,6,1,1,2,2,N,1624,1628,N,2022,O,0,0,0,0,0,0,0,0,0,0,0,0
72776811,Motorcyclist,Non DAC,20220626,1634,N,N,11.776,0,0,2,2,N,N,Y,37.64832,-84.81313,5,2,6,1,1,2,2,N,1634,1638,N,2022,O,1,0,1,0,0,0,0,1,0,0,0,0
72777061,Motor Vehicle,Non DAC,20220627,1210,N,Y,1.429,0,0,1,1,N,N,Y,37.67736,-84.76466,9,1,3,1,1,2,2,N,1211,1215,N,2022,O,0,0,0,0,0,0,1,0,0,0,0,0
72777195,Motor Vehicle,DAC,20220627,1521,N,Y,0.103,0,0,2,2,N,N,Y,37.64749,-84.77393,5,2,6,1,1,2,2,N,1521,1521,N,2022,O,0,0,0,0,0,0,1,0,0,0,0,0
72777201,Motor Vehicle,DAC,20220627,1729,N,Y,0.237,0,0,2,2,Y,N,Y,37.61719,-84.78177,1,2,6,1,1,2,2,N,1731,1732,N,2022,O,0,0,0,0,0,0,1,0,0,0,0,0
72777647,Motor Vehicle,Non DAC,20220629,619,N,N,12.299,0,0,2,2,N,N,Y,37.62912,-84.79709,5,2,6,1,1,2,2,N,619,625,N,2022,O,0,0,0,0,0,0,1,0,0,0,1,0
72777841,Motor Vehicle,DAC,20220629,1718,N,N,3.585,0,0,2,2,N,N,Y,37.61943,-84.77458,1,4,6,1,1,2,2,N,1718,1721,N,2022,O,0,0,0,0,0,0,0,1,0,0,0,0
72777918,Motorcyclist,DAC,20220628,2146,N,Y,4.91,1,0,2,2,N,N,Y,37.63884,-84.77468,5,2,6,1,1,2,5,Y,2147,2148,N,2022,B,1,0,1,0,0,0,1,1,0,0,0,0
72778157,Motor Vehicle,DAC,20220630,1129,N,Y,5.461,0,0,2,2,N,N,Y,37.64588,-84.7732,2,1,6,1,1,2,2,N,1129,1129,N,2022,O,0,0,0,0,0,0,1,0,0,0,0,0
72778493,Motor Vehicle,DAC,20220701,1400,N,Y,3.462,0,0,2,2,N,N,Y,37.61756,-84.77456,5,6,6,1,1,2,2,N,1405,1407,N,2022,O,0,0,0,1,0,0,0,1,0,0,0,0
72778512,Motor Vehicle,DAC,20220630,1510,N,N,4.213,0,0,2,2,N,N,Y,37.62842,-84.77478,2,4,6,1,1,2,2,N,151,1514,N,2022,O,0,0,0,0,0,0,1,0,0,0,0,0
72778519,Motor Vehicle,Non DAC,20220630,1331,N,Y,0.767,0,0,2,2,N,N,Y,37.65457,-84.80272,1,2,6,1,1,2,2,N,1531,1537,N,2022,O,0,0,0,1,0,0,1,0,0,0,0,0
72778682,Motor Vehicle,Non DAC,20220701,1411,N,N,12.144,0,0,2,2,N,N,Y,37.64849,-84.80635,5,2,3,1,1,2,2,N,1411,1414,N,2022,O,0,0,1,1,0,0,1,1,0,0,0,0
72778874,Motor Vehicle,DAC,20220702,1122,N,N,5.325,0,0,2,2,N,Y,Y,37.64475,-84.77255,8,2,6,1,1,2,2,N,1124,1127,N,2022,O,0,0,1,0,0,0,1,0,0,0,1,0
72778978,Motor Vehicle,DAC,20220702,1457,N,Y,3.376,0,0,3,3,N,N,Y,37.61643,-84.77442,1,4,6,1,5,6,3,N,1457,1503,N,2022,O,0,0,0,0,0,0,1,1,0,0,0,0
72779376,Motor Vehicle,Non DAC,20220702,1230,N,Y,0.446,0,0,2,2,N,N,Y,37.65243,-84.77183,5,2,4,1,1,2,2,N,1233,1240,N,2022,O,0,0,1,0,0,0,1,0,0,0,0,0
72779442,Motor Vehicle,DAC,20220704,2019,N,N,4.707,0,0,2,2,N,N,Y,37.63639,-84.77494,1,2,6,1,5,6,3,N,2019,2021,N,2022,O,0,0,1,0,0,0,0,1,0,0,0,0
72779657,Motor Vehicle,DAC,20220702,1241,N,N,3.643,0,0,2,2,N,N,Y,37.62026,-84.77459,4,2,6,1,1,2,2,N,1243,1251,N,2022,O,0,0,0,0,0,0,1,0,0,0,0,0
72779720,Motor Vehicle,DAC,20220705,1552,N,Y,0.114,0,0,2,2,N,N,Y,37.64719,-84.77069,1,2,4,1,1,2,2,N,1552,1552,N,2022,O,0,0,0,0,0,0,0,1,0,0,0,0
72780135,Motor Vehicle,DAC,20220706,1705,N,N,3.353,0,0,2,2,N,N,Y,37.61613,-84.77462,5,2,6,1,1,2,2,N,1705,1705,N,2022,O,0,0,0,1,0,0,1,0,0,0,0,0
72780831,Motor Vehicle,Non DAC,20220707,1357,N,Y,0.035,1,0,2,2,N,Y,Y,37.64817,-84.79228,1,2,6,1,1,2,2,Y,1358,1400,N,2022,B,0,0,0,1,0,0,1,1,0,0,0,0
72780850,Motor Vehicle,Non DAC,20220708,1548,N,Y,15.542,0,0,2,2,N,N,Y,37.66434,-84.74294,5,1,3,1,5,6,2,N,1548,1557,N,2022,O,0,0,0,0,0,0,1,1,0,0,0,0
72780883,Motor Vehicle,Non DAC,20220708,1423,N,N,2.24,1,0,2,2,N,N,Y,37.6581,-84.73653,5,2,4,1,5,6,2,Y,1425,1431,N,2022,C,0,0,0,1,0,0,1,0,0,0,0,0
72781117,Motor Vehicle,DAC,20220708,1937,N,N,4.172,0,0,2,2,N,N,Y,37.62783,-84.77479,5,2,6,1,5,3,3,N,1937,1942,N,2022,O,0,0,1,0,0,0,1,1,0,0,0,0
72781406,Motor Vehicle,DAC,20220709,2155,N,N,0,0,0,1,1,N,N,Y,37.6205,-84.7555,9,4,6,1,5,3,6,N,2156,2159,N,2022,O,0,0,0,1,0,0,0,0,0,0,1,0
72781702,Motor Vehicle,DAC,20220711,1155,N,N,3.832,0,0,2,2,N,N,Y,37.62296,-84.77461,8,2,6,1,1,2,2,N,1156,1157,N,2022,O,0,0,0,1,0,0,1,1,0,0,1,0
72781808,Motor Vehicle,Non DAC,20220711,1620,N,N,12.134,0,0,2,2,N,N,Y,37.6281,-84.7997,1,2,6,1,1,2,2,N,1620,1626,N,2022,O,0,0,0,0,0,0,0,1,0,0,0,0
72782095,Motor Vehicle,DAC,20220712,1412,N,N,4.006,0,0,3,3,N,N,Y,37.62566,-84.77472,5,4,6,1,1,3,2,N,1412,1416,N,2022,O,0,0,0,0,0,0,0,1,0,0,0,0
72782132,Motor Vehicle,Non DAC,20220712,1625,N,Y,12.266,0,0,2,2,N,N,Y,37.62893,-84.7976,5,2,6,1,5,3,2,N,1627,1633,N,2022,O,0,0,0,0,0,0,1,0,0,0,0,0
72782501,Motor Vehicle,DAC,20220713,1623,N,N,0.115,0,0,2,2,N,N,Y,37.64404,-84.77101,8,2,6,1,1,2,2,N,1623,1628,N,2022,O,0,0,0,0,0,0,0,0,0,0,0,0
72782889,Motorcyclist,DAC,20220714,1540,N,N,4.748,1,0,2,2,N,N,Y,37.63637,-84.77493,1,2,4,1,1,2,2,Y,1540,1543,N,2022,C,1,0,0,0,0,0,1,0,0,0,0,0
72783228,Motor Vehicle,DAC,20220715,1055,N,N,13.698,0,0,2,2,N,N,Y,37.64561,-84.76911,1,3,6,1,1,2,2,N,1055,1057,N,2022,O,0,0,0,0,0,0,1,0,0,0,0,0
72783233,Motor Vehicle,DAC,20220715,1525,N,Y,0.177,0,0,2,2,N,N,Y,37.61799,-84.77141,1,3,6,1,1,2,2,N,1527,1536,N,2022,O,0,0,0,1,0,0,1,1,0,0,0,0
72783454,Motor Vehicle,DAC,20220715,1559,N,Y,0.018,0,0,2,2,N,N,Y,37.61807,-84.77143,2,2,4,1,1,2,2,N,1559,1612,N,2022,O,0,0,0,0,0,0,0,0,0,0,0,0
72783455,Motorcyclist,DAC,20220715,1136,N,N,0.774,0,0,2,2,N,N,Y,37.62111,-84.75303,5,2,4,1,1,2,2,N,1138,1142,N,2022,O,1,0,0,0,0,0,1,0,0,0,0,0
72783599,Motor Vehicle,DAC,20220716,2053,N,N,13.739,0,0,2,2,N,N,Y,37.64561,-84.76838,1,2,6,1,1,2,2,N,2054,2059,N,2022,O,0,0,1,0,0,0,1,0,0,0,0,0
72783733,Motor Vehicle,DAC,20220715,1422,N,Y,4.912,0,0,2,2,N,Y,Y,37.63881,-84.77469,1,2,6,1,1,2,2,N,1428,1428,N,2022,O,0,0,0,0,0,0,0,1,0,0,0,0
72784210,Motor Vehicle,DAC,20220718,1300,N,N,3.297,0,0,2,2,N,N,Y,37.61528,-84.77433,5,5,6,1,5,6,2,N,1308,1311,N,2022,O,0,0,1,1,0,0,0,1,0,0,0,0
72784251,Motor Vehicle,DAC,20220718,1433,N,Y,0.017,0,0,2,2,N,N,Y,37.61722,-84.78178,1,4,6,1,5,6,2,N,1433,1433,N,2022,O,0,0,0,0,0,0,1,1,0,0,0,0
72784355,Motor Vehicle,DAC,20220718,1953,N,Y,0.638,0,0,4,4,N,N,Y,37.61969,-84.76323,1,4,6,1,1,2,2,N,1953,1955,N,2022,O,0,0,0,0,0,0,1,1,0,0,0,0
72784411,Motor Vehicle,Non DAC,20220718,600,N,N,3.295,0,0,2,2,N,N,Y,37.64996,-84.80306,8,2,6,1,5,6,5,N,600,600,N,2022,O,0,0,1,0,0,0,1,0,0,0,1,0
72784688,Motor Vehicle,Non DAC,20220719,1722,N,Y,12.305,0,0,2,2,N,N,Y,37.64858,-84.8029,5,2,6,1,1,2,2,N,1722,1729,N,2022,O,0,0,0,0,0,0,0,1,0,0,0,0
72784710,Motor Vehicle,Non DAC,20220719,1842,N,Y,12.304,0,0,2,2,N,N,Y,37.64854,-84.80287,5,3,6,1,1,2,2,N,1842,1844,N,2022,O,0,0,0,1,0,0,1,0,0,0,0,0
72785155,Motor Vehicle,DAC,20220718,1517,N,N,0,0,0,2,2,N,N,Y,37.64339,-84.76998,7,2,6,1,5,6,2,N,1518,1525,N,2022,O,0,0,0,1,0,0,0,0,0,0,1,0
72785254,Motor Vehicle,Non DAC,20220719,950,N,Y,1.799,0,0,2,2,N,N,Y,37.62892,-84.79784,5,5,6,1,1,2,2,N,955,1005,N,2022,O,0,0,0,0,0,0,1,1,0,0,0,0
72785341,Motorcyclist,DAC,20220721,1305,N,N,6.137,1,0,1,1,N,N,Y,37.64866,-84.78259,9,2,6,1,1,2,2,Y,1305,1307,N,2022,C,1,0,0,0,0,0,0,0,0,0,1,0
72785349,Motor Vehicle,Non DAC,20220721,726,N,Y,13.179,0,0,3,3,N,N,Y,37.64082,-84.79097,5,2,2,1,1,3,1,N,726,728,N,2022,O,0,0,0,0,0,0,1,1,0,0,0,0
72785502,Motor Vehicle,Non DAC,20220721,2030,N,Y,15.529,0,0,2,2,Y,N,N,37.66437,-84.74297,3,2,6,1,1,2,2,N,2032,2038,N,2022,O,0,0,0,0,0,0,1,0,0,0,0,0
72786260,Motor Vehicle,DAC,20220723,944,N,Y,0.6,0,0,2,2,N,N,Y,37.64457,-84.77089,8,2,6,1,1,2,2,N,944,954,N,2022,O,0,0,0,1,0,0,0,0,0,0,0,0
72786475,Motor Vehicle,DAC,20220718,746,N,Y,5.327,0,0,2,2,N,N,Y,37.64479,-84.77406,1,2,6,1,5,6,2,N,746,749,N,2022,O,0,0,1,0,0,0,0,1,0,0,0,0
72786582,Motor Vehicle,DAC,20220721,1500,N,N,0.216,0,0,2,2,Y,N,Y,37.62156,-84.77276,7,1,4,1,1,2,2,N,901,908,N,2022,O,0,0,0,0,0,0,0,0,0,0,1,0
72786583,Motor Vehicle,DAC,20220725,1115,N,N,4.832,0,0,2,2,N,Y,Y,37.63808,-84.77478,8,2,4,1,1,3,2,N,1121,1124,N,2022,O,0,0,0,0,0,0,1,1,0,0,1,0
72786748,Motor Vehicle,DAC,20220725,1432,N,N,5.119,0,0,2,2,N,Y,Y,37.64143,-84.77287,8,2,6,1,5,6,3,N,1434,1438,N,2022,O,0,0,0,0,0,0,1,0,0,0,1,0
72786867,Motor Vehicle,DAC,20220726,1000,N,N,5.223,0,0,3,3,N,N,Y,37.64327,-84.77427,8,2,1,1,5,6,2,N,1007,1010,N,2022,O,0,0,0,0,0,0,0,0,0,0,0,0
72786987,Motor Vehicle,DAC,20220724,1250,N,Y,0.017,0,0,2,2,N,N,Y,37.62096,-84.75304,5,3,6,1,1,2,2,N,1250,1300,N,2022,O,0,0,1,1,0,0,1,0,0,0,0,0
72787160,Motor Vehicle,DAC,20220726,1724,N,N,3.394,0,0,2,2,N,N,Y,37.61654,-84.77462,5,2,6,1,5,3,2,N,1725,1729,N,2022,O,0,0,0,1,0,0,1,0,0,0,0,0
72787332,Motor Vehicle,DAC,20220727,1240,N,Y,13.594,0,0,2,2,N,N,Y,37.64567,-84.77076,5,3,6,1,5,6,2,N,1244,1247,N,2022,O,0,0,0,1,0,0,0,1,0,0,0,0
72787984,Motor Vehicle,Non DAC,20220728,845,N,N,1.266,0,0,3,3,N,N,Y,37.62178,-84.79431,5,4,6,1,1,3,2,N,845,904,N,2022,O,0,0,0,0,0,0,0,0,0,0,0,0
72788220,Motor Vehicle,Non DAC,20220729,2201,N,N,0,0,0,2,2,N,N,Y,37.64265,-84.7491,2,2,6,1,1,2,5,N,2201,2201,N,2022,O,0,0,0,0,0,0,1,0,0,0,0,0
72788845,Motor Vehicle,DAC,20220731,1228,N,Y,0.029,0,0,2,2,N,N,Y,37.61928,-84.76313,4,2,6,1,5,6,2,N,1228,1236,N,2022,O,0,0,1,0,0,0,0,1,0,0,0,0
72788850,Motor Vehicle,Non DAC,20220728,1208,N,N,1.647,0,0,2,2,N,N,Y,37.62689,-84.79692,5,2,6,1,5,3,2,N,1208,1220,N,2022,O,0,0,0,0,0,0,0,0,0,0,0,0
72788941,Motor Vehicle,DAC,20220801,1320,N,Y,0.168,0,0,2,2,N,N,Y,37.61719,-84.77751,1,8,6,1,1,2,2,N,1325,1333,N,2022,O,0,0,0,1,0,0,0,0,0,0,0,0
72789249,Motor Vehicle,DAC,20220802,1259,N,Y,3.807,0,0,2,2,N,N,Y,37.62329,-84.77465,1,2,6,1,1,2,2,N,1259,1302,N,2022,O,0,0,1,1,0,0,1,0,0,0,0,0
72789453,Motor Vehicle,Non DAC,20220802,1552,N,N,0.034,0,0,2,2,N,N,Y,37.65574,-84.79954,2,2,6,1,1,2,2,N,1552,1552,N,2022,O,0,0,0,1,0,0,1,1,0,0,0,0
72789495,Motor Vehicle,DAC,20220802,1525,N,N,0.179,0,0,2,2,N,N,Y,37.62966,-84.75194,1,2,4,1,1,2,2,N,1530,1538,N,2022,O,0,0,1,1,0,0,0,1,0,0,0,0
72789836,Motor Vehicle,Non DAC,20220803,1920,N,N,0.199,0,0,2,2,N,N,Y,37.65084,-84.77409,2,1,6,1,1,3,2,N,1922,1925,N,2022,O,0,0,0,0,0,0,1,0,0,0,1,0
72790001,Motor Vehicle,Non DAC,20220804,1225,N,N,0.248,0,0,2,2,N,N,Y,37.64791,-84.80454,7,2,6,1,1,3,2,N,1227,1232,N,2022,O,0,1,0,0,0,0,1,0,0,0,1,0
72790007,Motor Vehicle,DAC,20220803,1212,N,N,0.078,0,0,2,2,N,N,Y,37.62072,-84.76377,1,1,4,1,1,2,2,N,1214,1217,N,2022,O,0,0,0,1,0,0,0,0,0,0,0,0
72790251,Motor Vehicle,DAC,20220804,1425,N,Y,0.176,0,0,2,2,Y,N,Y,37.64479,-84.77415,1,2,6,1,1,2,2,N,1425,1431,N,2022,O,0,0,0,0,0,0,0,1,0,0,0,0
72790402,Motor Vehicle,DAC,20220805,1031,N,N,4.731,0,0,2,2,N,N,Y,37.63561,-84.77471,5,2,1,1,5,3,2,N,1032,1038,N,2022,O,0,0,1,1,0,0,1,0,0,0,0,0
72790692,Motor Vehicle,DAC,20220805,2008,N,N,3.21,0,0,3,3,N,N,Y,37.61401,-84.77444,8,2,6,1,5,3,3,N,2008,2013,N,2022,O,0,0,1,0,0,0,0,0,0,0,1,0
72790870,Motor Vehicle,DAC,20220806,1343,N,Y,0.079,0,0,2,2,N,Y,Y,37.617,-84.77478,5,1,1,1,1,3,2,Y,1345,1350,N,2022,O,0,0,0,0,0,0,1,1,0,0,0,0
72790905,Motor Vehicle,Non DAC,20220805,1720,N,Y,12.308,0,0,2,2,N,N,Y,37.64856,-84.80335,5,2,6,1,5,3,2,N,1720,1725,N,2022,O,0,1,0,0,0,0,1,1,0,0,0,0
72791160,Motor Vehicle,DAC,20220807,1241,N,Y,0.165,0,0,2,2,N,N,Y,37.61712,-84.77748,5,2,6,1,1,2,2,N,1245,1250,N,2022,O,0,0,0,0,0,0,1,0,0,0,0,0
72791520,Motor Vehicle,Non DAC,20220802,1321,N,Y,0.118,0,0,2,2,Y,N,Y,37.64794,-84.74839,8,2,6,1,1,2,2,N,1321,1328,N,2022,O,0,0,1,0,0,0,1,0,0,0,0,0
72791679,Motor Vehicle,DAC,20220807,1438,N,Y,14.181,1,0,2,2,N,N,Y,37.64125,-84.76314,1,2,6,1,1,2,2,N,1438,1442,N,2022,B,0,0,1,0,0,0,1,1,0,0,0,0
72791976,Motor Vehicle,DAC,20220809,1429,N,Y,0.359,0,0,2,2,N,N,Y,37.6443,-84.76653,2,2,4,1,1,2,2,N,1431,1439,N,2022,O,0,0,1,0,0,0,1,0,0,0,0,0
72792158,Motor Vehicle,DAC,20220809,1810,N,Y,4.227,0,0,3,3,N,N,Y,37.62863,-84.77479,5,2,6,1,1,2,2,N,1810,1814,N,2022,O,0,0,0,1,0,0,1,1,0,0,0,0
72792427,Motor Vehicle,Non DAC,20220810,1600,N,N,3.225,0,0,2,2,N,N,Y,37.64893,-84.80319,5,6,6,1,5,6,2,N,1606,1609,N,2022,O,0,0,0,1,0,0,1,0,0,0,0,0
72792526,Motor Vehicle,Non DAC,20220810,1836,N,Y,0.009,1,0,2,2,N,N,Y,37.67725,-84.79072,1,2,6,1,5,6,2,Y,1836,1842,N,2022,C,0,0,0,0,0,0,0,1,0,0,0,0
72793094,Motorcyclist,DAC,20220812,746,N,Y,13.655,1,0,2,2,N,N,Y,37.64564,-84.76987,1,2,4,1,1,2,2,Y,746,750,N,2022,C,1,0,0,1,0,0,0,0,0,0,0,0
72793189,Motor Vehicle,Non DAC,20220810,707,N,Y,12.316,2,0,2,2,N,N,Y,37.64855,-84.80319,4,2,6,1,1,2,2,Y,708,711,N,2022,B,0,1,0,1,0,0,1,1,0,0,0,0
72793339,Motor Vehicle,DAC,20220812,1635,N,N,5.296,0,0,3,3,N,Y,Y,37.64418,-84.77261,5,2,6,1,1,2,2,N,1635,1636,N,2022,O,0,0,1,0,0,0,1,0,0,0,0,0