MasterFile,Mode,Disadvantaged_Com_ID,CollisionDate,CollisionTime,ParkingLotIndicator,IntersectionWith_Indicator_,Milepoint,NumberInjured,NumberKilled,ofUnits,ofMotorVeh,Hit_RunIndicator,OneWayIndicator,InCityLimitsIndicator,Latitude,Longitude,MannerofCollisionCode,TotalLanes,RoadwayCharacterCode,RoadwaySurfaceCode,RoadwayConditionCode,WeatherCode,LightConditionCode,FirstAidSceneIndicator,TimeNotified,TimeArrived,MedianCros,YR,KABCO,Motorcyclist,Commercial Vehicle,Young Driver,Mature Driver,Pedestrian,Bicyclist,Distracted,Aggressive,Impaired,Unrestrained,Roadway Departure,Median Cross-over
72793351,Motor Vehicle,DAC,20220812,2008,N,Y,0.02,0,0,2,2,N,N,Y,37.6174,-84.77486,5,4,6,1,1,2,2,N,2008,2019,N,2022,O,0,0,0,0,0,0,0,1,0,0,0,0
72793618,Motor Vehicle,DAC,20220813,1526,N,Y,0.18,2,0,2,2,Y,N,Y,37.61711,-84.7777,5,4,6,1,1,2,2,Y,1526,1528,N,2022,C,0,0,0,0,0,0,1,0,0,0,0,0
72793657,Motor Vehicle,DAC,20220813,1521,N,Y,0.007,0,0,2,2,N,N,Y,37.61746,-84.77754,5,3,6,1,1,2,2,N,1521,1526,N,2022,O,0,0,0,0,0,0,1,1,0,0,0,0
72794121,Motor Vehicle,DAC,20220815,1228,N,Y,4.224,0,0,2,2,N,N,Y,37.62857,-84.77487,8,2,6,1,1,2,2,N,1229,1233,N,2022,O,0,1,0,0,0,0,1,0,0,0,0,0
72794907,Motor Vehicle,DAC,20220815,1415,N,Y,0.619,2,0,2,2,N,N,Y,37.61644,-84.78571,1,2,6,1,1,2,2,Y,1416,1417,N,2022,B,0,0,0,1,0,0,1,1,0,0,0,0
72794929,Motor Vehicle,DAC,20220817,1421,N,Y,4.979,0,0,2,2,N,Y,Y,37.63977,-84.77456,1,2,4,1,1,2,2,N,1423,1426,N,2022,O,0,0,0,0,0,0,1,0,0,0,0,0
72794930,Motor Vehicle,DAC,20220817,1441,N,Y,0.039,0,0,2,2,N,Y,Y,37.65106,-84.78673,2,1,6,1,1,2,2,N,1442,1448,N,2022,O,0,0,0,1,0,0,1,0,0,0,0,0
72795235,Motor Vehicle,Non DAC,20220818,1052,N,Y,15.539,0,0,2,2,N,N,Y,37.66438,-84.74296,5,2,6,1,1,2,2,N,1054,1054,N,2022,O,0,0,0,1,0,0,1,0,0,0,0,0
72795245,Motor Vehicle,Non DAC,20220818,1105,N,Y,3.184,0,0,2,2,N,Y,Y,37.64839,-84.80291,5,2,6,1,1,2,2,N,1105,1105,N,2022,O,0,0,0,0,0,0,1,0,0,0,0,0
72795929,Motor Vehicle,Non DAC,20220819,755,N,N,0.015,0,0,2,2,N,N,Y,37.65378,-84.80166,5,2,6,1,1,2,2,N,755,757,N,2022,O,0,0,0,0,0,0,1,0,0,0,0,0
72796340,Motor Vehicle,DAC,20220821,1836,N,N,0.491,0,0,2,2,Y,N,Y,37.64446,-84.76892,0,2,6,1,1,2,2,N,1836,1847,N,2022,O,0,0,0,0,0,0,0,0,0,0,0,0
72796478,Motor Vehicle,DAC,20220819,920,N,N,13.786,0,0,2,2,N,N,Y,37.6455,-84.76756,8,3,6,1,1,2,2,N,922,931,N,2022,O,0,0,0,1,0,0,0,0,0,0,1,0
72796750,Motor Vehicle,Non DAC,20220822,1437,N,N,1.309,0,0,2,2,N,N,Y,37.62235,-84.7946,5,2,6,1,1,2,2,N,1438,1440,N,2022,O,0,0,0,0,0,0,1,1,0,0,0,0
72796945,Motor Vehicle,DAC,20220823,1216,N,N,0.238,0,0,2,2,N,N,Y,37.61723,-84.78179,1,2,6,1,1,2,2,N,1216,1216,N,2022,O,0,0,1,0,0,0,1,1,0,0,0,0
72797024,Motor Vehicle,DAC,20220823,1610,N,Y,0.076,0,0,2,2,N,N,Y,37.64455,-84.77098,5,2,6,1,1,2,2,N,1612,1616,N,2022,O,0,0,1,0,0,0,1,1,0,0,0,0
72797302,Motor Vehicle,DAC,20220824,1122,N,Y,0.015,0,0,2,2,N,N,Y,37.61724,-84.78176,1,2,6,1,1,2,2,N,1124,1132,N,2022,O,0,0,0,1,0,0,1,1,0,0,0,0
72798013,Motor Vehicle,DAC,20220525,1506,N,Y,4.842,0,0,2,2,N,Y,Y,37.63787,-84.77478,1,2,6,1,1,2,2,N,1509,1513,N,2022,O,0,0,0,0,0,0,1,1,0,0,0,0
72798210,Motor Vehicle,DAC,20220826,1724,N,N,0.342,0,0,2,2,N,N,Y,37.64854,-84.76558,5,2,6,1,1,2,2,N,1725,1741,N,2022,O,0,0,0,1,0,0,1,1,0,0,0,0
72798266,Motor Vehicle,DAC,20220825,1446,N,N,5.196,0,0,2,2,N,Y,Y,37.6429,-84.77433,1,2,6,1,1,2,2,N,1446,1446,N,2022,O,0,0,0,0,0,0,1,1,0,0,0,0
72798616,Motor Vehicle,Non DAC,20220827,2244,N,N,12.624,0,0,2,2,N,N,Y,37.64822,-84.7975,5,2,6,1,1,2,5,N,2244,2248,N,2022,O,0,0,1,0,0,0,1,1,0,0,0,0
72798837,Motor Vehicle,Non DAC,20220828,214,N,Y,0.073,0,0,1,1,N,N,Y,37.65075,-84.77902,9,2,5,1,1,2,4,N,217,227,N,2022,O,0,0,1,0,0,0,0,0,0,0,0,0
72798925,Motor Vehicle,DAC,20220829,855,N,N,15.075,0,0,2,2,N,N,Y,37.63249,-84.75191,4,2,6,1,1,2,2,N,901,908,N,2022,O,0,1,0,0,0,0,0,0,0,0,0,0
72798953,Motor Vehicle,DAC,20220829,1101,N,N,3.36,0,0,2,2,N,N,Y,37.61621,-84.77442,5,2,6,1,1,2,2,N,1101,1107,N,2022,O,0,0,0,1,0,0,1,0,0,0,0,0
72799195,Motor Vehicle,DAC,20220828,1537,N,Y,0.149,0,0,2,2,N,N,Y,37.64734,-84.77231,1,2,6,1,1,2,2,N,1537,1544,N,2022,O,0,0,1,0,0,0,1,0,0,0,0,0
72799732,Motor Vehicle,DAC,20220831,724,N,Y,0.637,1,0,3,3,N,N,Y,37.61989,-84.76327,1,6,6,1,1,2,2,Y,725,729,N,2022,B,0,0,1,0,0,0,0,1,0,0,0,0
72799965,Motor Vehicle,Non DAC,20220831,1547,N,N,2.994,0,0,3,3,N,N,Y,37.64564,-84.80279,5,2,6,1,1,2,2,N,1548,1552,N,2022,O,0,0,0,0,0,0,1,1,0,0,0,0
72800028,Motor Vehicle,DAC,20220831,1553,N,N,0.499,0,0,2,2,N,N,Y,37.61662,-84.78349,5,2,6,1,1,2,2,N,1555,1601,N,2022,O,0,0,0,1,0,0,1,0,0,0,0,0
72800110,Motor Vehicle,DAC,20220901,1157,N,N,13.787,0,0,2,2,N,N,Y,37.64552,-84.76754,8,2,6,1,1,2,2,N,1157,1204,N,2022,O,0,0,0,0,0,0,1,1,0,0,1,0
72801208,Motor Vehicle,DAC,20220902,1131,N,Y,0.172,0,0,2,2,N,N,Y,37.64055,-84.77139,1,3,4,1,1,2,2,N,1131,1132,N,2022,O,0,0,0,1,0,0,1,0,0,0,0,0
72801209,Motor Vehicle,DAC,20220904,1238,N,Y,0.017,0,0,2,2,N,N,Y,37.64891,-84.77181,5,1,6,1,1,2,2,N,1238,1241,N,2022,O,0,0,1,1,0,0,1,1,0,0,0,0
72801358,Motor Vehicle,DAC,20220904,1459,N,Y,3.254,3,0,2,2,N,N,Y,37.61469,-84.77447,1,2,6,1,1,2,2,Y,1501,1507,N,2022,A,0,0,0,0,0,0,1,1,0,0,0,0
72801881,Motor Vehicle,DAC,20220906,1100,N,N,4.747,0,0,2,2,N,N,Y,37.63636,-84.77492,1,2,6,1,1,3,2,N,1047,1055,N,2022,O,0,1,0,0,0,0,1,1,0,0,0,0
72802098,Motor Vehicle,DAC,20220905,2020,N,N,0.62,0,0,2,2,N,N,Y,37.61661,-84.78572,1,4,6,1,5,2,4,N,2020,2020,N,2022,O,0,0,1,0,0,0,1,1,0,0,0,0
72802578,Motor Vehicle,DAC,20220905,2224,N,Y,0.663,0,0,2,2,Y,N,Y,37.62852,-84.7627,7,2,4,1,1,2,4,N,2224,2231,N,2022,O,0,0,1,0,0,0,1,0,0,0,0,0
72802672,Motor Vehicle,DAC,20220907,1421,N,Y,0.62,0,0,2,2,N,N,Y,37.61642,-84.78569,1,2,3,1,1,2,2,N,1423,1428,N,2022,O,0,0,0,1,0,0,1,1,0,0,0,0
72802877,Motor Vehicle,Non DAC,20220907,1658,N,Y,0.237,0,0,1,1,N,N,Y,37.65379,-84.79914,9,2,6,3,1,2,2,N,1700,1704,N,2022,O,0,0,1,0,0,0,0,0,0,0,0,0
72802997,Motorcyclist,Non DAC,20220908,633,N,N,3.713,0,0,1,1,N,N,Y,37.65505,-84.79956,9,4,6,1,1,2,3,N,634,636,N,2022,O,1,0,0,0,0,0,1,0,0,0,1,0
72803175,Motor Vehicle,DAC,20220908,1750,N,Y,6.208,0,0,2,2,N,N,Y,37.64972,-84.78266,5,2,6,1,1,2,2,N,1753,1755,N,2022,O,0,0,0,0,0,0,1,1,0,0,0,0
72803491,Motor Vehicle,DAC,20220910,1253,N,Y,0.088,0,0,2,2,N,N,Y,37.61751,-84.77605,5,2,6,1,1,3,2,N,1254,1306,N,2022,O,0,0,0,0,0,0,0,1,0,0,0,0
72803992,Motor Vehicle,Non DAC,20220910,1051,N,N,3.752,0,0,2,2,N,Y,Y,37.65556,-84.79919,5,2,6,1,1,3,2,N,1053,1059,N,2022,O,0,0,1,0,0,0,1,0,0,0,0,0
72804188,Motor Vehicle,DAC,20220906,1317,N,Y,4.417,0,0,2,2,N,N,Y,37.63137,-84.77489,8,2,6,1,1,2,2,N,1317,1317,N,2022,O,0,0,0,0,0,0,0,0,0,0,0,0
72804773,Motor Vehicle,Non DAC,20220913,2130,N,N,3.675,0,0,2,2,N,N,Y,37.65471,-84.80009,5,4,6,1,1,2,6,N,2037,2047,N,2022,O,0,0,0,0,0,0,0,1,1,0,0,0
72805070,Motor Vehicle,Non DAC,20220913,2009,N,Y,12.313,1,0,2,2,N,N,Y,37.64857,-84.80325,5,2,6,1,1,2,5,Y,2010,2014,N,2022,C,0,0,0,0,0,0,1,0,0,0,0,0
72805082,Motor Vehicle,Non DAC,20220914,1715,N,N,1.21,0,0,2,2,N,N,Y,37.66272,-84.76785,5,2,6,1,1,2,2,N,1715,1715,N,2022,O,0,0,1,0,0,0,1,0,0,0,0,0
72805098,Motor Vehicle,Non DAC,20220914,2044,N,N,2.322,1,0,1,1,N,N,Y,37.66911,-84.75402,9,2,6,1,1,2,4,Y,2046,2049,N,2022,C,0,0,0,0,0,0,1,0,0,0,1,0
72805130,Motor Vehicle,DAC,20220913,134,N,Y,3.436,0,0,2,2,N,N,Y,37.61736,-84.77446,5,2,6,1,1,2,5,Y,136,140,N,2022,O,0,0,0,0,0,0,1,1,1,0,0,0
72805186,Motor Vehicle,Non DAC,20220914,1505,N,N,12.684,0,0,2,2,N,N,Y,37.64806,-84.79641,5,2,6,1,1,2,2,N,1507,1514,N,2022,O,0,0,0,1,0,0,1,0,0,0,0,0
72805287,Motor Vehicle,DAC,20220915,1212,N,Y,5.194,0,0,2,2,N,N,Y,37.64286,-84.77432,1,2,5,1,1,2,2,N,1214,1220,N,2022,O,0,0,0,1,0,0,1,0,0,0,0,0
72805715,Motor Vehicle,Non DAC,20220916,803,N,Y,12.306,0,0,2,2,N,N,Y,37.64856,-84.80338,5,2,6,1,1,2,2,N,803,812,N,2022,O,0,0,1,0,0,0,0,0,0,0,0,0
72805735,Motor Vehicle,Non DAC,20220916,750,N,Y,0.137,0,0,2,2,N,N,Y,37.65421,-84.77286,1,2,5,1,1,3,2,N,753,757,N,2022,O,0,0,0,1,0,0,1,1,0,0,0,0
72806039,Bicyclist,DAC,20220916,1227,N,N,4.663,0,0,2,1,N,N,Y,37.63495,-84.77503,9,2,4,1,1,2,2,N,1227,1239,N,2022,O,0,0,0,0,0,1,0,0,0,0,0,0
72806390,Motor Vehicle,DAC,20220916,1944,N,N,3.469,0,0,2,2,Y,N,Y,37.61778,-84.77461,2,6,6,1,1,2,2,N,1944,1944,N,2022,O,0,0,0,0,0,0,1,0,0,0,0,0
72806391,Motor Vehicle,Non DAC,20220917,0,N,Y,12.264,0,0,2,2,Y,N,Y,37.62898,-84.7976,5,6,0,1,1,2,5,N,2040,2047,N,2022,O,0,0,0,0,0,0,1,0,0,0,0,0
72806418,Motor Vehicle,DAC,20220914,2105,N,N,0.073,0,0,2,2,N,N,Y,37.62539,-84.76304,5,2,6,1,1,2,6,N,2152,2154,N,2022,O,0,0,0,0,0,0,1,0,0,0,0,0
72806419,Motor Vehicle,Non DAC,20220916,906,N,Y,14.317,0,0,1,1,N,N,Y,37.65248,-84.75824,9,2,4,1,1,2,5,N,2106,2109,N,2022,O,0,0,0,0,0,0,0,0,1,0,0,0
72807863,Motor Vehicle,Non DAC,20220921,757,N,Y,15.538,0,0,2,2,N,N,Y,37.6644,-84.74298,5,2,6,1,1,2,2,N,800,803,N,2022,O,0,0,0,0,0,0,1,0,0,0,0,0
72808017,Motor Vehicle,DAC,20220922,1410,N,Y,4.675,0,0,2,2,N,N,Y,37.63512,-84.77501,1,2,5,1,1,2,2,N,1411,1416,N,2022,O,0,0,0,0,0,0,1,0,0,0,0,0
72808018,Motor Vehicle,Non DAC,20220922,1911,N,N,0.341,0,0,2,2,N,N,Y,37.65262,-84.79255,5,2,6,1,1,2,2,N,1923,1935,N,2022,O,0,0,0,0,0,0,1,1,0,0,0,0
72808176,Motor Vehicle,Non DAC,20220923,713,N,Y,15.532,0,0,2,2,N,N,Y,37.66451,-84.74297,2,2,6,1,1,2,1,N,715,723,N,2022,O,0,1,0,0,0,0,1,0,0,0,0,0
72808461,Motor Vehicle,DAC,20220922,1624,N,N,4.932,0,0,2,2,N,Y,Y,37.63911,-84.77466,5,2,6,1,1,2,2,N,1624,1626,N,2022,O,0,0,0,1,0,0,1,1,0,0,0,0
72808462,Motorcyclist,Non DAC,20220923,1422,N,Y,1.802,1,0,1,1,N,N,Y,37.62897,-84.79762,9,4,6,1,1,2,2,Y,1422,1424,N,2022,B,1,0,0,0,0,0,1,0,0,0,0,0
72808595,Motor Vehicle,DAC,20220923,1607,N,N,3.763,0,0,2,2,N,N,Y,37.62198,-84.7746,1,5,6,1,1,2,2,N,1606,1607,N,2022,O,0,0,0,1,0,0,0,1,0,0,0,0
72809549,Motor Vehicle,DAC,20220926,1645,N,Y,3.516,0,0,2,2,N,N,Y,37.61844,-84.77456,1,5,6,1,1,2,2,Y,1645,1646,N,2022,O,0,0,0,0,0,0,0,1,0,0,0,0
72809597,Motor Vehicle,DAC,20220926,2200,N,N,3.39,0,0,2,2,N,N,Y,37.61664,-84.77463,8,2,6,1,1,2,5,N,2200,2207,N,2022,O,0,0,1,0,0,0,1,1,0,0,1,0
72809703,Motor Vehicle,DAC,20220927,1032,N,N,0.142,0,0,2,2,N,N,Y,37.64475,-84.77354,8,2,6,1,1,2,2,N,1034,1037,N,2022,O,0,1,0,0,0,0,0,0,0,0,0,0
72810299,Motor Vehicle,DAC,20220927,1530,N,N,0.028,0,0,2,2,N,N,Y,37.64625,-84.7724,8,2,6,1,1,2,2,N,1624,1628,N,2022,O,0,0,0,0,0,0,1,0,0,0,0,0
72810568,Motor Vehicle,DAC,20220929,1048,N,Y,0.238,0,0,2,2,N,N,Y,37.61722,-84.78176,1,2,6,1,1,2,2,N,1049,1058,N,2022,O,0,0,0,1,0,0,1,1,0,0,0,0
72810580,Motor Vehicle,DAC,20220927,1933,N,N,0.165,0,0,2,2,N,N,Y,37.61736,-84.77746,5,4,6,1,1,2,2,N,1933,1937,N,2022,O,0,0,0,1,0,0,1,0,0,0,0,0
72810932,Motor Vehicle,Non DAC,20220923,1144,N,Y,2.667,0,0,2,2,N,N,Y,37.64088,-84.80269,2,4,6,1,1,2,2,N,1146,1201,N,2022,O,0,1,0,0,0,0,1,0,0,0,0,0
72811017,Motor Vehicle,DAC,20220930,1309,N,N,4.824,0,0,2,2,N,Y,Y,37.6376,-84.77479,8,2,6,1,1,2,2,N,1311,1316,N,2022,O,0,0,0,0,0,0,1,1,0,0,1,0
72811060,Motor Vehicle,DAC,20220930,1500,N,Y,5.04,1,0,2,2,N,N,Y,37.64074,-84.77451,1,2,4,1,1,2,2,Y,1442,1447,N,2022,C,0,0,0,0,0,0,1,0,0,0,0,0
72811231,Motor Vehicle,Non DAC,20220930,1940,N,Y,1.267,0,0,2,2,N,N,Y,37.62105,-84.75177,5,4,6,1,1,2,3,N,1911,1911,N,2022,O,0,0,0,1,0,0,1,0,0,0,0,0
72811312,Motor Vehicle,DAC,20220930,1954,N,Y,0.149,0,0,2,2,N,N,Y,37.64734,-84.77231,4,2,6,1,1,2,5,N,1954,1957,N,2022,O,0,0,0,1,0,0,0,0,0,0,0,0
72811373,Motor Vehicle,DAC,20221001,1122,N,N,4.243,1,0,2,2,N,N,Y,37.62886,-84.77474,5,2,6,1,1,2,2,Y,1123,1127,N,2022,C,0,0,0,0,0,0,1,0,0,0,0,0
72811512,Bicyclist,DAC,20221001,1911,N,Y,0.137,1,0,2,1,N,N,Y,37.64978,-84.7848,9,2,6,1,1,2,3,Y,1911,1911,N,2022,C,0,0,0,0,0,1,1,0,0,0,0,0
72811530,Motor Vehicle,DAC,20220928,1915,N,N,0.142,0,0,2,2,N,N,Y,37.64322,-84.76746,7,2,4,1,1,2,2,N,1915,1920,N,2022,O,0,0,1,0,0,0,1,0,0,0,1,0
72811782,Motor Vehicle,DAC,20221001,1910,N,Y,0.168,0,0,3,3,N,N,Y,37.61736,-84.77751,6,4,6,1,1,2,2,N,1913,1914,N,2022,O,0,0,0,1,0,0,1,0,0,0,0,0
72811824,Motor Vehicle,DAC,20221002,1630,N,Y,0,1,0,2,2,N,N,Y,37.64592,-84.77403,1,2,6,1,1,2,2,N,1630,1633,N,2022,B,0,0,1,1,0,0,1,1,0,1,0,0
72811847,Motor Vehicle,DAC,20220930,1905,N,Y,1.2,2,0,2,2,N,N,Y,37.62095,-84.75301,5,3,6,1,1,2,2,Y,1906,1909,N,2022,A,0,0,0,0,0,0,1,0,0,0,0,0
72812003,Motor Vehicle,DAC,20221003,942,N,Y,5.207,0,0,2,2,N,Y,Y,37.64304,-84.77436,1,2,4,1,1,2,2,N,942,942,N,2022,O,0,0,0,1,0,0,1,1,0,0,0,0
72812140,Motor Vehicle,DAC,20221003,1545,N,N,3.905,0,0,2,2,N,N,Y,37.62401,-84.77466,8,2,6,1,1,2,2,N,1545,1545,N,2022,O,0,0,1,0,0,0,1,1,0,0,1,0
72812470,Motor Vehicle,DAC,20221003,1344,N,Y,0.17,1,0,3,3,N,N,Y,37.61717,-84.77754,1,4,6,1,1,2,2,Y,1344,1349,N,2022,C,0,0,0,1,0,0,1,1,0,0,0,0
72812522,Motor Vehicle,DAC,20221004,1013,N,Y,0.237,0,0,2,2,N,N,Y,37.6172,-84.78181,1,2,6,1,1,2,2,N,1014,1019,N,2022,O,0,0,0,1,0,0,1,1,0,0,0,0
72812592,Motor Vehicle,DAC,20221003,1640,N,N,0.309,0,0,2,2,N,N,Y,37.64494,-84.77657,5,2,4,1,1,2,2,N,1641,1645,N,2022,O,0,0,0,0,0,0,0,0,0,0,0,0
72812699,Motor Vehicle,Non DAC,20221004,545,N,Y,3.196,0,0,2,2,Y,N,Y,37.64856,-84.80318,1,4,6,1,1,2,5,N,617,625,N,2022,O,0,0,0,0,0,0,1,1,0,0,0,0
72812796,Motor Vehicle,DAC,20221005,937,N,Y,4.808,0,0,2,2,N,Y,Y,37.63679,-84.77372,1,2,3,1,1,2,2,N,939,941,N,2022,O,0,0,0,0,0,0,1,0,0,0,0,0
72812955,Motor Vehicle,DAC,20221005,1129,N,N,0.246,0,0,2,2,N,N,Y,37.64215,-84.77118,5,2,4,1,1,2,2,N,1129,1135,N,2022,O,0,0,0,1,0,0,1,0,0,0,0,0
72812981,Motor Vehicle,DAC,20221004,1547,N,N,0.198,0,0,1,1,N,N,Y,37.61731,-84.77806,9,2,6,97,1,2,2,N,1547,1547,N,2022,O,0,0,1,0,0,0,0,0,0,0,0,0
72813654,Motor Vehicle,DAC,20221006,1837,N,Y,3.468,0,0,2,2,N,N,Y,37.61773,-84.77463,5,3,6,1,1,2,2,N,1837,1844,N,2022,O,0,0,0,0,0,0,0,0,0,0,0,0
72813795,Motor Vehicle,DAC,20221007,1505,N,Y,4.91,0,0,2,2,N,N,Y,37.63883,-84.77471,4,2,6,1,1,2,2,N,1505,1505,N,2022,O,0,0,0,1,0,0,0,1,0,0,0,0
72813966,Motor Vehicle,DAC,20221008,1035,N,N,0.034,0,0,2,2,Y,N,Y,37.64634,-84.77235,8,2,6,1,1,2,2,N,1038,1040,N,2022,O,0,0,0,0,0,0,1,0,0,0,0,0
72814147,Motor Vehicle,DAC,20221008,1407,N,N,4.781,0,0,2,2,N,Y,Y,37.63695,-84.77486,8,2,6,1,1,2,2,N,1407,1408,N,2022,O,0,0,0,1,0,0,1,0,0,0,1,0
72814283,Motor Vehicle,Non DAC,20221009,101,N,Y,12.303,0,0,2,2,N,N,Y,37.64857,-84.80285,5,2,6,1,1,2,5,N,102,104,N,2022,O,0,0,1,0,0,0,1,0,1,0,0,0
72814339,Pedestrian,DAC,20221008,1006,N,Y,5.524,1,0,3,1,N,N,Y,37.64592,-84.77403,9,2,6,1,1,2,2,Y,1007,1010,N,2022,B,0,0,0,1,1,0,1,1,0,0,0,0
72814361,Motor Vehicle,DAC,20221007,1734,N,Y,0.156,0,0,2,2,N,N,Y,37.61716,-84.77744,5,6,6,1,1,2,2,N,1735,1745,N,2022,O,0,0,1,0,0,0,1,0,0,0,0,0
72814371,Motor Vehicle,Non DAC,20221009,1421,N,Y,12.207,0,0,2,2,N,N,Y,37.64848,-84.80514,5,2,6,1,1,2,2,N,1422,1430,N,2022,O,0,0,0,0,0,0,1,0,0,0,0,0
72814963,Motor Vehicle,DAC,20221010,639,N,N,4.746,0,0,2,2,N,Y,Y,37.63635,-84.77495,8,2,6,1,1,2,3,N,645,645,N,2022,O,0,0,0,0,0,0,1,0,0,0,1,0
72815359,Motor Vehicle,DAC,20221012,147,N,N,0.001,0,0,1,1,N,N,Y,37.6299,-84.77845,9,2,4,1,1,2,6,Y,142,146,N,2022,O,0,0,0,0,0,0,0,0,1,0,1,0
72815534,Motor Vehicle,DAC,20221012,1335,N,N,0.053,0,0,2,2,Y,N,Y,37.64662,-84.77237,1,2,6,1,1,3,2,N,1342,1348,N,2022,O,0,0,0,0,0,0,0,1,0,0,0,0
72815949,Motor Vehicle,Non DAC,20221013,1301,N,Y,12.339,0,0,2,2,N,N,Y,37.64858,-84.80272,5,2,6,1,1,2,2,N,1301,1310,N,2022,O,0,0,0,1,0,0,1,0,0,0,0,0
72816373,Motor Vehicle,DAC,20221014,809,N,N,14.053,0,0,2,2,N,N,Y,37.64278,-84.7646,2,2,4,1,1,2,2,N,809,813,N,2022,O,0,0,0,0,0,0,0,0,0,0,0,0
72816380,Motor Vehicle,DAC,20220831,1030,N,N,13.63,1,0,2,2,Y,N,Y,37.64548,-84.76662,5,2,4,1,1,2,2,Y,1034,1039,N,2022,B,0,0,0,0,0,0,1,0,0,0,0,0
72816404,Motor Vehicle,DAC,20221013,1705,N,Y,3.522,2,0,2,2,N,N,Y,37.61852,-84.77458,1,3,6,1,1,2,2,Y,1706,1707,N,2022,C,0,0,0,0,0,0,1,1,0,0,0,0
72816438,Motor Vehicle,DAC,20221013,1158,N,Y,0.001,1,0,2,2,N,N,Y,37.64591,-84.77403,3,3,6,1,1,2,2,Y,1158,1200,N,2022,B,0,0,0,0,0,0,0,1,0,0,0,0
72816563,Motor Vehicle,DAC,20221013,1720,N,N,5.749,1,0,2,2,N,N,Y,37.6462,-84.77815,5,2,6,1,1,2,2,N,1720,1722,N,2022,B,0,0,0,1,0,0,1,0,0,0,0,0
72816632,Motor Vehicle,DAC,20221015,136,N,Y,3.457,0,0,2,2,Y,N,Y,37.61763,-84.77464,1,4,6,1,1,2,5,N,137,137,N,2022,O,0,0,1,0,0,0,0,1,0,0,0,0
72816945,Motor Vehicle,DAC,20221016,41,N,Y,3.375,1,0,1,1,N,N,Y,37.61643,-84.77441,9,4,6,1,1,2,6,Y,41,41,N,2022,B,0,0,0,0,0,0,0,0,1,0,0,0
72817089,Motor Vehicle,DAC,20221015,1853,N,Y,0.177,0,0,2,2,N,N,Y,37.61799,-84.77141,1,4,6,1,1,2,3,N,1853,1859,N,2022,O,0,0,0,0,0,0,1,1,0,0,0,0
72817352,Motor Vehicle,DAC,20221017,750,N,Y,0,0,0,2,2,N,N,Y,37.61643,-84.77441,5,2,4,1,1,3,2,N,751,755,N,2022,O,0,0,0,0,0,0,1,1,0,0,0,0
72817428,Motor Vehicle,DAC,20221014,1740,N,Y,0.618,0,0,2,2,N,N,Y,37.61663,-84.78575,1,5,6,1,1,2,2,N,1746,1754,N,2022,O,0,0,0,1,0,0,0,1,0,0,0,0
72817449,Motor Vehicle,Non DAC,20221017,1335,N,N,2.582,0,0,2,2,Y,N,Y,37.63964,-84.80245,8,2,6,1,1,2,2,N,1337,1339,N,2022,O,0,0,0,0,0,0,1,0,0,0,1,0
72817450,Motor Vehicle,DAC,20221017,1254,N,Y,0.013,0,0,2,2,N,N,Y,37.61745,-84.7747,5,4,6,1,1,2,2,N,1255,1301,N,2022,O,0,1,0,0,0,0,1,0,0,0,0,0
72817778,Motor Vehicle,DAC,20221018,909,N,N,0.815,0,0,1,1,N,N,Y,37.64895,-84.77249,9,2,6,1,5,3,2,N,910,914,N,2022,O,0,0,1,0,0,0,1,0,0,0,1,0
72818360,Motor Vehicle,DAC,20221019,1130,N,N,13.577,0,0,2,2,N,N,Y,37.64574,-84.77122,1,3,6,1,1,2,2,N,1138,1143,N,2022,O,0,0,0,0,0,0,0,1,0,0,0,0
72818469,Motor Vehicle,DAC,20221019,1647,N,N,0.135,1,0,2,2,N,N,Y,37.61723,-84.77701,5,4,6,1,1,2,2,Y,1647,1649,N,2022,C,0,0,0,0,0,0,1,0,0,0,0,0
72819046,Motor Vehicle,DAC,20221020,1620,N,N,0.14,0,0,2,2,N,Y,Y,37.61722,-84.77708,5,2,6,1,1,2,2,N,1620,1626,N,2022,O,0,0,0,1,0,0,1,0,0,0,0,0
72819056,Motor Vehicle,DAC,20221020,856,N,Y,0.05,0,0,2,2,N,N,Y,37.64279,-84.77342,1,2,6,1,1,2,2,N,857,900,N,2022,O,0,0,0,0,0,0,1,1,0,0,0,0
72819057,Motor Vehicle,DAC,20221020,1553,N,Y,5.069,1,0,2,2,N,Y,Y,37.64137,-84.77448,1,2,4,1,1,2,2,Y,1553,1555,N,2022,C,0,0,0,1,0,0,0,0,0,1,0,0
72819325,Motor Vehicle,DAC,20221021,1833,N,N,0.048,0,0,2,2,N,N,Y,37.61805,-84.7776,1,2,6,1,1,2,2,N,1833,1838,N,2022,O,0,0,1,0,0,0,1,1,0,0,0,0