MasterFile,Mode,Disadvantaged_Com_ID,CollisionDate,CollisionTime,ParkingLotIndicator,IntersectionWith_Indicator_,Milepoint,NumberInjured,NumberKilled,ofUnits,ofMotorVeh,Hit_RunIndicator,OneWayIndicator,InCityLimitsIndicator,Latitude,Longitude,MannerofCollisionCode,TotalLanes,RoadwayCharacterCode,RoadwaySurfaceCode,RoadwayConditionCode,WeatherCode,LightConditionCode,FirstAidSceneIndicator,TimeNotified,TimeArrived,MedianCros,YR,KABCO,Motorcyclist,Commercial Vehicle,Young Driver,Mature Driver,Pedestrian,Bicyclist,Distracted,Aggressive,Impaired,Unrestrained,Roadway Departure,Median Cross-over
72819337,Pedestrian,DAC,20221020,1505,N,Y,5.402,1,0,2,1,N,N,Y,37.64582,-84.77243,9,2,6,1,1,2,2,Y,1507,1509,N,2022,B,0,0,0,0,1,0,0,0,0,0,0,0
72819800,Motor Vehicle,Non DAC,20221017,1659,N,N,1.341,0,0,3,3,N,N,Y,37.62278,-84.79482,8,4,6,1,1,2,2,N,1659,1703,N,2022,O,0,1,0,0,0,0,1,0,0,0,1,0
72819801,Motor Vehicle,DAC,20221022,1829,N,N,0.07,0,0,2,2,Y,N,Y,37.64139,-84.77575,8,2,6,1,1,2,2,N,1829,1833,N,2022,O,0,0,0,0,0,0,0,0,0,0,0,0
72820214,Motor Vehicle,DAC,20221021,1025,N,N,4.434,0,0,2,2,Y,N,Y,37.63162,-84.77492,8,5,4,1,1,2,2,N,1031,1037,N,2022,O,0,0,0,0,0,0,0,0,0,0,1,0
72820219,Motor Vehicle,DAC,20221024,1413,N,N,4.982,0,0,2,2,N,N,Y,37.63981,-84.77461,8,2,4,1,1,2,2,N,1357,1410,N,2022,O,0,0,0,1,0,0,0,0,0,0,0,0
72820544,Motor Vehicle,DAC,20221025,1116,N,N,5.149,0,0,2,2,N,N,Y,37.64226,-84.77436,1,2,4,1,1,3,2,N,1118,1122,N,2022,O,0,0,0,1,0,0,1,0,0,0,0,0
72820721,Motor Vehicle,Non DAC,20221025,1912,N,N,0.065,0,0,2,2,Y,N,Y,37.65084,-84.76441,8,2,6,1,1,2,2,N,1812,1818,N,2022,O,0,0,0,0,0,0,1,1,0,0,0,0
72821180,Motor Vehicle,DAC,20221026,1939,N,Y,0.148,0,0,2,2,N,N,Y,37.64733,-84.77229,1,2,6,1,1,3,5,N,1943,1943,N,2022,O,0,0,0,1,0,0,1,1,0,0,0,0
72821342,Motor Vehicle,Non DAC,20221027,806,N,Y,3.069,0,0,3,3,N,N,Y,37.66431,-84.74331,5,2,4,1,1,2,2,N,807,815,N,2022,O,0,0,0,0,0,0,1,1,0,0,0,0
72821497,Motor Vehicle,Non DAC,20221025,1539,N,N,1.687,0,0,2,2,N,N,Y,37.62745,-84.79688,5,2,6,1,1,2,2,N,1539,1547,N,2022,O,0,0,0,1,0,0,1,0,0,0,0,0
72821606,Motor Vehicle,DAC,20221027,1216,N,Y,4.912,0,0,2,2,N,Y,Y,37.63882,-84.77469,1,2,6,1,1,2,2,N,1216,1218,N,2022,O,0,0,0,0,0,0,1,1,0,0,0,0
72821754,Motor Vehicle,Non DAC,20221023,1551,N,N,12.316,1,0,3,3,N,N,Y,37.64856,-84.80319,5,2,6,1,1,2,2,N,1554,1555,N,2022,C,0,0,0,1,0,0,1,1,0,0,0,0
72821862,Motor Vehicle,DAC,20221027,1403,N,N,3.44,0,0,2,2,N,N,Y,37.61743,-84.77445,5,4,6,1,1,2,2,N,1403,1414,N,2022,O,0,0,0,1,0,0,1,0,0,0,0,0
72821863,Motor Vehicle,DAC,20221027,1556,N,N,0.046,0,0,3,3,N,N,Y,37.61808,-84.77761,1,2,6,1,1,2,2,N,1556,1557,N,2022,O,0,0,1,1,0,0,1,1,0,0,1,0
72821966,Motor Vehicle,Non DAC,20221028,1620,N,Y,13.19,0,0,2,2,N,N,Y,37.64574,-84.7876,5,2,1,1,1,2,2,N,1622,1626,N,2022,O,0,0,1,0,0,0,1,0,0,0,0,0
72822041,Motor Vehicle,Non DAC,20221028,543,N,N,12.85,0,0,1,1,N,N,Y,37.63593,-84.79294,9,2,3,1,1,2,5,N,543,549,N,2022,O,0,0,0,0,0,0,0,0,0,0,0,0
72822156,Motor Vehicle,Non DAC,20221028,2316,N,N,0.217,1,0,1,1,N,N,Y,37.6638,-84.78968,9,2,6,1,1,2,5,Y,2316,2323,N,2022,C,0,0,1,0,0,0,0,0,0,0,1,0
72822387,Motor Vehicle,DAC,20221028,2343,N,Y,0.37,0,0,1,1,N,N,Y,37.6131,-84.76852,9,2,6,1,1,2,6,N,2345,2349,N,2022,O,0,0,0,0,0,0,0,0,1,1,0,0
72822652,Motor Vehicle,DAC,20221029,2005,N,Y,0.843,2,0,1,1,N,N,Y,37.61711,-84.78971,9,4,6,1,1,2,6,Y,2007,2007,N,2022,C,0,0,0,0,0,0,1,0,1,0,0,0
72823356,Motor Vehicle,Non DAC,20221031,1958,N,Y,0.411,1,0,2,2,N,N,Y,37.65183,-84.77189,5,2,4,1,1,3,5,Y,1959,2002,N,2022,C,0,0,0,0,0,0,1,0,0,0,0,0
72823475,Motor Vehicle,DAC,20221101,740,N,N,3.315,0,0,2,2,N,N,Y,37.61555,-84.77441,5,2,6,1,1,3,6,N,740,740,N,2022,O,0,0,0,0,0,0,1,1,0,0,0,0
72823488,Motor Vehicle,Non DAC,20221030,1321,N,N,1.798,0,0,2,2,N,N,Y,37.62892,-84.7976,5,4,6,1,1,2,2,Y,1323,1329,N,2022,O,0,0,0,1,0,0,1,0,0,0,0,0
72823591,Motor Vehicle,Non DAC,20221027,1651,N,Y,8.211,0,0,3,3,N,N,Y,37.67725,-84.7909,4,4,6,1,1,2,2,N,1638,1649,Y,2022,O,0,0,0,0,0,0,0,1,0,0,0,0
72823777,Motor Vehicle,DAC,20221031,1717,N,N,0.271,0,0,1,1,Y,N,Y,37.63944,-84.77948,9,0,3,1,5,2,2,N,1717,1800,N,2022,O,0,0,0,0,0,0,0,0,0,0,1,0
72824169,Motor Vehicle,DAC,20221102,1712,N,Y,0.237,0,0,2,2,N,N,Y,37.61721,-84.78174,5,9,6,1,1,2,2,N,1712,1716,N,2022,O,0,0,0,0,0,0,1,0,0,0,0,0
72824842,Motor Vehicle,DAC,20221104,745,N,Y,3.254,0,0,2,2,N,N,Y,37.61467,-84.77447,5,1,6,1,1,2,1,N,804,804,N,2022,O,0,0,0,0,0,0,1,1,0,0,0,0
72824877,Motor Vehicle,Non DAC,20221104,740,N,Y,3.756,0,0,2,2,N,N,Y,37.65559,-84.79914,5,4,6,1,1,2,2,N,740,749,N,2022,O,0,0,1,0,0,0,1,0,0,0,0,0
72825158,Motor Vehicle,Non DAC,20221104,1715,N,Y,0.767,0,0,2,2,N,N,Y,37.65458,-84.80272,2,4,6,1,1,2,2,N,1717,1719,N,2022,O,0,0,0,0,0,0,1,1,0,0,0,0
72825159,Motor Vehicle,Non DAC,20221104,1901,N,Y,3.191,0,0,2,2,N,N,Y,37.64849,-84.80296,5,6,6,1,1,2,6,N,1901,1908,N,2022,O,0,0,0,0,0,0,1,0,0,0,0,0
72825511,Motor Vehicle,DAC,20221104,1549,N,Y,4.297,0,0,2,2,N,N,Y,37.62963,-84.77481,1,2,6,1,1,2,2,N,1550,1555,N,2022,O,0,0,0,0,0,0,0,1,0,0,0,0
72825739,Motor Vehicle,Non DAC,20221106,1345,N,Y,4.606,0,0,1,1,N,N,Y,37.66584,-84.79198,9,4,6,1,1,2,2,N,1349,1355,Y,2022,O,0,0,0,0,0,0,0,0,0,0,0,0
72827080,Motorcyclist,DAC,20221109,1140,N,Y,3.375,1,0,2,2,N,N,Y,37.61642,-84.77443,1,2,6,1,1,2,2,Y,1142,1143,N,2022,A,1,0,0,1,0,0,1,0,0,0,0,0
72827152,Motor Vehicle,Non DAC,20221108,1341,N,Y,0.281,0,0,2,2,N,N,Y,37.64787,-84.8051,7,2,6,1,1,2,2,N,1343,1349,N,2022,O,0,0,0,1,0,0,0,0,0,0,0,0
72827650,Motor Vehicle,DAC,20221109,1237,N,N,0.088,0,0,3,3,N,N,Y,37.61748,-84.77605,5,4,6,1,1,2,2,N,1237,1246,N,2022,O,0,0,0,1,0,0,1,0,0,0,0,0
72828237,Motor Vehicle,DAC,20221111,1401,N,Y,3.515,2,0,3,3,N,N,Y,37.6185,-84.77454,1,6,6,1,5,6,2,Y,1401,1401,N,2022,C,0,0,1,1,0,0,1,1,0,0,0,0
72828333,Motor Vehicle,DAC,20221111,1711,N,Y,0.637,4,0,3,3,N,N,Y,37.61969,-84.76322,4,4,6,1,5,3,2,Y,1714,1717,N,2022,B,0,0,0,0,0,0,1,1,0,0,0,0
72828483,Motor Vehicle,DAC,20221111,715,N,Y,5.978,0,0,2,2,N,N,Y,37.64635,-84.78232,1,2,6,1,5,6,3,N,717,719,N,2022,O,0,0,0,0,0,0,0,0,0,0,0,0
72828689,Motor Vehicle,DAC,20221112,1149,N,Y,5.204,0,0,2,2,N,Y,Y,37.64275,-84.77274,8,2,4,1,1,3,2,N,1149,1153,N,2022,O,0,0,0,1,0,0,1,0,0,0,0,0
72828828,Motor Vehicle,Non DAC,20221112,2113,N,Y,8.213,2,0,1,1,N,N,Y,37.6772,-84.79108,9,2,4,1,5,3,6,Y,2114,2121,N,2022,B,0,0,0,0,0,0,0,0,0,0,0,0
72828968,Motor Vehicle,Non DAC,20221113,716,N,N,0.038,2,0,1,1,N,N,Y,37.63262,-84.75112,9,2,1,1,1,2,2,Y,717,720,N,2022,A,0,0,1,0,0,0,0,0,0,1,1,0
72828992,Motor Vehicle,DAC,20221112,1326,N,Y,0.746,0,0,2,2,N,N,Y,37.64906,-84.77374,4,2,6,1,1,3,2,N,1326,1328,N,2022,O,0,0,0,0,0,0,0,1,0,0,0,0
72829385,Motor Vehicle,DAC,20221114,938,N,Y,5.169,1,0,2,2,N,Y,Y,37.64254,-84.77436,8,2,4,1,1,3,2,Y,938,938,N,2022,C,0,0,0,0,0,0,0,0,0,0,0,0
72829389,Motor Vehicle,Non DAC,20221110,1843,N,N,11.088,0,0,1,1,N,N,Y,37.62149,-84.81657,9,2,6,1,1,2,4,N,1843,1854,N,2022,O,0,0,0,0,0,0,0,0,0,0,0,0
72829390,Motor Vehicle,DAC,20221114,1501,N,N,4.084,0,0,2,2,N,Y,Y,37.62657,-84.77473,5,4,6,1,1,2,2,N,1501,1509,N,2022,O,0,0,0,0,0,0,1,0,0,0,0,0
72829789,Motor Vehicle,DAC,20221114,1809,N,Y,1.093,0,0,1,1,N,N,Y,37.62072,-84.75495,9,4,6,1,1,2,4,N,1820,1820,N,2022,O,0,0,1,0,0,0,0,0,0,0,0,0
72830127,Motor Vehicle,DAC,20221115,2033,N,Y,0.025,1,0,2,2,N,N,Y,37.61739,-84.7746,1,7,6,1,5,6,5,Y,2036,2040,N,2022,C,0,0,1,0,0,0,0,1,1,0,0,0
72830132,Motor Vehicle,Non DAC,20221115,1515,N,N,18.704,0,0,2,2,N,N,Y,37.62117,-84.79463,5,2,6,1,5,6,2,N,1515,1524,N,2022,O,0,0,0,0,0,0,1,0,0,0,0,0
72830315,Motor Vehicle,DAC,20221116,820,N,Y,13.892,1,0,2,2,N,N,Y,37.64848,-84.76425,7,2,3,1,5,3,2,N,822,826,N,2022,C,0,0,0,0,0,0,1,0,0,0,0,0
72830336,Motor Vehicle,Non DAC,20221109,704,N,Y,1.761,0,0,1,1,N,N,Y,37.62838,-84.79757,9,2,6,1,1,2,2,N,707,713,N,2022,O,0,0,0,0,0,0,0,0,0,0,0,0
72830338,Motor Vehicle,DAC,20221116,751,N,Y,5.194,0,0,2,2,N,N,Y,37.64293,-84.77434,1,2,6,1,1,2,2,N,752,754,N,2022,O,0,0,0,0,0,0,1,0,0,0,0,0
72830542,Motor Vehicle,DAC,20221116,1933,N,Y,5.329,0,0,2,2,N,N,Y,37.64481,-84.7741,1,4,4,1,1,2,5,N,1933,1935,N,2022,O,0,0,1,0,0,0,0,1,0,0,0,0
72830831,Motor Vehicle,DAC,20221117,748,N,N,4.358,2,0,1,1,N,N,Y,37.63053,-84.77488,9,2,6,1,5,3,2,N,750,754,N,2022,C,0,0,0,0,0,0,0,0,0,0,1,0
72831264,Motor Vehicle,Non DAC,20221116,746,N,Y,3.748,0,0,2,2,N,N,Y,37.65552,-84.79924,2,4,6,1,1,2,2,N,748,759,N,2022,O,0,0,0,0,0,0,0,0,0,0,0,0
72831276,Motor Vehicle,DAC,20221118,1349,N,N,5.317,0,0,2,2,N,N,Y,37.64511,-84.77407,8,2,6,1,1,2,2,N,1351,1353,N,2022,O,0,0,0,0,0,0,1,1,0,0,1,0
72832438,Motor Vehicle,DAC,20221121,1218,N,N,0.636,0,0,1,1,N,N,Y,37.63207,-84.76161,9,2,1,1,1,2,2,N,1218,1231,N,2022,O,0,0,0,0,0,0,0,0,0,0,1,0
72832845,Motor Vehicle,DAC,20221122,1113,N,Y,5.251,0,0,2,2,N,Y,Y,37.6437,-84.77427,8,2,4,1,1,2,2,N,1113,1119,N,2022,O,0,0,0,1,0,0,0,0,0,0,0,0
72832873,Motor Vehicle,Non DAC,20221122,1307,N,Y,1.8,0,0,2,2,N,N,Y,37.62895,-84.79761,5,4,6,1,1,2,2,N,1307,1312,N,2022,O,0,0,0,0,0,0,1,0,0,0,0,0
72833029,Motor Vehicle,DAC,20221122,1435,N,Y,5.201,0,0,2,2,N,N,Y,37.64271,-84.77277,8,2,6,1,1,2,2,N,1435,1446,N,2022,O,0,1,0,0,0,0,0,0,0,0,0,0
72833476,Motor Vehicle,Non DAC,20221123,1826,N,Y,15.46,0,0,2,2,N,N,Y,37.66339,-84.74292,5,2,3,1,1,2,6,N,1828,1834,N,2022,O,0,0,0,0,0,0,0,0,0,0,0,0
72833477,Motor Vehicle,DAC,20221123,1542,N,Y,15.101,3,0,2,2,N,N,Y,37.63222,-84.75161,3,4,6,1,1,2,2,Y,1544,1545,N,2022,C,0,0,0,0,0,0,1,1,0,0,0,0
72833638,Motor Vehicle,DAC,20221123,918,N,N,14.04,0,0,2,2,N,N,Y,37.64293,-84.76478,5,2,6,1,1,2,2,N,918,940,N,2022,O,0,0,1,1,0,0,1,1,0,0,0,0
72833639,Motor Vehicle,Non DAC,20221123,1554,N,N,13.925,0,0,2,2,N,N,Y,37.64877,-84.76356,5,2,6,1,1,2,2,N,1555,1601,N,2022,O,0,0,0,0,0,0,1,0,0,0,0,0
72833739,Motor Vehicle,Non DAC,20221124,2126,N,N,0.154,0,0,2,2,N,N,Y,37.65199,-84.7747,2,2,6,1,1,2,7,N,2126,2133,N,2022,O,0,0,0,0,0,0,1,0,0,1,0,0
72834141,Motor Vehicle,DAC,20221125,1440,N,Y,0.063,0,0,2,2,N,N,Y,37.61479,-84.77332,1,2,6,1,1,2,2,N,1443,1144,N,2022,O,0,0,0,1,0,0,1,1,0,0,0,0
72834286,Motor Vehicle,DAC,20221125,2017,N,N,4.719,0,0,2,2,N,Y,Y,37.6359,-84.77501,8,2,6,1,1,2,5,N,2017,2021,N,2022,O,0,0,0,0,0,0,1,0,0,0,1,0
72834453,Motor Vehicle,DAC,20221121,1700,N,Y,3.518,0,0,2,2,N,N,Y,37.61846,-84.77459,1,2,6,1,1,2,2,N,1701,1704,N,2022,O,0,0,0,0,0,0,0,0,0,0,0,0
72834721,Motor Vehicle,Non DAC,20221128,600,N,Y,1.808,0,0,2,2,N,N,Y,37.62906,-84.79766,5,6,6,1,1,3,5,N,601,605,N,2022,O,0,0,0,0,0,0,1,1,0,0,0,0
72835214,Motor Vehicle,DAC,20221128,1518,N,Y,5.198,0,0,2,2,N,Y,Y,37.6429,-84.77433,8,2,4,1,1,3,2,N,1518,1522,N,2022,O,0,0,0,1,0,0,0,0,0,0,0,0
72835411,Motor Vehicle,DAC,20221128,1544,N,Y,5.515,1,0,2,2,N,N,Y,37.64593,-84.77417,5,2,6,1,1,2,2,Y,1550,1550,N,2022,C,0,0,0,1,0,0,0,0,0,0,0,0
72835507,Motor Vehicle,DAC,20221129,1725,N,N,0.166,0,0,2,2,N,N,Y,37.61715,-84.77755,5,4,6,1,1,2,3,N,1725,1735,N,2022,O,0,0,0,0,0,0,0,1,0,0,0,0
72835715,Motor Vehicle,Non DAC,20221130,816,N,N,18.599,0,0,2,2,N,N,Y,37.61993,-84.79601,8,2,6,1,5,2,2,N,816,828,N,2022,O,0,0,0,0,0,0,1,1,0,0,1,0
72835853,Motor Vehicle,Non DAC,20221130,1153,N,N,1.24,0,0,2,2,N,Y,Y,37.62135,-84.79442,5,2,6,1,1,2,2,N,1155,1200,N,2022,O,0,1,0,1,0,0,0,1,0,0,0,0
72836035,Motor Vehicle,DAC,20221130,1747,N,N,3.43,0,0,2,2,N,N,Y,37.61726,-84.77441,5,7,6,1,1,2,6,N,1749,1753,N,2022,O,0,0,1,0,0,0,1,0,0,0,0,0
72836425,Motor Vehicle,Non DAC,20221201,1522,N,N,1.659,0,0,2,2,N,N,Y,37.62719,-84.79672,5,4,6,1,1,2,2,N,1524,1533,N,2022,O,0,0,0,1,0,0,1,0,0,0,0,0
72836444,Motor Vehicle,DAC,20221129,1855,N,N,5.026,0,0,2,2,N,N,Y,37.64043,-84.77458,1,2,4,1,1,2,5,N,1855,1857,N,2022,O,0,0,0,0,0,0,1,0,0,0,0,0
72836540,Motor Vehicle,DAC,20221201,2219,N,Y,0.002,0,0,2,2,N,N,Y,37.6178,-84.77133,5,2,1,1,1,2,5,N,2219,2229,N,2022,O,0,0,0,0,0,0,0,0,0,0,0,0
72836763,Motor Vehicle,DAC,20221118,913,N,Y,0.13,0,0,1,1,Y,N,Y,37.62165,-84.77136,9,0,6,1,1,2,2,N,916,924,N,2022,O,0,0,1,0,0,0,1,0,0,0,0,0
72836914,Motor Vehicle,DAC,20221202,1402,N,Y,0.401,3,0,2,2,N,N,Y,37.61696,-84.78175,1,4,6,1,1,3,2,Y,1403,1405,N,2022,A,0,0,0,1,0,0,1,1,0,0,0,0
72837504,Motor Vehicle,Non DAC,20221129,1634,N,Y,12.017,0,0,2,2,N,N,Y,37.62791,-84.80171,1,2,6,1,5,3,2,N,1635,1644,N,2022,O,0,0,0,0,0,0,1,1,0,0,0,0
72837810,Motor Vehicle,DAC,20221202,1435,N,N,0.389,0,0,2,2,N,N,Y,37.62665,-84.75231,5,2,6,1,1,2,2,N,1436,1437,N,2022,O,0,0,0,0,0,0,1,0,0,0,0,0
72837818,Motor Vehicle,Non DAC,20221201,1425,N,N,0.149,0,0,2,2,N,N,Y,37.63862,-84.79405,2,2,4,1,1,2,2,N,1425,1430,N,2022,O,0,0,0,0,0,0,0,1,0,0,0,0
72838130,Motor Vehicle,DAC,20221126,2302,N,N,0.172,0,0,2,2,Y,N,Y,37.64638,-84.77077,8,2,6,1,5,6,5,N,2302,2307,N,2022,O,0,0,0,0,0,0,0,0,0,0,0,0
72838261,Motor Vehicle,DAC,20221206,802,N,Y,0.744,0,0,2,2,N,N,Y,37.64906,-84.77377,1,2,6,1,5,3,2,N,800,804,N,2022,O,0,0,0,0,0,0,1,1,0,0,0,0
72838264,Motor Vehicle,DAC,20221206,916,N,N,0.02,0,0,3,3,N,N,Y,37.64611,-84.77235,8,2,6,1,5,6,2,N,916,920,N,2022,O,0,0,0,0,0,0,1,0,0,0,0,0
72838455,Motor Vehicle,DAC,20221206,1251,N,Y,13.63,0,0,2,2,N,N,Y,37.64548,-84.7666,5,2,4,1,5,3,2,N,1251,1257,N,2022,O,0,0,0,1,0,0,0,0,0,0,0,0
72838730,Motor Vehicle,DAC,20221206,627,N,N,0.138,0,0,6,6,N,N,Y,37.61791,-84.77207,5,2,6,1,5,3,5,N,627,632,N,2022,O,0,0,0,1,0,0,1,1,0,0,0,0
72838888,Motor Vehicle,DAC,20221207,1221,N,Y,5.522,0,0,2,2,N,N,Y,37.64592,-84.77401,5,2,6,1,5,3,2,N,1221,1225,N,2022,O,0,0,1,0,0,0,1,0,0,0,0,0
72839137,Motor Vehicle,Non DAC,20221113,1854,N,N,0.43,0,0,2,2,N,N,Y,37.65216,-84.77395,2,2,6,1,1,2,5,N,1855,1857,N,2022,O,0,0,0,0,0,0,1,0,0,0,0,0
72839138,Motor Vehicle,DAC,20221205,1645,N,N,0.098,0,0,2,2,N,N,Y,37.61727,-84.77646,5,2,6,1,5,3,2,N,1654,1654,N,2022,O,0,0,0,0,0,0,0,1,0,0,0,0
72839602,Motor Vehicle,DAC,20221208,1529,N,N,13.385,0,0,2,2,N,N,Y,37.64602,-84.78452,5,2,6,1,5,6,2,N,1530,1531,N,2022,O,0,0,0,0,0,0,1,0,0,0,0,0
72840141,Motor Vehicle,DAC,20221209,1708,N,Y,0.144,0,0,1,1,N,N,Y,37.62842,-84.77182,9,2,6,1,5,3,3,N,1708,1717,N,2022,O,0,0,0,1,0,0,0,0,0,0,0,0
72840142,Motor Vehicle,DAC,20221209,1905,N,Y,0.41,0,0,2,2,Y,N,Y,37.61695,-84.78156,5,4,6,1,5,3,5,N,1905,1918,N,2022,O,0,0,0,0,0,0,0,0,0,0,0,0
72840183,Motor Vehicle,Non DAC,20221209,2229,N,Y,4.166,0,0,2,2,N,N,Y,37.65956,-84.7936,8,4,6,1,5,3,6,N,2229,2238,N,2022,O,0,0,1,1,0,0,0,0,0,0,0,0
72840308,Motor Vehicle,Non DAC,20221209,1325,N,Y,2.933,1,0,2,2,N,N,Y,37.64474,-84.80295,1,2,6,1,1,3,2,Y,1326,1329,N,2022,C,0,0,0,1,0,0,1,1,0,0,0,0
72840865,Motor Vehicle,Non DAC,20221211,2127,N,Y,8.21,0,0,1,1,N,N,Y,37.67728,-84.79086,9,2,1,1,1,3,6,N,2130,2135,N,2022,O,0,0,0,0,0,0,0,0,1,0,0,0
72840961,Motor Vehicle,DAC,20221212,835,N,Y,5.33,0,0,1,1,N,N,Y,37.64483,-84.77413,9,2,6,1,1,2,2,N,847,849,N,2022,O,0,1,0,0,0,0,1,0,0,0,0,0
72841036,Motor Vehicle,DAC,20221212,1230,N,N,0.083,0,0,2,2,N,N,Y,37.64713,-84.77392,8,2,6,1,1,2,2,N,1231,1237,N,2022,O,0,0,0,1,0,0,1,0,0,0,0,0
72841047,Motor Vehicle,DAC,20221208,1405,N,Y,1.196,0,0,3,3,N,N,Y,37.62091,-84.75304,1,2,6,1,5,6,2,N,1406,1412,N,2022,O,0,0,0,0,0,0,0,0,0,0,0,0
72841048,Motor Vehicle,Non DAC,20221208,1703,N,N,0.723,0,0,1,1,N,N,Y,37.58453,-84.77292,9,2,3,1,5,3,2,N,1705,1717,N,2022,O,0,0,1,0,0,0,0,0,0,0,1,0
72841079,Motor Vehicle,DAC,20221208,1531,N,N,4.464,0,0,2,2,N,N,Y,37.63205,-84.77492,5,2,6,1,5,6,2,N,1531,1537,N,2022,O,0,0,0,0,0,0,1,0,0,0,0,0
72841091,Motor Vehicle,DAC,20221212,1515,N,N,5.379,0,0,1,1,N,N,Y,37.64568,-84.77406,9,2,6,1,1,2,2,N,1515,1519,N,2022,O,0,0,0,1,0,0,0,0,0,0,1,0
72841125,Motor Vehicle,DAC,20221212,1409,N,Y,0.177,0,0,2,2,N,N,Y,37.61799,-84.7714,1,5,6,1,1,2,2,N,1409,1418,N,2022,O,0,0,0,1,0,0,1,0,0,0,0,0
72841281,Motor Vehicle,DAC,20221212,1912,N,N,3.651,0,0,2,2,N,N,Y,37.6204,-84.77458,3,4,6,1,1,2,5,N,1912,1918,N,2022,O,0,0,1,1,0,0,1,0,0,0,1,0
72841431,Motor Vehicle,DAC,20221213,825,N,N,4.208,0,0,4,4,N,N,Y,37.62835,-84.77477,5,2,6,1,1,2,2,N,826,830,N,2022,O,0,1,0,0,0,0,1,0,0,0,0,0
72841568,Motor Vehicle,DAC,20221213,1124,N,Y,14.031,1,0,2,2,N,N,Y,37.64303,-84.76488,1,2,6,1,1,2,2,Y,1126,1129,N,2022,B,0,1,0,1,0,0,1,1,0,0,0,0
72841569,Motor Vehicle,DAC,20221212,1217,N,N,3.741,0,0,2,2,N,N,Y,37.62166,-84.77462,1,2,6,1,1,2,2,N,1218,1224,N,2022,O,0,0,0,1,0,0,1,1,0,0,0,0
72841705,Motor Vehicle,Non DAC,20221213,2008,N,N,1.019,0,0,1,1,N,N,Y,37.66019,-84.76885,9,2,3,1,1,2,6,N,2009,2016,N,2022,O,0,0,0,0,0,0,0,0,0,0,1,0
72841756,Motor Vehicle,Non DAC,20221211,2150,N,Y,15.532,1,0,2,2,N,N,Y,37.66439,-84.74297,1,10,6,1,1,2,7,Y,2050,2050,N,2022,C,0,0,1,0,0,0,0,1,0,0,0,0
72841879,Motor Vehicle,Non DAC,20221213,1022,N,N,11.722,0,1,1,1,N,N,Y,37.62671,-84.807,9,2,6,1,1,3,2,Y,1022,1028,N,2022,K,0,0,1,0,0,0,0,0,0,0,1,0
72841994,Motor Vehicle,DAC,20221209,958,N,N,14.425,0,0,2,2,N,N,Y,37.63856,-84.76043,5,2,4,1,5,2,2,N,1000,1000,N,2022,O,0,0,0,0,0,0,1,0,0,0,0,0
72841995,Motor Vehicle,DAC,20221214,928,N,N,0.457,0,0,2,2,N,N,Y,37.61695,-84.78576,1,2,6,1,5,3,2,N,930,936,N,2022,O,0,0,0,1,0,0,1,1,0,0,0,0
72841996,Motor Vehicle,DAC,20221214,1039,N,N,0.235,0,0,2,2,N,N,Y,37.61722,-84.78171,1,2,6,1,5,3,2,N,1040,1050,N,2022,O,0,0,0,0,0,0,1,1,0,0,0,0
72842026,Motor Vehicle,DAC,20221214,1216,N,N,4.777,0,0,2,2,Y,Y,Y,37.63641,-84.77404,1,2,6,1,5,3,2,N,1218,1222,N,2022,O,0,0,0,0,0,0,1,0,0,0,0,0
72842268,Motor Vehicle,Non DAC,20221212,1600,N,N,15.379,1,0,2,2,N,N,Y,37.62944,-84.74786,8,2,6,1,1,2,2,Y,1600,1600,N,2022,B,0,0,0,0,0,0,1,1,0,0,1,0
72842338,Motor Vehicle,DAC,20221205,1747,N,N,4.184,0,0,2,2,Y,N,Y,37.628,-84.77476,8,2,6,1,1,2,5,N,1747,1754,N,2022,O,0,0,0,0,0,0,0,0,0,0,1,0
72842453,Motor Vehicle,Non DAC,20221215,727,N,Y,0.194,0,0,2,2,N,N,Y,37.65224,-84.77886,1,2,6,1,1,2,1,N,727,733,N,2022,O,0,0,0,0,0,0,1,0,0,0,0,0
72842470,Motor Vehicle,DAC,20221215,744,N,Y,1.196,0,0,2,2,N,N,Y,37.62073,-84.75308,1,2,6,1,5,2,2,N,746,758,N,2022,O,0,0,0,0,0,0,1,1,0,0,0,0
72842598,Motor Vehicle,Non DAC,20221213,1515,N,Y,0.002,0,0,2,2,N,N,Y,37.65581,-84.77362,4,1,4,1,1,3,2,N,1517,1521,N,2022,O,0,0,1,0,0,0,0,0,0,0,0,0
72843471,Motor Vehicle,Non DAC,20221201,1316,N,N,15.432,0,0,2,2,N,N,Y,37.66299,-84.74306,8,2,3,1,1,2,2,N,1316,1316,N,2022,O,0,0,0,1,0,0,1,1,0,0,1,0
72843472,Motor Vehicle,DAC,20221206,1505,N,N,5.12,2,0,2,2,N,Y,Y,37.64203,-84.7744,5,2,4,1,5,3,2,N,1506,1507,N,2022,B,0,0,1,0,0,0,1,1,0,0,0,0