MasterFile,Mode,Disadvantaged_Com_ID,CollisionDate,CollisionTime,ParkingLotIndicator,IntersectionWith_Indicator_,Milepoint,NumberInjured,NumberKilled,ofUnits,ofMotorVeh,Hit_RunIndicator,OneWayIndicator,InCityLimitsIndicator,Latitude,Longitude,MannerofCollisionCode,TotalLanes,RoadwayCharacterCode,RoadwaySurfaceCode,RoadwayConditionCode,WeatherCode,LightConditionCode,FirstAidSceneIndicator,TimeNotified,TimeArrived,MedianCros,YR,KABCO,Motorcyclist,Commercial Vehicle,Young Driver,Mature Driver,Pedestrian,Bicyclist,Distracted,Aggressive,Impaired,Unrestrained,Roadway Departure,Median Cross-over
72873031,,,20230307,1736,N,Y,8.086,0,0,2,,N,N,Y,37.67519,-84.79078,5,2,6,1,1,2,2,N,1738,1742,,2023,O,0,0,0,0,0,0,1,0,0,,,
72873652,,,20230309,1508,N,Y,0.396,0,0,2,,N,N,Y,37.62653,-84.7523,1,2,6,1,1,2,2,N,1508,1520,,2023,O,0,0,0,0,0,0,1,1,0,,,
72873908,,,20230309,1212,N,N,3.665,0,0,2,,N,N,Y,37.62057,-84.77458,1,2,6,1,1,2,2,N,1213,1216,,2023,O,0,0,0,0,0,0,1,1,0,,,
72874083,,,20230310,1508,N,N,0.303,0,0,2,,N,N,Y,37.64494,-84.77647,1,2,4,1,1,3,2,N,1509,1512,,2023,O,0,0,0,0,0,0,0,1,0,,,
72874177,,,20230309,1045,N,Y,3.358,0,0,2,,N,N,Y,37.65091,-84.80328,8,2,6,1,1,2,2,N,1045,1047,,2023,O,0,1,0,0,0,0,1,0,0,,,
72874178,,,20230306,1417,N,Y,5.52,0,0,2,,N,N,Y,37.64592,-84.7741,8,2,6,1,1,2,2,N,1417,1417,,2023,O,0,0,0,0,0,0,1,0,0,,,
72874208,,,20230310,1652,N,N,0.127,0,0,2,,N,N,Y,37.64253,-84.7825,2,2,6,1,1,3,2,N,1652,1656,,2023,O,0,0,1,0,0,0,1,0,0,,,
72874229,,,20230311,933,N,Y,3.744,0,0,2,,N,N,Y,37.65552,-84.79925,5,4,6,1,1,2,2,N,933,946,,2023,O,0,0,0,0,0,0,0,0,0,,,
72874509,,,20230312,1230,N,Y,0.195,0,0,1,,N,N,Y,37.65225,-84.77888,9,2,6,1,5,6,2,N,1233,1235,,2023,O,0,0,0,1,0,0,0,0,0,,,
72874597,,,20230312,120,N,N,3.587,0,0,1,,Y,N,Y,37.61946,-84.77424,9,4,6,1,5,6,5,N,120,125,,2023,O,0,0,0,0,0,0,1,0,0,,,
72874625,,,20230312,555,N,N,1.289,0,0,2,,N,N,Y,37.62209,-84.79444,1,4,6,1,5,6,5,N,558,603,,2023,O,0,0,1,0,0,0,0,0,0,,,
72875122,,,20230314,723,N,Y,0.001,0,0,2,,N,N,Y,37.64863,-84.76385,7,2,5,1,1,9,1,N,726,732,,2023,O,0,0,0,1,0,0,1,0,0,,,
72875256,,,20230314,1346,N,Y,1.197,0,0,2,,N,N,Y,37.62073,-84.75307,8,2,6,1,1,2,2,N,1346,1347,,2023,O,0,1,0,1,0,0,1,1,0,,,
72875518,,,20230315,806,N,N,5.832,0,0,2,,N,N,Y,37.64634,-84.77966,5,2,4,1,1,2,2,N,807,816,,2023,O,0,0,0,0,0,0,1,0,0,,,
72875856,,,20230314,1426,N,Y,4.21,0,0,3,,N,N,Y,37.62846,-84.77477,5,4,6,1,1,2,2,N,1426,1429,,2023,O,0,0,0,1,0,0,1,1,0,,,
72875857,,,20230315,1443,N,N,0.177,0,0,2,,N,N,Y,37.64698,-84.78059,1,2,6,1,1,2,2,N,1443,1449,,2023,O,0,0,0,1,0,0,1,0,0,,,
72876401,,,20230317,1250,N,N,0.12,0,0,2,,N,N,Y,37.64473,-84.77314,1,2,6,1,5,3,2,N,1252,1253,,2023,O,0,0,0,1,0,0,1,0,0,,,
72876616,,,20230317,2117,N,Y,3.255,0,0,2,,N,N,Y,37.61468,-84.77448,5,2,6,1,1,3,6,N,2121,2127,,2023,O,0,0,1,0,0,0,1,0,0,,,
72876999,,,20230313,1224,N,Y,0.239,0,0,2,,N,N,Y,37.61722,-84.78178,1,2,6,1,1,2,2,N,1228,1237,,2023,O,0,0,1,1,0,0,1,0,0,,,
72877079,,,20230223,1607,N,Y,4.208,0,0,2,,Y,N,Y,37.62838,-84.77486,4,2,6,1,1,2,2,N,1610,1612,,2023,O,0,0,0,0,0,0,0,1,0,,,
72877394,,,20230320,1305,N,Y,5.196,0,0,2,,N,Y,Y,37.64289,-84.77433,1,2,6,1,1,2,2,N,1305,1307,,2023,O,0,1,0,1,0,0,1,1,0,,,
72877659,,,20230320,1013,N,Y,1.652,0,0,2,,N,N,Y,37.6688,-84.76725,1,2,3,1,1,2,2,N,1013,1020,,2023,O,0,0,0,0,0,0,0,1,0,,,
72877746,,,20230320,1529,N,N,14.561,1,0,3,,N,N,Y,37.65432,-84.7545,5,2,6,1,1,2,2,Y,1529,1534,,2023,C,0,0,0,1,0,0,0,1,0,,,
72877950,,,20230321,2104,N,Y,3.438,0,0,2,,Y,N,Y,37.61739,-84.77446,8,2,6,1,1,2,5,N,2104,2108,,2023,O,0,0,0,0,0,0,0,0,1,,,
72878492,,,20230323,1445,N,N,0.02,0,0,2,,N,N,Y,37.64925,-84.78049,3,1,6,1,1,3,2,N,1446,1451,,2023,O,0,0,0,0,0,0,1,0,0,,,
72878501,,,20230314,1259,N,Y,1.186,0,0,2,,N,N,Y,37.62071,-84.75327,5,4,6,1,1,2,2,N,1259,1259,,2023,O,0,0,0,0,0,0,1,0,0,,,
72878527,,,20230323,1407,N,Y,1.791,0,0,2,,N,N,Y,37.62874,-84.79776,5,2,6,1,1,3,2,N,1407,1407,,2023,O,0,0,0,1,0,0,1,1,0,,,
72878713,,,20230324,518,N,N,0.992,0,0,1,,N,N,Y,37.62055,-84.75683,9,4,6,1,5,6,6,N,527,527,,2023,O,0,0,0,0,0,0,0,0,0,,,
72879163,,,20230324,1522,N,N,4.711,2,0,2,,N,Y,Y,37.63615,-84.77496,1,2,6,1,5,6,2,Y,1522,1525,,2023,B,0,1,0,0,0,0,1,0,0,,,
72879312,,,20230325,1132,N,Y,0.169,0,0,2,,N,N,Y,37.61736,-84.77754,1,2,6,1,1,2,2,N,1135,1137,,2023,O,0,0,0,0,0,0,0,1,0,,,
72879642,,,20230321,1553,N,Y,1.787,0,0,2,,Y,N,Y,37.62907,-84.79794,8,,,1,1,2,2,N,1550,1550,,2023,O,0,0,0,0,0,0,0,0,0,,,
72879683,,,20230326,1612,N,N,0.159,0,0,2,,N,N,Y,37.61671,-84.77159,2,2,5,1,1,2,2,N,1612,1620,,2023,O,0,0,0,1,0,0,1,0,0,,,
72879712,,,20230326,1757,N,Y,0.237,0,0,2,,N,N,Y,37.61723,-84.78175,8,9,6,1,1,2,2,N,1757,1803,,2023,O,0,0,0,0,0,0,0,1,0,,,
72880382,,,20230327,1509,N,Y,4.415,2,0,2,,N,N,Y,37.63135,-84.77489,1,4,6,1,1,2,2,Y,1514,1514,,2023,B,0,0,0,0,0,0,0,1,0,,,
72880438,,,20230328,1225,N,Y,15.531,0,0,2,,N,N,Y,37.6644,-84.74298,5,2,1,1,1,3,2,N,1225,1238,,2023,O,0,0,0,1,0,0,1,0,0,,,
72880456,,,20230327,1805,N,Y,15.1,2,0,2,,N,N,Y,37.63222,-84.75163,1,2,6,1,1,2,2,Y,1806,1809,,2023,B,0,0,0,1,0,0,1,1,0,,,
72881300,,,20230327,759,N,Y,12.346,0,0,3,,N,N,Y,37.64857,-84.80259,5,2,6,1,1,2,2,N,802,804,,2023,O,0,0,0,1,0,0,1,0,0,,,
72881410,,,20230329,2019,N,Y,5.533,2,0,3,,N,N,Y,37.64593,-84.7742,5,2,6,1,1,2,5,Y,2020,2022,,2023,B,0,0,0,0,0,0,0,0,0,,,
72881579,,,20230330,1527,N,Y,0.077,1,0,2,,N,N,Y,37.64887,-84.77049,5,2,6,1,1,2,2,Y,1528,1531,,2023,B,1,0,0,0,0,0,1,0,0,,,
72881637,,,20230331,1147,N,Y,3.212,0,0,3,,N,N,Y,37.64854,-84.80326,8,2,6,1,5,6,2,N,1148,1155,,2023,O,0,0,0,0,0,0,1,1,0,,,
72881742,,,20230331,1142,N,Y,1.232,0,0,2,,N,N,Y,37.62131,-84.79416,5,3,6,1,5,6,2,N,1144,1151,,2023,O,0,0,0,1,0,0,1,1,0,,,
72881771,,,20230331,1539,N,N,13.907,1,0,2,,N,N,Y,37.64424,-84.76647,5,2,4,1,5,6,2,N,1540,1546,,2023,C,0,0,0,0,0,0,1,1,0,,,
72882222,,,20230331,1804,N,N,0.179,0,0,2,,N,N,Y,37.6178,-84.7714,5,4,6,1,1,2,2,N,1804,1811,,2023,O,0,0,1,0,0,0,1,0,0,,,
72882603,,,20230329,818,N,Y,2.278,0,0,2,,N,N,Y,37.67717,-84.76448,1,2,6,1,1,2,2,N,819,826,,2023,O,0,0,0,0,0,0,0,1,0,,,
72882611,,,20230330,1357,N,N,1.282,0,0,1,,N,N,Y,37.62187,-84.79473,9,2,6,1,1,2,2,Y,1358,1408,,2023,O,0,0,0,0,0,0,1,0,0,,,
72882621,,,20230401,1329,N,N,0.108,0,0,3,,N,N,Y,37.61745,-84.77642,5,2,6,2,1,2,2,N,1330,1345,,2023,O,0,0,0,0,0,0,1,1,0,,,
72882741,,,20230403,1117,N,Y,13.617,0,0,2,,N,N,Y,37.64562,-84.78725,5,2,1,1,1,3,2,N,1117,1122,,2023,O,0,0,0,1,0,0,1,0,0,,,
72882751,,,20230331,909,N,Y,4.212,0,0,2,,Y,N,Y,37.62842,-84.77477,5,2,4,1,5,6,2,N,910,921,,2023,O,0,0,0,0,0,0,0,0,0,,,
72882752,,,20230331,1352,N,N,3.513,0,0,2,,N,N,Y,37.61843,-84.77467,1,2,6,1,5,6,2,N,1352,1403,,2023,O,0,0,0,0,0,0,0,1,0,,,
72882753,,,20230401,1324,N,N,0.148,0,0,2,,N,N,Y,37.61721,-84.77721,5,4,6,1,1,2,2,N,1324,1331,,2023,O,0,0,0,0,0,0,1,0,0,,,
72883133,,,20230403,1057,N,Y,15.531,0,0,2,,N,N,Y,37.66451,-84.743,8,4,6,1,1,2,2,N,1058,1104,,2023,O,0,0,0,1,0,0,1,1,0,,,
72883134,,,20230404,1204,N,Y,3.519,0,0,2,,N,N,Y,37.61845,-84.77459,1,2,6,1,1,2,2,Y,1204,1214,,2023,O,0,0,0,0,0,0,1,1,0,,,
72883302,,,20230404,1603,N,Y,15.531,0,0,2,,N,N,Y,37.6644,-84.74298,5,2,6,1,1,2,2,N,1604,1612,,2023,O,0,0,1,0,0,0,0,0,0,,,
72883433,,,20230403,1221,N,N,4.717,0,0,2,,N,N,Y,37.63593,-84.77504,8,2,6,1,1,2,2,N,1221,1227,,2023,O,0,0,0,1,0,0,0,1,0,,,
72883754,,,20230405,1937,N,N,14.047,1,0,2,,N,N,Y,37.64285,-84.76469,1,2,1,1,5,6,2,N,1937,1940,,2023,B,0,0,0,0,0,0,0,0,1,,,
72884063,,,20230405,1953,N,Y,1.431,1,0,2,,N,N,Y,37.62405,-84.79539,1,6,6,1,6,6,7,Y,1953,2001,,2023,C,0,0,0,0,0,0,0,1,0,,,
72884254,,,20230407,1213,N,Y,3.416,0,0,2,,N,N,Y,37.61705,-84.77436,5,2,6,1,1,3,2,N,1215,1222,,2023,O,0,0,0,0,0,0,1,0,0,,,
72884263,,,20230407,1054,N,Y,1.197,3,0,2,,N,N,Y,37.62092,-84.75305,4,4,6,1,1,3,2,Y,1055,1059,,2023,B,0,0,0,0,0,0,0,1,0,,,
72884755,,,20230407,1924,N,N,0.002,0,0,2,,N,N,Y,37.61765,-84.77442,5,4,6,1,1,2,2,N,1924,1928,,2023,O,0,0,0,0,0,0,1,0,0,,,
72884920,,,20230408,1806,N,Y,0.004,0,0,2,,N,N,Y,37.65189,-84.77195,1,2,6,1,1,2,2,N,1807,1811,,2023,O,0,0,0,0,0,0,1,1,0,,,
72884980,,,20230408,1853,N,N,0.066,0,0,2,,N,N,Y,37.64659,-84.76968,8,1,6,1,1,2,2,N,1855,1901,,2023,O,0,0,0,0,0,0,1,0,0,,,
72885003,,,20230409,1713,N,N,5.779,0,0,2,,N,N,Y,37.64624,-84.77873,5,2,6,1,1,2,2,N,1718,1724,,2023,O,0,0,0,0,0,0,1,0,0,,,
72885196,,,20230409,1632,N,Y,0.017,0,0,2,,N,N,Y,37.61721,-84.78178,1,2,6,1,1,2,2,N,1632,1639,,2023,O,0,0,0,0,0,0,1,1,0,,,
72885268,,,20230410,756,N,Y,1.047,0,0,2,,N,N,Y,37.66053,-84.76857,5,2,6,1,1,2,2,N,756,804,,2023,O,0,0,0,0,0,0,1,1,0,,,
72885632,,,20230410,750,N,N,11.812,0,0,2,,N,N,Y,37.64829,-84.81249,8,2,6,1,1,2,2,N,750,805,,2023,O,0,0,0,0,0,0,0,1,0,,,
72886031,,,20230412,1516,N,Y,15.101,0,0,2,,N,N,Y,37.63222,-84.75162,5,2,6,1,1,2,2,N,1518,1522,,2023,O,0,0,1,0,0,0,1,0,0,,,
72886180,,,20230412,2029,N,Y,0.202,0,0,2,,N,N,Y,37.6453,-84.76293,1,4,6,1,1,2,6,N,2030,2032,,2023,O,0,0,0,1,0,0,1,1,0,,,
72886252,,,20230413,735,N,Y,0.192,0,0,2,,N,N,Y,37.61801,-84.77123,5,2,6,1,1,2,2,N,721,728,,2023,O,0,0,0,0,0,0,0,0,0,,,
72886381,,,20230413,1338,N,Y,4.724,0,0,2,,N,Y,Y,37.63574,-84.77472,1,2,1,1,1,2,2,N,1339,1342,,2023,O,0,0,0,1,0,0,1,1,0,,,
72886897,,,20230407,1649,N,N,0.152,0,0,2,,Y,N,Y,37.64403,-84.77897,8,2,6,1,1,2,2,N,1651,1656,,2023,O,0,0,0,0,0,0,1,0,0,,,
72886898,,,20230413,1926,N,Y,2.298,0,0,2,,N,Y,Y,37.67735,-84.76406,8,1,3,1,1,2,2,N,1926,1935,,2023,O,0,0,0,1,0,0,0,1,0,,,
72886899,,,20230414,1541,N,Y,0.402,0,0,2,,N,N,Y,37.61698,-84.78173,4,14,6,1,1,2,2,N,1542,1548,,2023,O,0,0,0,1,0,0,0,1,0,,,
72886993,,,20230414,2108,N,Y,3.376,0,0,2,,N,N,Y,37.61643,-84.77462,8,8,6,1,1,2,7,N,2105,2108,,2023,O,0,0,0,0,0,0,0,1,0,,,
72887092,,,20230414,859,N,Y,0.237,0,0,2,,N,N,Y,37.64746,-84.77391,1,2,6,1,1,2,2,N,900,903,,2023,O,0,0,0,1,0,0,1,1,0,,,
72887109,,,20230414,1617,N,N,3.413,0,0,2,,N,N,Y,37.61699,-84.77464,8,2,6,1,1,2,2,N,1618,1624,,2023,O,0,0,1,0,0,0,1,0,0,,,
72887124,,,20230414,1635,N,N,0.334,0,0,3,,N,N,Y,37.6169,-84.78052,5,2,6,1,1,2,2,N,1636,1638,,2023,O,0,0,1,1,0,0,0,1,0,,,
72887154,,,20230415,1017,N,N,0.084,0,0,2,,N,N,Y,37.61693,-84.77473,5,2,1,1,1,2,2,N,1018,1025,,2023,O,0,0,0,0,0,0,1,0,0,,,
72887909,,,20230417,1320,N,N,4.814,0,0,2,,N,Y,Y,37.63745,-84.77481,8,2,4,1,1,2,2,N,1320,1321,,2023,O,0,1,0,1,0,0,1,0,0,,,
72887910,,,20230417,1315,N,Y,0.177,0,0,2,,N,N,Y,37.61799,-84.77141,5,4,6,1,1,2,2,N,1315,1320,,2023,O,0,0,0,0,0,0,1,1,0,,,
72888062,,,20230417,1519,N,N,12.307,0,0,2,,N,N,Y,37.64854,-84.80336,5,3,6,1,1,2,2,N,1519,1529,,2023,O,0,0,0,1,0,0,1,0,0,,,
72888063,,,20230417,1828,N,N,6.224,0,0,1,,N,N,Y,37.64992,-84.78271,9,2,6,1,1,2,2,N,1828,1830,,2023,O,0,0,1,0,0,0,1,0,0,,,
72888079,,,20230417,1541,N,Y,3.376,0,0,2,,N,N,Y,37.61643,-84.77442,1,2,6,1,1,2,2,N,1541,1544,,2023,O,0,0,0,0,0,0,1,1,0,,,
72888225,,,20230417,1259,N,N,5.759,0,0,2,,N,N,Y,37.6463,-84.7795,5,2,6,1,1,2,2,N,1259,1303,,2023,O,0,0,0,0,0,0,1,1,0,,,
72888500,,,20230414,2111,N,Y,4.908,0,0,2,,N,N,Y,37.63876,-84.7747,1,2,6,1,1,2,5,N,2111,2118,,2023,O,0,0,0,0,0,0,1,1,0,,,
72888525,,,20230418,2151,N,N,12.306,0,0,2,,N,N,Y,37.64855,-84.80338,5,4,6,1,1,2,5,N,2200,2200,,2023,O,0,0,0,0,0,0,1,0,0,,,
72888642,,,20230419,750,N,Y,6.187,0,0,2,,N,N,Y,37.65013,-84.78275,1,2,6,1,1,2,2,N,750,756,,2023,O,0,0,1,0,0,0,0,1,0,,,
72888985,,,20230420,455,N,Y,5.259,0,0,2,,N,N,Y,37.6436,-84.77267,5,2,6,1,1,2,5,N,458,500,,2023,O,0,0,0,0,0,0,0,0,0,,,
72889053,,,20230409,1017,N,N,1.311,0,0,2,,N,N,Y,37.62237,-84.79462,5,2,6,1,1,2,2,N,954,1005,,2023,O,0,0,0,0,0,0,0,0,0,,,
72889183,,,20230417,1346,N,Y,12.306,0,0,2,,N,N,Y,37.64844,-84.80332,5,2,6,1,1,2,2,N,1346,1347,,2023,O,0,0,0,1,0,0,0,0,0,,,
72889199,,,20230419,1104,N,Y,5.251,0,0,2,,N,Y,Y,37.64369,-84.77425,8,2,6,1,1,2,2,N,1106,1115,,2023,O,0,0,0,0,0,0,1,0,0,,,
72889220,,,20230420,1152,N,Y,0.177,0,0,2,,N,N,Y,37.61781,-84.77135,1,4,6,1,1,2,2,N,1152,1155,,2023,O,0,0,0,1,0,0,1,1,0,,,
72889311,,,20230420,1804,N,Y,0.115,0,0,2,,N,N,Y,37.61906,-84.77772,1,2,6,1,1,2,2,N,1805,1815,,2023,O,0,0,0,0,0,0,0,0,0,,,
72889445,,,20230421,649,N,Y,4.757,0,0,1,,N,N,Y,37.66784,-84.79163,9,2,4,1,1,2,1,N,651,700,,2023,O,0,0,0,0,0,0,0,0,0,,,
72889572,,,20230421,1144,N,N,0.598,0,0,2,,N,N,Y,37.65467,-84.77166,2,2,6,1,1,2,2,N,1147,1153,,2023,O,0,1,0,0,0,0,1,0,0,,,
72889778,,,20230421,1805,N,N,3.401,0,0,2,,N,N,Y,37.61682,-84.77444,5,2,4,1,1,3,2,N,1805,1808,,2023,O,0,0,0,0,0,0,1,0,0,,,
72889779,,,20230421,1910,N,N,3.64,1,0,2,,N,N,Y,37.62022,-84.77457,1,2,6,1,5,6,3,N,1910,1915,,2023,C,0,0,0,0,0,0,1,1,0,,,
72889811,,,20230421,1904,N,Y,3.086,1,0,2,,N,N,Y,37.66439,-84.743,5,2,6,1,5,6,2,N,1904,1910,,2023,B,0,0,1,0,0,0,1,0,0,,,
72890288,,,20230421,1120,N,Y,0.619,0,0,2,,N,N,Y,37.61659,-84.78571,4,4,6,1,1,3,2,N,1120,1130,,2023,O,0,0,0,1,0,0,0,1,0,,,
72890289,,,20230421,1026,N,Y,5.192,0,0,2,,N,N,Y,37.64297,-84.77431,4,2,6,1,1,3,2,N,1026,1031,,2023,O,0,0,0,0,0,0,0,1,0,,,
72890662,,,20230424,1443,N,Y,5.181,0,0,2,,N,N,Y,37.6424,-84.7728,1,2,6,1,1,2,2,N,1443,1445,,2023,O,0,0,0,0,0,0,1,0,0,,,
72890806,,,20230424,1546,N,N,3.382,0,0,2,,N,N,Y,37.61652,-84.77462,5,2,6,1,1,2,2,N,1546,1602,,2023,O,0,0,0,0,0,0,1,0,0,,,
72891261,,,20230425,2255,N,N,4.41,0,0,1,,N,Y,Y,37.66289,-84.79252,9,2,1,1,1,2,6,N,2255,1,,2023,O,0,0,0,0,0,0,0,0,0,,,
72891314,,,20230424,1356,N,Y,0.237,0,0,2,,N,N,Y,37.61723,-84.78175,1,2,6,1,1,2,2,N,1356,1405,,2023,O,0,0,0,0,0,0,1,1,0,,,
72892304,,,20230428,937,N,Y,4.914,0,0,2,,N,Y,Y,37.63884,-84.7747,8,2,4,1,1,3,2,N,937,937,,2023,O,0,0,0,1,0,0,0,0,0,,,
72892359,,,20230428,1114,N,N,3.515,0,0,2,,N,N,Y,37.61844,-84.77454,8,2,6,1,1,3,2,N,1114,1121,,2023,O,0,0,0,0,0,0,1,0,0,,,
72892726,,,20230427,1734,N,Y,5.519,0,0,2,,N,N,Y,37.64592,-84.77412,5,2,6,1,1,2,2,N,1736,1737,,2023,O,0,0,0,0,0,0,1,0,0,,,
72892930,,,20230427,1418,N,N,3.562,1,0,2,,N,N,Y,37.6191,-84.77461,8,3,6,1,1,3,2,Y,1418,1422,,2023,C,0,0,1,0,0,0,1,1,0,,,
72893107,,,20230430,1526,N,Y,0.631,1,0,2,,N,N,Y,37.61975,-84.76325,1,4,6,1,1,3,2,N,1527,1532,,2023,C,0,0,0,0,0,0,1,1,0,,,
72893290,,,20230426,1227,N,N,0.527,0,0,2,,N,N,Y,37.62854,-84.76518,5,2,6,1,1,2,2,N,1227,1230,,2023,O,0,0,0,0,0,0,0,0,0,,,
72894269,,,20230503,1950,N,N,4.906,0,0,1,,N,Y,Y,37.63873,-84.77471,9,2,4,1,1,2,3,N,1952,1956,,2023,O,0,0,0,0,0,0,0,0,0,,,
72894614,,,20230504,1217,N,N,5.126,0,0,2,,N,Y,Y,37.64193,-84.77444,8,2,4,1,1,2,2,N,1218,1220,,2023,O,0,0,0,0,0,0,1,0,0,,,
72894984,,,20230505,1449,N,N,0.499,0,0,2,,N,N,Y,37.63844,-84.77146,1,2,6,1,1,2,2,N,1451,1455,,2023,O,0,0,0,1,0,0,1,0,0,,,
72895335,,,20230505,1340,N,N,3.475,0,0,2,,N,N,Y,37.61784,-84.77447,8,2,6,1,1,2,2,N,1340,1345,,2023,O,0,0,0,0,0,0,1,0,0,,,
72895368,,,20230506,1513,N,N,0.047,0,0,2,,N,N,Y,37.61804,-84.77761,1,2,6,1,1,2,2,N,1509,1513,,2023,O,0,0,1,0,0,0,1,1,0,,,
72895657,,,20230503,1820,N,N,3.331,1,0,1,,N,N,Y,37.65053,-84.80326,9,4,6,1,1,2,2,Y,1820,1827,,2023,C,0,0,0,0,0,0,0,0,0,,,
72895807,,,20230507,1740,N,N,0.137,0,0,1,,N,N,Y,37.63277,-84.74944,9,2,4,1,5,3,2,N,1742,1748,,2023,O,0,0,1,0,0,0,0,0,0,,,
72895921,,,20230507,1424,N,N,3.517,1,0,2,,N,N,Y,37.61847,-84.77459,1,4,6,1,5,6,2,Y,1424,1430,,2023,C,0,0,1,1,0,0,1,1,0,,,
72896491,,,20230509,1250,N,Y,0.645,0,0,2,,N,N,Y,37.61989,-84.76315,5,4,6,1,1,3,2,N,1250,1257,,2023,O,0,0,0,1,0,0,1,1,0,,,
72896609,,,20230504,1811,N,N,4.505,0,0,1,,N,N,Y,37.63265,-84.77507,9,2,6,1,1,2,2,N,1814,1817,,2023,O,0,0,0,0,0,0,0,0,0,,,
72897429,,,20230511,748,N,N,0.274,0,0,2,,N,N,Y,37.64968,-84.78231,8,2,6,1,1,2,2,N,752,753,,2023,O,0,0,0,0,0,0,1,0,0,,,
72897452,,,20230511,1707,N,Y,13.892,0,0,2,,N,N,Y,37.6485,-84.76427,8,2,6,1,1,3,2,N,1707,1711,,2023,O,0,0,0,0,0,0,0,1,0,,,
72897576,,,20230511,1952,N,Y,5.976,0,0,2,,N,N,Y,37.64637,-84.78235,1,2,6,1,1,2,2,N,1954,1957,,2023,O,0,0,0,1,0,0,1,1,0,,,
72897720,,,20230512,1105,N,N,0.124,0,0,2,,N,N,Y,37.66386,-84.76994,2,2,4,1,1,3,2,N,1111,1119,,2023,O,0,0,0,0,0,0,1,0,0,,,
72897843,,,20230509,1308,N,N,5.366,0,0,2,,Y,Y,Y,37.64543,-84.77409,8,2,6,1,1,3,2,N,1309,1313,,2023,O,0,0,0,1,0,0,1,0,0,,,
72897956,,,20230511,1906,N,N,5.223,0,0,2,,N,N,Y,37.64328,-84.77429,1,2,6,1,1,2,2,N,1908,1913,,2023,O,0,0,0,0,0,0,1,0,0,,,
72898257,,,20230512,1453,N,Y,4.912,0,0,3,,N,N,Y,37.63881,-84.7747,1,2,6,1,5,6,2,N,1453,1456,,2023,O,0,0,1,0,0,0,1,0,0,,,
72898430,,,20230509,1612,N,Y,14.312,0,0,1,,N,N,Y,37.65248,-84.75816,9,2,4,1,1,2,2,N,1612,1618,,2023,O,0,0,0,1,0,0,1,0,0,,,
72898547,,,20230513,1930,N,Y,4.415,0,0,2,,N,N,Y,37.63135,-84.77489,1,4,6,1,1,2,2,N,1930,1933,,2023,O,0,0,1,1,0,0,1,1,0,,,
72898591,,,20230416,101,N,Y,13.599,0,1,2,,N,N,Y,37.64571,-84.77084,1,2,6,1,1,2,5,Y,105,142,,2023,K,0,0,0,0,0,0,0,1,1,,,
72898761,,,20230513,2357,N,Y,3.78,1,0,2,,N,N,Y,37.62226,-84.77463,1,4,6,1,1,2,5,N,2356,2356,,2023,B,0,0,0,0,0,0,0,1,1,,,
72898824,,,20230513,1327,N,Y,3.497,0,0,2,,N,N,Y,37.61819,-84.7747,5,8,4,1,1,2,2,N,1328,1336,,2023,O,0,0,0,0,0,0,1,0,0,,,
72898893,,,20230513,1933,N,N,3.546,0,0,3,,N,N,Y,37.61886,-84.77455,1,2,6,1,1,2,2,N,1933,1936,,2023,O,0,0,0,0,0,0,1,0,1,,,
72899048,,,20230515,1610,N,N,6.4,0,0,1,,Y,N,Y,37.65247,-84.78297,9,2,6,1,1,2,2,N,1814,1822,,2023,O,0,0,0,0,0,0,1,0,0,,,
72899436,,,20230516,1550,N,N,6.69,0,0,2,,N,N,Y,37.65667,-84.78349,5,2,6,1,5,6,2,N,1559,1603,,2023,O,0,0,1,0,0,0,0,0,0,,,
72899762,,,20230517,1123,N,N,3.752,1,0,2,,N,N,Y,37.62183,-84.7746,1,4,6,1,1,2,2,Y,1124,1125,,2023,C,0,0,0,0,0,0,0,1,0,,,
72899796,,,20230517,1209,N,Y,0.077,0,0,2,,N,N,Y,37.64186,-84.78242,2,2,6,1,1,2,2,N,1210,1216,,2023,O,0,0,1,0,0,0,1,1,0,,,
72899969,,,20230517,1726,N,N,3.747,1,0,2,,N,N,Y,37.65551,-84.79928,1,4,6,1,1,2,2,Y,1726,1732,,2023,B,0,0,0,0,0,0,1,1,0,,,
72900022,,,20230517,1515,N,N,0.165,0,0,2,,N,N,Y,37.62196,-84.7639,7,2,6,1,1,2,2,N,1515,1518,,2023,O,0,0,1,0,0,0,1,0,0,,,
72900192,,,20230516,820,N,N,0.196,0,0,2,,Y,N,Y,37.61982,-84.78053,8,1,6,1,1,3,2,N,822,831,,2023,O,0,0,0,0,0,0,0,0,0,,,
72900229,,,20230517,1645,N,Y,,0,0,2,,N,N,Y,37.67724,-84.79087,5,2,6,1,1,2,2,Y,1748,1754,,2023,O,0,0,0,0,0,0,1,0,0,,,
72900405,,,20230518,1940,N,Y,0.078,0,0,2,,N,N,Y,37.64886,-84.77051,5,2,6,1,1,3,2,Y,1943,1945,,2023,O,0,0,0,0,0,0,1,0,1,,,