MasterFile,Mode,Disadvantaged_Com_ID,CollisionDate,CollisionTime,ParkingLotIndicator,IntersectionWith_Indicator_,Milepoint,NumberInjured,NumberKilled,ofUnits,ofMotorVeh,Hit_RunIndicator,OneWayIndicator,InCityLimitsIndicator,Latitude,Longitude,MannerofCollisionCode,TotalLanes,RoadwayCharacterCode,RoadwaySurfaceCode,RoadwayConditionCode,WeatherCode,LightConditionCode,FirstAidSceneIndicator,TimeNotified,TimeArrived,MedianCros,YR,KABCO,Motorcyclist,Commercial Vehicle,Young Driver,Mature Driver,Pedestrian,Bicyclist,Distracted,Aggressive,Impaired,Unrestrained,Roadway Departure,Median Cross-over
72960042,,,20231014,1133,N,Y,5.196,0,0,2,,N,N,Y,37.64291,-84.77435,8,2,6,1,1,2,2,N,1134,1138,,2023,O,0,0,0,0,0,0,0,1,0,,,
72960141,,,20231017,1527,N,Y,1.779,0,0,2,,N,N,Y,37.62867,-84.79749,5,24,6,1,1,3,2,N,1527,1527,,2023,O,0,0,1,0,0,0,0,0,0,,,
72960399,,,20231016,702,N,Y,1.225,0,0,2,,N,N,Y,37.62121,-84.79411,5,4,1,1,5,6,6,N,702,708,,2023,O,0,0,0,0,0,0,0,0,0,,,
72960466,,,20231017,1205,N,N,5.043,0,0,2,,N,Y,Y,37.64073,-84.77453,8,2,4,1,1,2,2,N,1205,1208,,2023,O,0,0,0,0,0,0,1,0,0,,,
72960563,,,20231016,758,N,Y,12.209,0,0,2,,N,N,Y,37.64852,-84.80515,5,2,6,1,5,3,2,N,800,804,,2023,O,0,0,0,1,0,0,1,0,0,,,
72960564,,,20231018,1106,N,N,5.209,0,0,2,,N,Y,Y,37.64307,-84.77432,1,2,6,1,1,2,2,N,1108,1115,,2023,O,0,0,0,1,0,0,1,1,0,,,
72960632,,,20231018,1243,N,Y,0.085,0,0,2,,N,N,Y,37.61621,-84.77708,1,2,4,1,1,2,2,N,1245,1249,,2023,O,0,0,0,0,0,0,1,1,0,,,
72961012,,,20231018,2009,N,N,0.333,0,0,2,,N,N,Y,37.63969,-84.77155,7,2,6,1,1,2,3,N,2011,2015,,2023,O,0,0,0,0,0,0,1,0,0,,,
72961172,,,20231019,1659,N,N,12.276,1,0,3,,N,N,Y,37.64857,-84.80393,5,2,6,1,5,6,2,Y,1702,1707,,2023,C,0,0,1,0,0,0,1,0,0,,,
72961248,,,20231019,1751,N,N,2.273,0,0,2,,N,N,Y,37.67706,-84.76421,8,2,3,1,1,2,2,N,1751,1751,,2023,O,0,0,0,0,0,0,1,0,0,,,
72961415,,,20231019,732,N,Y,3.388,0,0,1,,N,N,Y,37.61662,-84.77465,9,2,1,1,1,3,1,N,732,739,,2023,O,0,0,1,0,0,0,0,0,0,,,
72961737,,,20231020,1604,N,Y,3.197,0,0,2,,N,N,Y,37.64857,-84.80319,5,2,6,1,1,2,2,N,1604,1606,,2023,O,0,0,0,0,0,0,1,1,0,,,
72961989,,,20231020,1626,N,Y,0.411,1,0,2,,N,N,Y,37.65182,-84.77187,8,2,6,1,1,2,2,Y,1626,1631,,2023,C,0,0,0,0,0,0,1,0,0,,,
72962451,,,20231021,2103,N,Y,14.315,0,0,1,,N,N,Y,37.6525,-84.75821,9,2,6,1,1,2,5,N,2106,2114,,2023,O,0,0,0,0,0,0,0,0,0,,,
72963458,,,20231022,1240,N,Y,0.179,0,0,2,,N,N,Y,37.61781,-84.77139,8,4,6,1,1,2,2,N,1241,1248,,2023,O,0,0,0,1,0,0,1,1,0,,,
72963750,,,20231020,1624,N,N,0.036,0,0,2,,N,N,Y,37.64519,-84.77085,5,2,6,1,1,2,2,N,1622,1637,,2023,O,0,0,0,0,0,0,1,0,0,,,
72964345,,,20231026,1553,N,N,0.213,1,0,3,,N,Y,Y,37.61711,-84.7783,5,2,6,1,1,2,2,Y,1605,1607,,2023,B,0,0,1,0,0,0,1,1,0,,,
72965174,,,20231027,1714,N,Y,0.153,0,0,2,,N,N,Y,37.6435,-84.77105,1,4,6,1,1,3,2,N,1715,1715,,2023,O,0,0,0,0,0,0,1,1,0,,,
72965214,,,20231027,1930,N,Y,12.21,0,0,2,,N,N,Y,37.64853,-84.80514,1,2,6,1,1,2,5,N,1930,1937,,2023,O,0,0,1,0,0,0,0,1,0,,,
72965257,,,20231028,1430,N,Y,0.112,0,0,2,,N,N,Y,37.61655,-84.77237,1,2,6,1,1,2,2,N,1430,1438,,2023,O,0,0,0,1,0,0,1,1,0,,,
72965270,,,20231028,1637,N,Y,0.102,0,0,2,,N,N,Y,37.61668,-84.77466,5,2,6,1,1,2,2,N,1637,1642,,2023,O,0,0,0,0,0,0,1,1,0,,,
72965363,,,20231028,2228,N,N,0.103,1,0,2,,N,N,Y,37.62516,-84.76648,3,2,6,1,1,2,6,Y,2228,2233,,2023,C,0,0,0,0,0,0,1,0,0,,,
72965651,,,20231029,2055,N,N,14.049,0,0,1,,N,N,Y,37.64996,-84.76205,9,2,6,1,5,6,6,N,2057,2105,,2023,O,0,0,0,0,0,0,0,0,0,,,
72966448,,,20231030,1414,N,Y,2.932,0,0,2,,N,N,Y,37.64477,-84.80274,4,4,6,1,5,3,2,N,1414,1416,,2023,O,0,0,1,1,0,0,1,1,0,,,
72966449,,,20231031,651,N,N,5.383,0,0,2,,N,N,Y,37.64575,-84.77405,8,2,6,1,1,2,5,N,653,707,,2023,O,0,0,1,0,0,0,0,1,0,,,
72966455,,,20231025,1705,N,Y,3.197,2,0,3,,N,N,Y,37.64857,-84.80318,1,24,6,1,1,2,2,Y,1705,1710,,2023,C,0,0,0,1,0,0,0,1,0,,,
72967208,,,20231101,2007,N,N,0.16,0,0,2,,N,N,Y,37.64794,-84.76945,7,2,6,1,1,2,6,N,2007,2009,,2023,O,0,0,0,1,0,0,1,0,0,,,
72967391,,,20231102,745,N,N,11.756,1,0,3,,N,N,Y,37.64822,-84.81348,5,2,6,1,1,2,1,N,746,752,,2023,B,0,0,1,0,0,0,1,0,0,,,
72967677,,,20231031,821,N,N,5.18,0,0,2,,N,N,Y,37.64238,-84.77285,8,2,6,1,1,2,2,N,831,831,,2023,O,0,0,0,0,0,0,0,0,0,,,
72967782,,,20231102,608,N,Y,,0,0,2,,N,N,Y,37.61764,-84.77446,7,8,6,1,1,2,5,N,608,614,,2023,O,0,0,0,0,0,0,1,1,0,,,
72967848,,,20231102,1303,N,N,13.644,1,0,2,,N,N,Y,37.64566,-84.77007,9,2,4,1,1,2,2,Y,1303,1307,,2023,B,0,0,0,0,1,0,1,0,0,,,
72968405,,,20231104,1023,N,Y,12.316,0,0,2,,N,N,Y,37.64856,-84.8032,5,2,6,1,1,3,2,N,1023,1030,,2023,O,0,0,0,1,0,0,1,0,0,,,
72968735,,,20231031,1056,N,Y,0.249,0,0,2,,N,N,Y,37.64969,-84.78259,5,2,4,1,1,2,2,N,1057,1101,,2023,O,0,0,0,1,0,0,1,0,0,,,
72968736,,,20231031,1230,N,Y,0.83,0,0,2,,N,N,Y,37.64891,-84.7722,7,2,6,1,1,2,2,N,1231,1237,,2023,O,0,1,0,0,0,0,0,0,0,,,
72968737,,,20231031,1311,N,Y,5.122,1,0,2,,N,N,Y,37.64198,-84.77438,8,2,6,1,1,3,2,Y,1312,1315,,2023,C,0,0,0,0,0,0,0,1,0,,,
72968964,,,20231104,1855,N,Y,,0,0,2,,N,N,Y,37.66488,-84.76788,3,2,6,1,1,2,6,N,1855,1857,,2023,O,0,0,0,1,0,0,0,0,0,,,
72969272,,,20231106,1338,N,N,1.223,0,0,2,,N,N,Y,37.6212,-84.79408,5,4,4,1,1,2,2,N,1340,1344,,2023,O,0,0,1,0,0,0,1,0,0,,,
72969393,,,20231106,1951,N,Y,,0,0,2,,N,N,Y,37.64852,-84.80514,7,3,6,1,1,2,6,N,1951,1951,,2023,O,0,0,0,0,0,0,1,0,0,,,
72969564,,,20231106,1512,N,N,1.168,0,0,2,,N,N,Y,37.62075,-84.7536,5,4,6,1,1,2,2,N,1512,1515,,2023,O,0,0,1,1,0,0,1,1,0,,,
72969711,,,20231103,1539,N,Y,3.078,0,0,2,,N,N,Y,37.66436,-84.74303,5,2,6,1,1,2,2,N,1541,1550,,2023,O,0,0,1,0,0,0,1,0,0,,,
72969903,,,20231107,1445,N,Y,4.211,0,0,2,,N,N,Y,37.62845,-84.77476,5,17,5,1,1,3,2,N,1445,1448,,2023,O,0,0,0,0,0,0,0,1,0,,,
72969904,,,20231107,1754,N,Y,0.122,0,0,1,,N,N,Y,37.63388,-84.77414,9,2,6,1,1,2,5,N,1754,1756,,2023,O,0,0,0,1,0,0,0,0,0,,,
72970211,,,20231108,1534,N,Y,5.259,0,0,2,,N,Y,Y,37.6436,-84.77266,1,2,6,1,1,2,2,N,1534,1537,,2023,O,0,0,0,0,0,0,1,0,0,,,
72970399,,,20231108,543,N,Y,0.059,1,0,2,,N,N,Y,37.64936,-84.80503,9,2,6,1,1,2,7,Y,544,547,,2023,A,0,0,0,0,0,1,0,0,0,,,
72970678,,,20231106,926,N,Y,8.212,1,0,2,,N,N,Y,37.67726,-84.79088,4,2,6,1,1,2,2,Y,928,933,,2023,C,0,0,0,0,0,0,0,1,0,,,
72970836,,,20231109,1836,N,N,1.793,0,0,2,,N,N,Y,37.62885,-84.79758,6,22,6,1,1,2,7,N,1836,1841,,2023,O,0,0,0,0,0,0,1,0,0,,,
72971071,,,20231109,1546,N,Y,0.787,0,0,2,,N,N,Y,37.62092,-84.75305,5,2,4,1,1,3,2,N,1546,1555,,2023,O,0,0,0,0,0,0,1,0,0,,,
72971087,,,20231110,653,N,Y,5.326,0,0,2,,N,N,Y,37.64485,-84.77425,1,2,6,1,5,6,5,N,659,659,,2023,O,0,0,0,0,0,0,1,1,0,,,
72971115,,,20231110,1018,N,Y,0.638,0,0,2,,N,N,Y,37.61987,-84.76328,1,5,6,1,5,3,2,N,1020,1031,,2023,O,0,0,0,1,0,0,1,1,0,,,
72971204,,,20231110,1040,N,N,5.435,0,0,2,,N,N,Y,37.64585,-84.77287,8,2,6,1,1,2,2,N,1037,1040,,2023,O,0,0,0,0,0,0,1,1,0,,,
72971759,,,20231110,1943,N,N,0.183,0,0,2,,Y,Y,Y,37.61733,-84.77778,7,,6,1,1,2,5,N,1809,1814,,2023,O,0,0,0,1,0,0,0,0,1,,,
72972035,,,20231112,1748,N,Y,11.872,0,0,2,,N,N,Y,37.6483,-84.81142,5,2,6,1,1,2,6,N,1748,1755,,2023,O,0,0,1,1,0,0,1,0,0,,,
72972111,,,20231108,929,N,Y,3.193,0,0,2,,N,N,Y,37.64852,-84.80293,5,4,6,1,1,2,2,N,913,921,,2023,O,0,1,0,1,0,0,1,0,0,,,
72972593,,,20231109,1828,N,N,12.324,0,0,1,,N,N,Y,37.6294,-84.79684,9,2,6,1,1,2,5,N,1833,1833,,2023,O,0,0,0,0,0,0,0,0,0,,,
72972669,,,20231113,1848,N,N,0.098,0,0,2,,Y,N,Y,37.64404,-84.76177,8,,6,1,1,2,6,N,1850,1853,,2023,O,0,0,0,0,0,0,0,0,0,,,
72973335,,,20231107,1128,N,Y,0.077,0,0,2,,N,N,Y,37.64456,-84.77094,4,2,6,1,1,2,2,N,1129,1133,,2023,O,0,0,0,1,0,0,1,0,0,,,
72973806,,,20231116,1219,N,N,3.995,0,0,2,,N,N,Y,37.62566,-84.77467,8,4,6,1,1,2,2,N,1224,1229,,2023,O,0,0,1,0,0,0,0,0,0,,,
72974080,,,20231116,1713,N,Y,4.406,0,0,2,,N,N,Y,37.63123,-84.77488,1,2,6,1,1,2,2,N,1713,1720,,2023,O,0,0,0,1,0,0,1,0,0,,,
72974123,,,20231115,1637,N,N,4.383,0,0,2,,N,N,Y,37.63089,-84.77486,8,2,6,1,1,2,3,N,1638,1643,,2023,O,0,0,1,0,0,0,1,0,0,,,
72974124,,,20231116,1514,N,N,0.091,0,0,2,,N,N,Y,37.64439,-84.77097,1,2,6,1,1,2,2,N,1514,1520,,2023,O,0,0,0,0,0,0,1,0,0,,,
72974125,,,20231113,1616,N,N,3.04,0,0,3,,N,N,Y,37.64629,-84.80283,5,2,6,1,1,2,2,N,1616,1616,,2023,O,0,0,0,0,0,0,1,0,0,,,
72974130,,,20231116,615,N,N,14.551,0,0,1,,N,N,Y,37.65425,-84.75466,9,2,6,1,1,2,1,N,617,617,,2023,O,0,0,0,0,0,0,0,0,0,,,
72974779,,,20231115,1340,N,Y,4.965,0,0,2,,N,Y,Y,37.63965,-84.77463,8,2,6,1,1,2,2,N,1340,1340,,2023,O,0,0,0,1,0,0,1,0,0,,,
72974782,,,20231117,1809,N,Y,3.375,0,0,2,,N,N,Y,37.61643,-84.77441,1,2,6,1,5,6,5,N,1812,1815,,2023,O,0,0,0,0,0,0,1,0,0,,,
72974792,,,20231118,951,N,Y,0.157,0,0,2,,N,N,Y,37.61717,-84.77751,1,4,6,1,1,2,2,N,952,954,,2023,O,0,0,0,1,0,0,1,1,0,,,
72974887,,,20231118,1324,N,Y,0.167,0,0,2,,N,N,Y,37.62063,-84.78061,7,2,4,1,1,2,2,N,1324,1336,,2023,O,0,0,0,1,0,0,1,0,0,,,
72975326,,,20231117,1614,N,N,0.299,0,0,2,,N,N,Y,37.61697,-84.77988,5,2,6,1,5,3,2,N,1614,1614,,2023,O,0,0,0,1,0,0,0,0,0,,,
72975391,,,20231117,1747,N,N,4.175,1,0,2,,N,N,Y,37.62787,-84.77478,9,2,6,1,1,2,5,Y,1747,1749,,2023,B,0,0,0,1,0,1,1,0,0,,,
72975422,,,20231118,1738,N,Y,5.969,0,0,2,,N,N,Y,37.6464,-84.78217,4,2,6,1,1,2,3,N,1740,1742,,2023,O,0,0,1,0,0,0,0,1,0,,,
72976081,,,20231117,816,N,Y,12.206,0,0,2,,N,N,Y,37.64851,-84.80521,5,2,6,1,1,3,2,N,806,808,,2023,O,0,0,0,0,0,0,1,0,0,,,
72976085,,,20231117,1242,N,Y,5.331,2,0,2,,N,N,Y,37.64479,-84.77416,4,2,6,1,1,2,2,Y,1244,1250,,2023,B,0,0,0,0,0,0,0,1,0,,,
72976304,,,20231120,1910,N,Y,4.213,0,0,2,,N,N,Y,37.62842,-84.77479,1,2,6,1,1,2,5,N,1910,1911,,2023,O,0,0,0,0,0,0,0,1,0,,,
72976333,,,20231117,1755,N,N,4.196,0,0,2,,N,N,Y,37.62818,-84.77481,5,2,6,1,5,6,5,N,1755,1755,,2023,O,0,0,1,0,0,0,0,1,0,,,
72976573,,,20231121,1322,N,N,5.007,1,0,2,,N,N,Y,37.64051,-84.77455,1,2,4,1,5,3,2,Y,1323,1327,,2023,B,0,0,0,0,0,0,1,1,0,,,
72976750,,,20231122,1528,N,N,0.108,0,0,2,,N,N,Y,37.61743,-84.77642,6,4,6,1,1,3,2,N,1528,1536,,2023,O,0,0,0,1,0,0,0,1,0,,,
72976894,,,20231122,1639,N,Y,4.938,0,0,2,,N,N,Y,37.63866,-84.7732,1,2,6,1,1,3,2,N,1639,1644,,2023,O,0,0,0,0,0,0,1,0,0,,,
72977157,,,20231122,1826,N,Y,0.322,0,1,2,,N,N,Y,37.6184,-84.76881,9,2,6,1,1,2,4,Y,1827,1831,,2023,K,0,0,0,0,1,0,0,0,0,,,
72977158,,,20231122,1734,N,N,0.002,0,0,2,,N,N,Y,37.617,-84.78176,1,2,6,1,1,2,5,N,1734,1746,,2023,O,0,0,0,0,0,0,0,1,0,,,
72977185,,,20231123,619,N,N,0.647,0,0,1,,N,N,Y,37.61657,-84.78621,9,4,6,1,1,2,6,N,620,625,,2023,O,0,0,0,0,0,0,0,0,0,,,
72977373,,,20231124,1201,N,N,13.659,1,0,2,,N,N,Y,37.64564,-84.76979,9,2,4,1,1,2,2,Y,1203,1207,,2023,A,0,0,0,0,1,0,0,0,0,,,
72977466,,,20231124,1934,N,N,4.233,0,0,1,,N,N,Y,37.62871,-84.7748,9,2,6,1,1,2,6,N,1936,1939,,2023,O,0,0,0,0,0,0,1,0,1,,,
72977467,,,20231124,1556,N,Y,5.332,0,0,2,,N,N,Y,37.6448,-84.77415,8,2,6,1,1,2,2,N,1559,1559,,2023,O,0,0,0,1,0,0,1,1,0,,,
72977621,,,20231125,1420,N,Y,0.217,0,0,1,,N,N,Y,37.61985,-84.78036,9,2,4,1,1,2,2,N,1423,1430,,2023,O,0,0,0,0,0,0,1,0,0,,,
72978529,,,20231121,1543,N,Y,0.169,0,0,2,,N,N,Y,37.61717,-84.77751,5,3,6,1,5,6,2,N,1545,1554,,2023,O,0,0,1,0,0,0,0,1,0,,,
72978947,,,20231121,714,N,Y,3.373,0,0,2,,Y,N,Y,37.61646,-84.77439,1,2,6,1,5,6,2,N,714,723,,2023,O,0,0,0,0,0,0,0,1,0,,,
72979349,,,20231124,1243,N,Y,4.943,0,0,2,,N,N,Y,37.63871,-84.77315,1,2,6,1,1,2,2,N,1236,1237,,2023,O,0,0,1,0,0,0,1,1,0,,,
72979828,,,20231129,2306,N,N,6.251,0,0,1,,N,N,Y,37.65031,-84.78271,9,2,6,1,1,2,5,N,2307,2309,,2023,O,0,0,0,0,0,0,0,0,1,,,
72979830,,,20231130,1613,N,Y,12.317,0,0,2,,N,N,Y,37.64856,-84.80319,5,2,6,1,1,2,2,N,1557,1605,,2023,O,0,0,0,0,0,0,1,0,0,,,
72979851,,,20231125,1946,N,N,5.46,0,0,2,,Y,N,Y,37.64586,-84.77319,8,2,6,1,1,2,5,N,1946,1949,,2023,O,0,0,0,0,0,0,1,0,0,,,
72979882,,,20231130,1805,N,N,1.044,0,0,1,,N,N,Y,37.62065,-84.75587,9,4,3,1,1,2,6,N,1753,1801,,2023,O,0,0,0,0,0,0,0,0,0,,,
72979912,,,20231201,456,N,N,0.296,0,0,1,,N,N,Y,37.65201,-84.75195,9,2,1,1,5,6,6,N,506,510,,2023,O,0,0,0,0,0,0,0,0,0,,,
72979928,,,20231130,700,N,N,0.025,0,0,2,,Y,N,Y,37.64629,-84.7486,5,2,6,1,1,2,2,N,1259,1304,,2023,O,0,0,0,0,0,0,0,0,0,,,
72980222,,,20231201,1606,N,N,1.633,0,0,2,,N,N,Y,37.62769,-84.79703,8,2,6,1,5,3,2,N,1606,1612,,2023,O,0,0,1,0,0,0,1,0,0,,,
72981123,,,20231202,1614,N,N,0.282,0,0,2,,N,N,Y,37.65019,-84.77666,2,1,6,1,5,3,2,N,1617,1619,,2023,O,0,0,0,0,0,0,1,0,0,,,
72981124,,,20231201,658,N,Y,0.005,0,0,2,,N,N,Y,37.61691,-84.79857,1,2,6,1,5,6,1,N,709,709,,2023,O,0,0,0,0,0,0,1,0,0,,,
72981472,,,20231204,1220,N,N,4.365,0,0,2,,N,N,Y,37.63063,-84.77483,5,5,6,1,5,3,2,N,1220,1225,,2023,O,0,0,0,0,0,0,1,0,0,,,
72981939,,,20231203,1048,N,N,5.7,0,0,2,,N,N,Y,37.64613,-84.77724,8,2,6,1,1,3,2,N,1050,1056,,2023,O,0,0,0,0,0,0,1,0,0,,,
72982025,,,20231205,1011,N,Y,4.423,0,0,2,,N,N,Y,37.63146,-84.77493,5,2,6,1,1,2,2,N,1011,1018,,2023,O,0,0,0,0,0,0,0,0,0,,,
72982026,,,20231205,1042,N,N,0.901,0,0,1,,N,N,Y,37.62038,-84.75847,9,4,6,1,1,2,2,N,1042,1052,,2023,O,0,0,0,0,0,0,0,0,0,,,
72982049,,,20231205,1330,N,N,0.938,0,0,1,,N,N,Y,37.62046,-84.75781,9,4,6,1,1,2,2,N,1330,1338,,2023,O,0,0,0,1,0,0,0,0,0,,,
72982160,,,20231203,1118,N,Y,0.239,0,0,2,,N,N,Y,37.61722,-84.78178,1,2,6,1,5,3,2,N,1114,1114,,2023,O,0,0,0,0,0,0,1,0,0,,,
72982350,,,20231206,729,N,Y,0.355,0,0,1,,N,N,Y,37.64953,-84.80481,9,2,3,1,5,3,1,N,729,735,,2023,O,0,0,0,0,0,0,0,0,0,,,
72982422,,,20231202,1752,N,N,0.346,0,0,2,,N,N,Y,37.61686,-84.78072,5,4,6,1,5,6,6,N,1753,1757,,2023,O,0,0,0,0,0,0,1,0,0,,,
72982423,,,20231202,1551,N,Y,0.001,0,0,2,,Y,N,Y,37.64945,-84.77914,7,2,4,1,1,3,2,N,1542,1551,,2023,O,0,0,0,0,0,0,1,0,0,,,
72982648,,,20231205,1859,N,N,4.264,0,0,2,,N,N,Y,37.62915,-84.77482,8,2,6,1,1,2,5,N,1900,1913,,2023,O,0,0,0,1,0,0,0,1,0,,,
72983004,,,20231205,1829,N,N,0.046,0,0,3,,N,N,Y,37.65149,-84.77768,8,2,6,1,1,2,7,N,1829,1832,,2023,O,0,0,0,0,0,0,1,0,0,,,
72983669,,,20231209,908,N,N,0.401,2,0,1,,N,N,Y,37.61727,-84.77861,9,5,6,1,5,3,2,Y,911,913,,2023,B,0,0,0,1,0,0,0,0,0,,,
72983792,,,20231209,1757,N,Y,12.208,0,0,2,,N,N,Y,37.64855,-84.80512,1,2,6,1,5,3,5,N,1759,1806,,2023,O,0,0,1,0,0,0,1,1,0,,,
72984112,,,20231208,1534,N,N,0.236,0,0,2,,N,N,Y,37.6543,-84.8045,8,2,6,1,1,2,2,N,1534,1537,,2023,O,0,0,0,1,0,0,0,1,0,,,
72984354,,,20231203,1601,N,Y,5.25,0,0,2,,N,Y,Y,37.64373,-84.77429,8,2,5,1,1,2,2,N,1601,1601,,2023,O,0,0,1,1,0,0,0,0,0,,,
72984355,,,20231208,1554,N,Y,0.397,0,0,2,,N,N,Y,37.61683,-84.78178,5,4,6,1,1,3,2,N,1554,1559,,2023,O,0,0,1,1,0,0,1,0,0,,,
72984506,,,20231211,1642,N,Y,0.001,0,0,1,,N,N,Y,37.61467,-84.77448,9,2,6,1,1,2,2,N,1643,1647,,2023,O,0,0,0,1,0,0,1,0,0,,,
72985120,,,20231213,710,N,Y,0.169,1,0,2,,N,N,Y,37.61717,-84.77752,1,5,6,1,1,2,1,Y,711,715,,2023,B,0,0,0,1,0,0,0,1,0,,,
72985220,,,20231213,1306,N,Y,3.627,0,0,2,,N,N,Y,37.62003,-84.77457,1,5,6,1,1,2,2,N,1306,1313,,2023,O,0,0,1,1,0,0,1,1,0,,,
72985256,,,20231205,919,N,Y,0.175,1,0,2,,N,N,Y,37.64711,-84.7696,9,2,6,1,1,2,2,Y,921,925,,2023,C,0,0,0,0,0,1,1,1,0,,,
72985593,,,20231214,647,N,Y,0.205,0,0,2,,N,N,Y,37.61675,-84.77076,1,2,5,1,1,2,1,N,649,654,,2023,O,0,0,0,0,0,0,1,1,0,,,
72985747,,,20231213,1801,N,Y,0.003,0,0,2,,N,N,Y,37.61471,-84.77443,2,2,4,1,1,2,2,N,1804,1805,,2023,O,0,0,0,1,0,0,0,0,0,,,
72986346,,,20231215,1928,N,N,1.735,0,0,1,,N,N,Y,37.67619,-84.7596,9,2,3,1,1,2,6,N,1940,1943,,2023,O,0,0,0,0,0,0,0,0,0,,,
72986936,,,20231216,1959,N,Y,0.338,0,0,2,,N,N,Y,37.6435,-84.77107,1,2,6,1,1,3,6,N,2001,2007,,2023,O,0,0,0,0,0,0,0,1,0,,,
72987161,,,20231218,822,N,Y,0.035,0,0,2,,N,N,Y,37.62118,-84.75291,5,3,6,1,1,3,2,N,823,832,,2023,O,0,0,0,0,0,0,1,0,0,,,
72987204,,,20231215,1110,N,N,3.603,0,0,2,,N,N,Y,37.61969,-84.77458,1,4,6,1,1,2,2,N,1111,1118,,2023,O,0,0,0,1,0,0,0,1,0,,,
72987461,,,20231215,1619,N,Y,3.517,3,0,2,,N,N,Y,37.61847,-84.77459,1,5,6,1,1,2,6,Y,1619,1622,,2023,B,0,0,1,1,0,0,0,1,0,,,
72987935,,,20231219,2006,N,Y,0.001,0,0,2,,N,N,Y,37.64593,-84.77405,3,2,6,1,1,2,5,N,2006,2007,,2023,O,0,0,1,1,0,0,1,1,0,,,
72988451,,,20231220,1721,N,Y,0.166,0,0,2,,N,N,Y,37.6174,-84.77751,5,2,6,1,1,2,3,N,1721,1728,,2023,O,0,0,0,0,0,0,0,1,0,,,
72988452,,,20231218,1440,N,Y,0.102,0,0,2,,N,Y,Y,37.61668,-84.77466,5,1,3,1,1,2,2,N,1439,1447,,2023,O,0,0,0,0,0,0,1,0,0,,,
72988648,,,20231218,957,N,Y,0.013,2,0,2,,N,N,Y,37.61716,-84.77751,3,2,6,1,1,3,2,Y,959,1000,,2023,C,0,0,0,1,0,0,0,0,0,,,
72988970,,,20231219,1333,N,Y,5.524,0,0,1,,N,N,Y,37.64593,-84.77403,9,2,6,1,1,2,2,N,1334,1348,,2023,O,0,1,0,0,0,0,1,0,0,,,
72989698,,,20231224,1610,N,Y,5.396,0,0,2,,N,Y,Y,37.64573,-84.77249,5,2,6,1,1,2,2,N,1610,1614,,2023,O,0,0,0,0,0,0,1,1,0,,,
72989770,,,20231221,1422,N,N,3.72,1,0,2,,N,N,Y,37.62137,-84.77457,1,2,6,1,1,2,2,Y,1422,1423,,2023,B,0,0,0,0,0,0,1,1,0,,,
72989784,,,20231221,1723,N,N,3.464,0,0,3,,N,N,Y,37.61772,-84.77464,8,2,6,1,1,2,2,N,1721,1723,,2023,O,0,0,1,0,0,0,1,0,0,,,
72990341,,,20231226,1423,N,Y,0.724,0,0,2,,N,N,Y,37.64908,-84.77415,7,2,6,1,5,6,2,N,1423,1428,,2023,O,0,0,0,0,0,0,0,0,0,,,
72990351,,,20231226,750,N,N,5.323,0,0,1,,N,N,Y,37.64481,-84.77254,9,1,6,2,1,2,2,N,1600,1600,,2023,O,0,0,0,0,0,0,0,0,0,,,
72990353,,,20231226,1949,N,Y,3.39,0,0,2,,N,N,Y,37.61665,-84.77463,8,5,3,1,1,2,2,N,1949,1955,,2023,O,0,0,0,0,0,0,1,1,0,,,
72990425,,,20231226,459,N,N,2.266,0,0,1,,N,N,Y,37.67697,-84.76428,9,2,3,1,5,10,5,N,459,505,,2023,O,0,0,1,0,0,0,0,1,1,,,
72991202,,,20231229,1230,N,Y,0.846,0,0,2,,N,N,Y,37.61696,-84.78985,5,6,6,1,5,9,2,N,1220,1224,,2023,O,0,0,1,0,0,0,1,1,0,,,
72991687,,,20231230,1756,N,Y,3.634,0,0,2,,N,N,Y,37.62075,-84.77455,1,5,6,1,1,3,5,N,1748,1748,,2023,O,0,0,0,0,0,0,0,1,0,,,
72992236,,,20231226,1535,N,N,4.895,0,0,2,,N,N,Y,37.63859,-84.77464,8,2,6,1,1,3,2,N,1537,1540,,2023,O,0,0,0,0,0,0,0,0,0,,,
72992237,,,20231231,1236,N,Y,4.911,0,0,2,,N,N,Y,37.63881,-84.77468,1,2,6,1,1,2,2,N,1238,1239,,2023,O,0,0,0,1,0,0,0,1,0,,,
72992623,,,20231230,1724,N,Y,1.194,0,0,2,,N,N,Y,37.62077,-84.7531,5,2,6,1,1,2,2,N,1724,1724,,2023,O,0,0,1,0,0,0,1,1,0,,,
72993001,,,20231226,1745,N,Y,1.196,0,0,2,,N,N,Y,37.62093,-84.75306,1,6,6,1,1,2,7,N,1745,1753,,2023,O,0,0,0,1,0,0,0,1,0,,,
73005371,,,20230203,1057,N,N,0.072,0,0,2,,N,N,Y,37.61707,-84.77489,5,1,1,1,1,2,2,N,1059,1100,,2023,O,0,0,0,0,0,0,1,0,0,,,